#
# There is insufficient memory for the Java Runtime Environment to continue.
# Native memory allocation (malloc) failed to allocate 1522736 bytes. Error detail: Chunk::new
# Possible reasons:
#   The system is out of physical RAM or swap space
#   This process is running with CompressedOops enabled, and the Java Heap may be blocking the growth of the native heap
# Possible solutions:
#   Reduce memory load on the system
#   Increase physical memory or swap space
#   Check if swap backing store is full
#   Decrease Java heap size (-Xmx/-Xms)
#   Decrease number of Java threads
#   Decrease Java thread stack sizes (-Xss)
#   Set larger code cache with -XX:ReservedCodeCacheSize=
#   JVM is running with Unscaled Compressed Oops mode in which the Java heap is
#     placed in the first 4GB address space. The Java Heap base address is the
#     maximum limit for the native heap growth. Please use -XX:HeapBaseMinAddress
#     to set the Java Heap base and to place the Java Heap above 4GB virtual address.
# This output file may be truncated or incomplete.
#
#  Out of Memory Error (arena.cpp:168), pid=17160, tid=20924
#
# JRE version: OpenJDK Runtime Environment Temurin-21.0.12.1+1 (21.0.12.1+1) (build 21.0.12.1+1-LTS)
# Java VM: OpenJDK 64-Bit Server VM Temurin-21.0.12.1+1 (21.0.12.1+1-LTS, mixed mode, sharing, tiered, compressed oops, compressed class ptrs, parallel gc, windows-amd64)
# No core dump will be written. Minidumps are not enabled by default on client versions of Windows
#

---------------  S U M M A R Y ------------

Command Line: --add-modules=ALL-SYSTEM --add-opens=java.base/java.util=ALL-UNNAMED --add-opens=java.base/java.lang=ALL-UNNAMED --add-opens=java.base/sun.nio.fs=ALL-UNNAMED -Declipse.application=org.eclipse.jdt.ls.core.id1 -Dosgi.bundles.defaultStartLevel=4 -Declipse.product=org.eclipse.jdt.ls.core.product -Djava.import.generatesMetadataFilesAtProjectRoot=false -Dm2e.project.cache.size=50 -DDetectVMInstallationsJob.disabled=true -Dfile.encoding=utf8 -XX:+UseParallelGC -XX:GCTimeRatio=4 -XX:AdaptiveSizePolicyWeight=90 -Dsun.zip.disableMemoryMapping=true -Xmx2G -Xms100m -Xlog:disable -javaagent:c:\Users\Admin\.vscode\extensions\redhat.java-1.56.0-win32-x64\lombok\lombok-1.18.39-4050.jar -XX:+HeapDumpOnOutOfMemoryError -XX:HeapDumpPath=c:\Users\Admin\AppData\Roaming\Code\User\workspaceStorage\fe9b7e4859be01d7a7f14db2855ea8b4\redhat.java -Daether.dependencyCollector.impl=bf c:\Users\Admin\.vscode\extensions\redhat.java-1.56.0-win32-x64\server\plugins\org.eclipse.equinox.launcher_1.8.0.v20260804-1928.jar -configuration c:\Users\Admin\AppData\Roaming\Code\User\globalStorage\redhat.java\1.56.0\config_win -data c:\Users\Admin\AppData\Roaming\Code\User\workspaceStorage\fe9b7e4859be01d7a7f14db2855ea8b4\redhat.java\jdt_ws --pipe=\\.\pipe\lsp-9eaeca19c94a6c9676806071df221450-sock

Host: AMD Ryzen 7 5800H with Radeon Graphics         , 16 cores, 13G,  Windows 11 , 64 bit Build 26100 (10.0.26100.8875)
Time: Thu Sep 10 13:20:58 2026 SE Asia Standard Time elapsed time: 618.680844 seconds (0d 0h 10m 18s)

---------------  T H R E A D  ---------------

Current thread (0x0000017aa28d8cf0):  JavaThread "C2 CompilerThread0" daemon [_thread_in_native, id=20924, stack(0x0000002cf9700000,0x0000002cf9800000) (1024K)]


Current CompileTask:
C2:618680 19362   !   4       org.eclipse.jdt.ls.internal.gradle.checksums.WrapperValidator::checkWrapper (524 bytes)

Stack: [0x0000002cf9700000,0x0000002cf9800000]
Native frames: (J=compiled Java code, j=interpreted, Vv=VM code, C=native code)
V  [jvm.dll+0x6d83e9]
V  [jvm.dll+0x8b5736]
V  [jvm.dll+0x8b7cee]
V  [jvm.dll+0x8b83d3]
V  [jvm.dll+0x284596]
V  [jvm.dll+0xc685d]
V  [jvm.dll+0xc6da1]
V  [jvm.dll+0x3bf151]
V  [jvm.dll+0x38b6d2]
V  [jvm.dll+0x38ab1a]
V  [jvm.dll+0x24c700]
V  [jvm.dll+0x24bce0]
V  [jvm.dll+0x1cb4ae]
V  [jvm.dll+0x25baad]
V  [jvm.dll+0x25a03a]
V  [jvm.dll+0x3f8aae]
V  [jvm.dll+0x8600cd]
V  [jvm.dll+0x6d6c1d]
C  [ucrtbase.dll+0x2cd30]
C  [KERNEL32.DLL+0x2e957]
C  [ntdll.dll+0xaad6c]


---------------  P R O C E S S  ---------------

Threads class SMR info:
_java_thread_list=0x0000017a93431910, length=1528, elements={
0x0000017aa281cf10, 0x0000017ab92cdf40, 0x0000017aa28c2480, 0x0000017aa28c4fe0,
0x0000017aa28c7b50, 0x0000017aa28d24b0, 0x0000017afb6fcf70, 0x0000017aa28d8cf0,
0x0000017afb6ffa90, 0x0000017afb9cb820, 0x0000017afd010500, 0x0000017afd861ed0,
0x0000017afddfa500, 0x0000017afdf293e0, 0x0000017afd9c1830, 0x0000017afddc0190,
0x0000017afde30eb0, 0x0000017afd035960, 0x0000017afdf89c50, 0x0000017afdf895c0,
0x0000017afdf8a2e0, 0x0000017aff898860, 0x0000017aff89b650, 0x0000017aff899580,
0x0000017aff89afc0, 0x0000017aff8981d0, 0x0000017aff89bce0, 0x0000017aff89d090,
0x0000017aff899c10, 0x0000017aff89a2a0, 0x0000017aff89c370, 0x0000017aff89d720,
0x0000017aff89ca00, 0x0000017aff89ddb0, 0x0000017aff89a930, 0x0000017aff89e440,
0x0000017aff89ead0, 0x0000017aff89f160, 0x0000017aff89f7f0, 0x0000017a855148e0,
0x0000017a85512ea0, 0x0000017a85514250, 0x0000017a85513530, 0x0000017a85515600,
0x0000017a85513bc0, 0x0000017a85517d60, 0x0000017a85514f70, 0x0000017a85516320,
0x0000017a855169b0, 0x0000017a85518a80, 0x0000017a855197a0, 0x0000017aff898ef0,
0x0000017a84d3eb30, 0x0000017a84d3c3d0, 0x0000017a84d3f1c0, 0x0000017a84d3ca60,
0x0000017a84d3d0f0, 0x0000017a84d3d780, 0x0000017a84d3bd40, 0x0000017a84d3e4a0,
0x0000017afdcc7d60, 0x0000017afdcc69b0, 0x0000017afdcc9110, 0x0000017afdcc8a80,
0x0000017afdcc97a0, 0x0000017afdcc7040, 0x0000017afdcc6320, 0x0000017afdcc9e30,
0x0000017afdcc83f0, 0x0000017afdcca4c0, 0x0000017afdccab50, 0x0000017afdccb1e0,
0x0000017afdccb870, 0x0000017afdccbf00, 0x0000017afdcccc20, 0x0000017afdccc590,
0x0000017afdccd2b0, 0x0000017afdccd940, 0x0000017a8425bad0, 0x0000017a8425ef50,
0x0000017a8425e8c0, 0x0000017a8425dba0, 0x0000017a8425d510, 0x0000017a8425e230,
0x0000017a8425f5e0, 0x0000017a8425c160, 0x0000017a84260300, 0x0000017a8425ce80,
0x0000017a842616b0, 0x0000017a84260990, 0x0000017a84261020, 0x0000017a84261d40,
0x0000017a842630f0, 0x0000017a842623d0, 0x0000017a84262a60, 0x0000017a87f2d200,
0x0000017a87f2be50, 0x0000017a87f2a410, 0x0000017a87f2c4e0, 0x0000017a87f2cb70,
0x0000017a87f2d890, 0x0000017a87f2aaa0, 0x0000017a87f2e5b0, 0x0000017a87f2b130,
0x0000017a87f31a30, 0x0000017a87f313a0, 0x0000017a87f2f960, 0x0000017a87f30680,
0x0000017a87f2ec40, 0x0000017a87f30d10, 0x0000017a91622770, 0x0000017a916241b0,
0x0000017a91624840, 0x0000017a91623b20, 0x0000017a91624ed0, 0x0000017a91622e00,
0x0000017a91625560, 0x0000017a91626910, 0x0000017a91626280, 0x0000017a91623490,
0x0000017a91627630, 0x0000017a91627cc0, 0x0000017a8581b5e0, 0x0000017a8581a230,
0x0000017a8581af50, 0x0000017afeebfa10, 0x0000017afeebecf0, 0x0000017afeec0730,
0x0000017afeec1450, 0x0000017afeec0dc0, 0x0000017afeec1ae0, 0x0000017afeebe660,
0x0000017afeec2170, 0x0000017afeec4240, 0x0000017afeec48d0, 0x0000017afeec3520,
0x0000017afeec2800, 0x0000017afeec3bb0, 0x0000017a86c6d990, 0x0000017a86c6f3d0,
0x0000017a86c6d300, 0x0000017a86c70780, 0x0000017a86c6fa60, 0x0000017a86c72ee0,
0x0000017a86c714a0, 0x0000017a86c74290, 0x0000017a86c74920, 0x0000017a86c74fb0,
0x0000017a86c797e0, 0x0000017a86c769f0, 0x0000017a86c79e70, 0x0000017a86c721c0,
0x0000017a86c77da0, 0x0000017a86c77080, 0x0000017a86c77710, 0x0000017a86c79150,
0x0000017a86c7ab90, 0x0000017a86c7a500, 0x0000017a934c80a0, 0x0000017a934ca800,
0x0000017a934c8730, 0x0000017a934ca170, 0x0000017a934c8dc0, 0x0000017a934c9450,
0x0000017a934ce9a0, 0x0000017a934cf030, 0x0000017a934cf6c0, 0x0000017a934cc240,
0x0000017a934cfd50, 0x0000017a934cd5f0, 0x0000017a934ccf60, 0x0000017a934d1e20,
0x0000017a934d1100, 0x0000017a934d52a0, 0x0000017a934d1790, 0x0000017a934d24b0,
0x0000017a86c7b220, 0x0000017a86c78430, 0x0000017a934d7370, 0x0000017a934d6650,
0x0000017a934d4580, 0x0000017a934d6ce0, 0x0000017afe5b1fc0, 0x0000017afe5b1930,
0x0000017afe5b5ad0, 0x0000017afe5b6160, 0x0000017afe5b4db0, 0x0000017afe5b3370,
0x0000017afe5b67f0, 0x0000017aff6694b0, 0x0000017aff668e20, 0x0000017aff667a70,
0x0000017aff66cfc0, 0x0000017aff66d650, 0x0000017aff66bc10, 0x0000017aff66dce0,
0x0000017aff66aef0, 0x0000017aff66ea00, 0x0000017aff66b580, 0x0000017aff671e80,
0x0000017aff66fdb0, 0x0000017aff673230, 0x0000017aff672510, 0x0000017aff670440,
0x0000017aff66f090, 0x0000017aff671160, 0x0000017aff6738c0, 0x0000017aff6745e0,
0x0000017aff673f50, 0x0000017aff675990, 0x0000017a84f2c070, 0x0000017a84f28bf0,
0x0000017a84f2a630, 0x0000017a84f2b9e0, 0x0000017a84f2acc0, 0x0000017a84f29280,
0x0000017a84f28560, 0x0000017a84f2c700, 0x0000017a84f2d420, 0x0000017a84f2ee60,
0x0000017a84f30f30, 0x0000017a84f2dab0, 0x0000017a84f315c0, 0x0000017a84f31c50,
0x0000017a84f322e0, 0x0000017a84f308a0, 0x0000017a84f2fb80, 0x0000017a84f33000,
0x0000017a84f350d0, 0x0000017a84f33d20, 0x0000017a84f36480, 0x0000017a84f35df0,
0x0000017a84f34a40, 0x0000017a84f36b10, 0x0000017aff675300, 0x0000017a84f003f0,
0x0000017a84eff040, 0x0000017a84efe9b0, 0x0000017a84effd60, 0x0000017a84efe320,
0x0000017a84eff6d0, 0x0000017a84efdc90, 0x0000017a84f04590, 0x0000017a84f01e30,
0x0000017a84f02b50, 0x0000017a84f052b0, 0x0000017a84f05fd0, 0x0000017a84f031e0,
0x0000017a84f06660, 0x0000017a84f06cf0, 0x0000017a84f080a0, 0x0000017a84f0a170,
0x0000017a84f0a800, 0x0000017a84f05940, 0x0000017a84f09ae0, 0x0000017a84f0ae90,
0x0000017a84f0d5f0, 0x0000017a84f0dc80, 0x0000017a84f0b520, 0x0000017a84f0f6c0,
0x0000017a84f0cf60, 0x0000017a84f0f030, 0x0000017a84f124b0, 0x0000017a84f131d0,
0x0000017a84f11790, 0x0000017a84f11100, 0x0000017a84f11e20, 0x0000017a84f12b40,
0x0000017a84f10a70, 0x0000017a84f16ce0, 0x0000017a84f13860, 0x0000017a84f16650,
0x0000017a84f1a160, 0x0000017a84f19440, 0x0000017a84f18090, 0x0000017a84f1ae80,
0x0000017a84f1b510, 0x0000017a84f18720, 0x0000017a84f14c10, 0x0000017a84f1c8c0,
0x0000017a84f33690, 0x0000017a84f15fc0, 0x0000017a84f18db0, 0x0000017aff0fe940,
0x0000017aff0fefd0, 0x0000017aff100a10, 0x0000017aff100380, 0x0000017aff0fcf00,
0x0000017aff0fdc20, 0x0000017aff101730, 0x0000017aff0fe2b0, 0x0000017aff104520,
0x0000017aff1010a0, 0x0000017aff1058d0, 0x0000017aff105240, 0x0000017aff104bb0,
0x0000017aff105f60, 0x0000017aff103e90, 0x0000017aff106c80, 0x0000017aff1093e0,
0x0000017aff108d50, 0x0000017aff1079a0, 0x0000017aff108030, 0x0000017aff10a790,
0x0000017aff10bb40, 0x0000017aff1086c0, 0x0000017aff10dc10, 0x0000017aff10c1d0,
0x0000017aff10c860, 0x0000017aff10e2a0, 0x0000017aff10f650, 0x0000017aff110370,
0x0000017aff10cef0, 0x0000017aff10efc0, 0x0000017aff110a00, 0x0000017aff111720,
0x0000017aff112440, 0x0000017aff114510, 0x0000017aff111db0, 0x0000017aff114ba0,
0x0000017aff115f50, 0x0000017aff116c70, 0x0000017aff113e80, 0x0000017aff118d40,
0x0000017aff11a0f0, 0x0000017aff117300, 0x0000017aff119a60, 0x0000017aff11ae10,
0x0000017aff11b4a0, 0x0000017aff11bb30, 0x0000017aff1186b0, 0x0000017aff118020,
0x0000017aff11c1c0, 0x0000017aff1137f0, 0x0000017a84f35760, 0x0000017a867d91d0,
0x0000017a867dac10, 0x0000017a867dda00, 0x0000017a867dedb0, 0x0000017a867dfad0,
0x0000017a867de090, 0x0000017a867dc650, 0x0000017a867dd370, 0x0000017a867e07f0,
0x0000017a867e0160, 0x0000017a867de720, 0x0000017a867e28c0, 0x0000017a867e35e0,
0x0000017a867e4990, 0x0000017a867e56b0, 0x0000017a867e91c0, 0x0000017a867e6a60,
0x0000017a867e9850, 0x0000017a867e9ee0, 0x0000017a867e70f0, 0x0000017a867e7e10,
0x0000017a867eb920, 0x0000017a867eccd0, 0x0000017a867efac0, 0x0000017a867e84a0,
0x0000017a867ef430, 0x0000017a867ed9f0, 0x0000017a867ec640, 0x0000017a867ed360,
0x0000017a867f0150, 0x0000017a867f0e70, 0x0000017a867f1500, 0x0000017a867f28b0,
0x0000017a867f56a0, 0x0000017a867f63c0, 0x0000017a867f5d30, 0x0000017a867f35d0,
0x0000017a867f70e0, 0x0000017a867f4980, 0x0000017a867f7770, 0x0000017a867f42f0,
0x0000017a867f6a50, 0x0000017a847976b0, 0x0000017a84799780, 0x0000017a847983d0,
0x0000017a84797d40, 0x0000017a847990f0, 0x0000017a84797020, 0x0000017a8479bee0,
0x0000017a8479b850, 0x0000017a8479a4a0, 0x0000017a84798a60, 0x0000017a8479cc00,
0x0000017a84799e10, 0x0000017a8479d290, 0x0000017a8479ab30, 0x0000017a8479f9f0,
0x0000017a847a1430, 0x0000017a847a0da0, 0x0000017a847a1ac0, 0x0000017a8479e640,
0x0000017a8479dfb0, 0x0000017a8479f360, 0x0000017a847a27e0, 0x0000017a847a2e70,
0x0000017a847a2150, 0x0000017a847a0080, 0x0000017a847a7010, 0x0000017a847a3500,
0x0000017a847a4f40, 0x0000017a847a3b90, 0x0000017a847a76a0, 0x0000017a847a5c60,
0x0000017a847a48b0, 0x0000017a847a83c0, 0x0000017a847ab840, 0x0000017a847aa490,
0x0000017a847aab20, 0x0000017a847a8a50, 0x0000017a847ad280, 0x0000017a847ac560,
0x0000017a847a9e00, 0x0000017a847af9e0, 0x0000017a847a9770, 0x0000017a847aecc0,
0x0000017a847b0700, 0x0000017a847adfa0, 0x0000017a847b2e60, 0x0000017a847b4210,
0x0000017a847b0d90, 0x0000017a847b1ab0, 0x0000017a847b34f0, 0x0000017a847b2140,
0x0000017a847b3b80, 0x0000017a847b27d0, 0x0000017a847b48a0, 0x0000017a847ae630,
0x0000017a867f1b90, 0x0000017aff1165e0, 0x0000017a84963c80, 0x0000017a84965030,
0x0000017a84967100, 0x0000017a84964310, 0x0000017a849684b0, 0x0000017a84967790,
0x0000017a849663e0, 0x0000017a849649a0, 0x0000017a84969ef0, 0x0000017a8496a580,
0x0000017a84967e20, 0x0000017a8496ac10, 0x0000017a8496b2a0, 0x0000017a8496edb0,
0x0000017a8496d370, 0x0000017a8496f440, 0x0000017a8496fad0, 0x0000017a8496da00,
0x0000017a849691d0, 0x0000017a84970160, 0x0000017a8496e090, 0x0000017a84971510,
0x0000017a849735e0, 0x0000017a8496cce0, 0x0000017a84972f50, 0x0000017a849728c0,
0x0000017a849707f0, 0x0000017a849763d0, 0x0000017a84974990, 0x0000017a84975020,
0x0000017a849756b0, 0x0000017a84975d40, 0x0000017a84976a60, 0x0000017a84978b30,
0x0000017a84977780, 0x0000017a84979ee0, 0x0000017a84979850, 0x0000017a849784a0,
0x0000017a8497bfb0, 0x0000017a8497a570, 0x0000017a84977e10, 0x0000017a8497c640,
0x0000017a8497d360, 0x0000017a8497f430, 0x0000017a8497fac0, 0x0000017a84981500,
0x0000017a84980e70, 0x0000017a8497e080, 0x0000017a8497e710, 0x0000017a84982220,
0x0000017a849828b0, 0x0000017a84985d30, 0x0000017a849863c0, 0x0000017a84986a50,
0x0000017a84982f40, 0x0000017a84988b20, 0x0000017a84983c60, 0x0000017a84989ed0,
0x0000017a8498a560, 0x0000017a849870e0, 0x0000017a8498b280, 0x0000017a849891b0,
0x0000017a84988490, 0x0000017a8498b910, 0x0000017a8498e070, 0x0000017a8498c630,
0x0000017a8498ed90, 0x0000017a84987770, 0x0000017a8498e700, 0x0000017a8498f420,
0x0000017a8498d350, 0x0000017a8498bfa0, 0x0000017a8498ccc0, 0x0000017a84992210,
0x0000017a849907d0, 0x0000017a84990e60, 0x0000017a8498d9e0, 0x0000017a84990140,
0x0000017a849942e0, 0x0000017a84993c50, 0x0000017a84994970, 0x0000017a849935c0,
0x0000017a84995000, 0x0000017a84995690, 0x0000017a84995d20, 0x0000017a84991b80,
0x0000017a84992f30, 0x0000017a849970d0, 0x0000017a84996a40, 0x0000017a84997760,
0x0000017a84999ec0, 0x0000017a8499abe0, 0x0000017a84998480, 0x0000017a8499b270,
0x0000017a8499b900, 0x0000017a8499a550, 0x0000017a8499c620, 0x0000017a849991a0,
0x0000017a84998b10, 0x0000017a8499f410, 0x0000017a8499d340, 0x0000017a8499d9d0,
0x0000017a8499e060, 0x0000017a849a0130, 0x0000017a849a07c0, 0x0000017a849a0e50,
0x0000017a849a14e0, 0x0000017a8499ccb0, 0x0000017a8499e6f0, 0x0000017a849a2200,
0x0000017a8499ed80, 0x0000017a84974300, 0x0000017a849963b0, 0x0000017a849a35b0,
0x0000017a849a2890, 0x0000017a849a2f20, 0x0000017a86496780, 0x0000017a864953d0,
0x0000017a86493300, 0x0000017a864946b0, 0x0000017a86496e10, 0x0000017a86495a60,
0x0000017a86493990, 0x0000017a86494020, 0x0000017a864974a0, 0x0000017a8649b640,
0x0000017a864981c0, 0x0000017a8649a920, 0x0000017a86494d40, 0x0000017a86498850,
0x0000017a8649bcd0, 0x0000017a86498ee0, 0x0000017a8649c360, 0x0000017a8649c9f0,
0x0000017a86499570, 0x0000017a8649d080, 0x0000017a8649d710, 0x0000017a8649afb0,
0x0000017a8649eac0, 0x0000017a8649f7e0, 0x0000017a864a1220, 0x0000017a8649dda0,
0x0000017a864a0b90, 0x0000017a864a1f40, 0x0000017a864a4d30, 0x0000017a864a2c60,
0x0000017a864afe60, 0x0000017a864ad700, 0x0000017a864b1210, 0x0000017a864b4690,
0x0000017a864b3970, 0x0000017a864b53b0, 0x0000017a864b81a0, 0x0000017a864b6df0,
0x0000017a864b8830, 0x0000017a864b5a40, 0x0000017a864b60d0, 0x0000017a86479590,
0x0000017a86479c20, 0x0000017a8647bcf0, 0x0000017a86478f00, 0x0000017a8647d730,
0x0000017a8647ddc0, 0x0000017a86480520, 0x0000017a8647eae0, 0x0000017a864839a0,
0x0000017a864825f0, 0x0000017a864818d0, 0x0000017a86480bb0, 0x0000017a86486e20,
0x0000017a8648c370, 0x0000017a8648ead0, 0x0000017a8648fe80, 0x0000017a935c39a0,
0x0000017a935c6790, 0x0000017a935c3310, 0x0000017a935c81d0, 0x0000017a935cafc0,
0x0000017a935ca2a0, 0x0000017a935cb650, 0x0000017a935ca930, 0x0000017a935cbce0,
0x0000017a935cca00, 0x0000017a935d0510, 0x0000017a935cf160, 0x0000017a935cd090,
0x0000017a935d53d0, 0x0000017a935d4020, 0x0000017a935ce440, 0x0000017a935d25e0,
0x0000017a935d18c0, 0x0000017a935d6e10, 0x0000017a935d7b30, 0x0000017a935db640,
0x0000017a935dafb0, 0x0000017a935dc360, 0x0000017a935dd080, 0x0000017a935e0b90,
0x0000017a935e0500, 0x0000017a935dfe70, 0x0000017a935e1220, 0x0000017a935e18b0,
0x0000017a935e25d0, 0x0000017a935de430, 0x0000017a935e4d30, 0x0000017a935e60e0,
0x0000017a935e5a50, 0x0000017a935e81b0, 0x0000017a935ab670, 0x0000017a935a95a0,
0x0000017a935e7490, 0x0000017a935b1250, 0x0000017a935ae460, 0x0000017a935addd0,
0x0000017a935aeaf0, 0x0000017a935b4d60, 0x0000017a935b53f0, 0x0000017a935b3320,
0x0000017a935b7b50, 0x0000017a935bd730, 0x0000017a935bfe90, 0x0000017a935b81e0,
0x0000017a935bf800, 0x0000017a935c25f0, 0x0000017a935bc380, 0x0000017a935c0520,
0x0000017a86499c00, 0x0000017a91b2efe0, 0x0000017a91b2bb60, 0x0000017a91b2dc30,
0x0000017a91b30390, 0x0000017a91b31740, 0x0000017a91b32af0, 0x0000017a91b33810,
0x0000017a91b30a20, 0x0000017a91b35f70, 0x0000017a91b34530, 0x0000017a91b386d0,
0x0000017a91b379b0, 0x0000017a91b3b4c0, 0x0000017a91b38040, 0x0000017a91b3d590,
0x0000017a91b3a110, 0x0000017a91b3c870, 0x0000017a91b3dc20, 0x0000017a91b410a0,
0x0000017a91b3efd0, 0x0000017a91b43170, 0x0000017a91b3fcf0, 0x0000017a91b3e940,
0x0000017a91b479a0, 0x0000017a91b465f0, 0x0000017a91b458d0, 0x0000017a91b46c80,
0x0000017a91b486c0, 0x0000017a91b47310, 0x0000017a91b4a790, 0x0000017a91b4d580,
0x0000017a91b48d50, 0x0000017a91b4e2a0, 0x0000017a91b4c860, 0x0000017a91b4efc0,
0x0000017a91b51090, 0x0000017a91b4e930, 0x0000017a91b52ad0, 0x0000017a91b4fce0,
0x0000017a91b4f650, 0x0000017a91b53160, 0x0000017a91b50a00, 0x0000017a91b58020,
0x0000017a91b586b0, 0x0000017a91b537f0, 0x0000017a91b565e0, 0x0000017a91b57300,
0x0000017a91b5c1c0, 0x0000017a91b5efb0, 0x0000017a91b59a60, 0x0000017a91b61da0,
0x0000017a91b5c850, 0x0000017a91b637e0, 0x0000017a91b65220, 0x0000017a91b5fcd0,
0x0000017a91b62ac0, 0x0000017a91b686a0, 0x0000017a91b68d30, 0x0000017a91b69a50,
0x0000017a91b68010, 0x0000017a91b6a0e0, 0x0000017a935da920, 0x0000017aff10e930,
0x0000017a935b0bc0, 0x0000017a935e6770, 0x0000017a867dbfc0, 0x0000017a935e4010,
0x0000017a9aa46fa0, 0x0000017a9aa45bf0, 0x0000017a9aa46910, 0x0000017a9aa45560,
0x0000017a9aa44ed0, 0x0000017a9aa49700, 0x0000017a9aa48350, 0x0000017a9aa4b140,
0x0000017a9aa489e0, 0x0000017a9aa4df30, 0x0000017a9aa4cb80, 0x0000017a9aa520d0,
0x0000017a9aa4f970, 0x0000017a9aa4aab0, 0x0000017a9aa50000, 0x0000017a9aa53480,
0x0000017a9aa50690, 0x0000017a9aa50d20, 0x0000017a9aa52df0, 0x0000017a9aa54ec0,
0x0000017a9aa55be0, 0x0000017a9aa513b0, 0x0000017a9aa59060, 0x0000017a9aa57cb0,
0x0000017a9aa596f0, 0x0000017a9aa59d80, 0x0000017a9aa5b130, 0x0000017a9aa5be50,
0x0000017a9aa5b7c0, 0x0000017a9aa5df20, 0x0000017a9aa60d10, 0x0000017a9aa5f2d0,
0x0000017a9aa5d890, 0x0000017a9aa57620, 0x0000017a9aa60680, 0x0000017a9aa62de0,
0x0000017a9aa62750, 0x0000017a9aa64eb0, 0x0000017a9aa63b00, 0x0000017a9aa61a30,
0x0000017a9aa5f960, 0x0000017a9aa65540, 0x0000017a9aa63470, 0x0000017a9aa67610,
0x0000017a9aa65bd0, 0x0000017a9aa68330, 0x0000017a9aa689c0, 0x0000017a9aa69050,
0x0000017a9aa2a440, 0x0000017a9aa66f80, 0x0000017a9aa2e5e0, 0x0000017a9aa2ec70,
0x0000017a9aa32780, 0x0000017a9aa320f0, 0x0000017a9aa2f990, 0x0000017a9aa306b0,
0x0000017a9aa32e10, 0x0000017a9aa30d40, 0x0000017a9aa35c00, 0x0000017a9aa39710,
0x0000017a9aa39080, 0x0000017a9aa36290, 0x0000017a9aa3b150, 0x0000017a9aa341c0,
0x0000017a9aa3e5d0, 0x0000017a9aa406a0, 0x0000017a9aa3c500, 0x0000017a9aa40010,
0x0000017a9aa40d30, 0x0000017a9aa3df40, 0x0000017a9aa41a50, 0x0000017a9aa3ec60,
0x0000017a867e4300, 0x0000017a867e63d0, 0x0000017a867ea570, 0x0000017a935b2600,
0x0000017a9aa36fb0, 0x0000017a9aa43490, 0x0000017a9aa43b20, 0x0000017a935b67a0,
0x0000017a91b41730, 0x0000017a9aa413c0, 0x0000017a95552530, 0x0000017a95550af0,
0x0000017a95553f70, 0x0000017a95556040, 0x0000017a95555320, 0x0000017a9555af00,
0x0000017a9557d640, 0x0000017a95583220, 0x0000017a95583f40, 0x0000017a955866a0,
0x0000017a95587a50, 0x0000017a95586010, 0x0000017a955873c0, 0x0000017a955880e0,
0x0000017a955587a0, 0x0000017a9555a1e0, 0x0000017a95579b30, 0x0000017a95570440,
0x0000017a9556b580, 0x0000017a95571e80, 0x0000017a95573230, 0x0000017a9556f090,
0x0000017a95588e00, 0x0000017a9558aed0, 0x0000017a95574c70, 0x0000017a9557fda0,
0x0000017a95588770, 0x0000017a955573f0, 0x0000017a95554600, 0x0000017a955594c0,
0x0000017a9558bbf0, 0x0000017a9558a840, 0x0000017a9558b560, 0x0000017a9558c910,
0x0000017a9555cfd0, 0x0000017a9555bc20, 0x0000017a95554c90, 0x0000017a955852f0,
0x0000017a95585980, 0x0000017a95589490, 0x0000017a95590420, 0x0000017a9558e350,
0x0000017a95584c60, 0x0000017a9558f700, 0x0000017a9558e9e0, 0x0000017a9558f070,
0x0000017a9555a870, 0x0000017a95559b50, 0x0000017a9555e380, 0x0000017a9555fdc0,
0x0000017a9555ea10, 0x0000017a95560450, 0x0000017a9555dcf0, 0x0000017a95562bb0,
0x0000017a955638d0, 0x0000017a95560ae0, 0x0000017a95564c80, 0x0000017a9558a1b0,
0x0000017a95568790, 0x0000017a95567a70, 0x0000017a9556cfc0, 0x0000017a955666c0,
0x0000017a95566030, 0x0000017a955694b0, 0x0000017a95562520, 0x0000017a95561800,
0x0000017a95569b40, 0x0000017a95568100, 0x0000017a9555c940, 0x0000017a95553250,
0x0000017a9556a1d0, 0x0000017a955673e0, 0x0000017a95570ad0, 0x0000017a955745e0,
0x0000017a95576020, 0x0000017a955773d0, 0x0000017a9557a1c0, 0x0000017a955717f0,
0x0000017a955780f0, 0x0000017a955838b0, 0x0000017a9557dcd0, 0x0000017a955659a0,
0x0000017a8647a2b0, 0x0000017a86481240, 0x0000017a8647f170, 0x0000017a864874b0,
0x0000017a86487b40, 0x0000017a864846c0, 0x0000017a8648a930, 0x0000017a86488ef0,
0x0000017a864ae420, 0x0000017a8647c380, 0x0000017a8648d090, 0x0000017a8648ddb0,
0x0000017a86489c10, 0x0000017a86491f50, 0x0000017a86489580, 0x0000017a864918c0,
0x0000017a8648f160, 0x0000017a864a6770, 0x0000017a864881d0, 0x0000017a8648d720,
0x0000017a8648ca00, 0x0000017a86491230, 0x0000017a864af7d0, 0x0000017a864b04f0,
0x0000017a864b4d20, 0x0000017a864aeab0, 0x0000017a86490510, 0x0000017a935aa950,
0x0000017a935af180, 0x0000017a935c46c0, 0x0000017a935c6100, 0x0000017a935b1f70,
0x0000017a935b39b0, 0x0000017a935b9c20, 0x0000017a935bf170, 0x0000017a935c8860,
0x0000017a935cddb0, 0x0000017a935c53e0, 0x0000017a935c7b40, 0x0000017a935d9570,
0x0000017a935d9c00, 0x0000017a935e2c60, 0x0000017a935b4040, 0x0000017a84980150,
0x0000017a84989840, 0x0000017a84987e00, 0x0000017a8499bf90, 0x0000017a849928a0,
0x0000017a84997df0, 0x0000017a849835d0, 0x0000017a849914f0, 0x0000017a84968b40,
0x0000017a8496c650, 0x0000017a84969860, 0x0000017a8496e720, 0x0000017a8497ac00,
0x0000017a8497d9f0, 0x0000017a91b2b4d0, 0x0000017a91b51720, 0x0000017a91b4ae20,
0x0000017a91b50370, 0x0000017a91b33180, 0x0000017a91b62430, 0x0000017a9aa4e5c0,
0x0000017a9aa5aaa0, 0x0000017a9aa589d0, 0x0000017a9aa5c4e0, 0x0000017a9aa613a0,
0x0000017a9aa47630, 0x0000017a9aa64190, 0x0000017a9aa33b30, 0x0000017a9aa2b160,
0x0000017a9aa4d8a0, 0x0000017a9aa64820, 0x0000017a9aa2d8c0, 0x0000017a9aa49070,
0x0000017a9aa441b0, 0x0000017a9aa4f2e0, 0x0000017a9aa2df50, 0x0000017a9aa3aac0,
0x0000017a9aa3b7e0, 0x0000017a86497b30, 0x0000017a864a32f0, 0x0000017a864a18b0,
0x0000017a864a8840, 0x0000017a864ab630, 0x0000017a864a9bf0, 0x0000017a864b25c0,
0x0000017a86488860, 0x0000017a864a3980, 0x0000017a864b2c50, 0x0000017a864b7b10,
0x0000017a864a9560, 0x0000017a864af140, 0x0000017a864960f0, 0x0000017a864aa280,
0x0000017a864a7490, 0x0000017a864aa910, 0x0000017a935c5a70, 0x0000017a935abd00,
0x0000017a935a8f10, 0x0000017a935af810, 0x0000017a935b46d0, 0x0000017a935b9590,
0x0000017a935ba2b0, 0x0000017a935bddc0, 0x0000017a935cfe80, 0x0000017a935cd720,
0x0000017a935d3990, 0x0000017a935d1230, 0x0000017a935d4d40, 0x0000017a935d8ee0,
0x0000017a935d6780, 0x0000017a935d5a60, 0x0000017a935da290, 0x0000017a935df150,
0x0000017a935c18d0, 0x0000017a9aa2aad0, 0x0000017a9aa2c510, 0x0000017a9aa2f300,
0x0000017a9aa30020, 0x0000017a9aa37640, 0x0000017a9aa37cd0, 0x0000017a9aa38360,
0x0000017a9aa36920, 0x0000017a9aa389f0, 0x0000017a9aa42770, 0x0000017a9aa5fff0,
0x0000017a9aa420e0, 0x0000017a9aa52760, 0x0000017a9aa53b10, 0x0000017a9aa5a410,
0x0000017a9aa58340, 0x0000017a9aa5ec40, 0x0000017a91b61080, 0x0000017a91b64b90,
0x0000017a91b67980, 0x0000017a91b2ae40, 0x0000017a91b2fd00, 0x0000017a91b35250,
0x0000017a91b3c1e0, 0x0000017a91b31dd0, 0x0000017a91b41dc0, 0x0000017a91b4a100,
0x0000017a91b54510, 0x0000017a91b5b4a0, 0x0000017a91b4bb40, 0x0000017a84f03f00,
0x0000017a84f07a10, 0x0000017a84f0bbb0, 0x0000017a84f08730, 0x0000017a84f0e9a0,
0x0000017a84f0fd50, 0x0000017a8647d0a0, 0x0000017a85814650, 0x0000017a85817440,
0x0000017a85816720, 0x0000017a85814ce0, 0x0000017a85818e80, 0x0000017a8581a8c0,
0x0000017a85818160, 0x0000017a85815370, 0x0000017a85819510, 0x0000017a867dcce0,
0x0000017a867e7780, 0x0000017a867db2a0, 0x0000017a867d84b0, 0x0000017a867f2f40,
0x0000017a867f3c60, 0x0000017a867e1510, 0x0000017a867e8b30, 0x0000017a867e5d40,
0x0000017a867ee080, 0x0000017a867eeda0, 0x0000017a935ad740, 0x0000017a935aa2c0,
0x0000017a935b2c90, 0x0000017a935ba940, 0x0000017a935bd0a0, 0x0000017a935c1f60,
0x0000017a935c4030, 0x0000017a935bb660, 0x0000017a935c6e20, 0x0000017a935e1f40,
0x0000017a935dbcd0, 0x0000017a8647ca10, 0x0000017a864853e0, 0x0000017aff0ff660,
0x0000017aff0ffcf0, 0x0000017aff103800, 0x0000017aff109a70, 0x0000017aff0fd590,
0x0000017aff102ae0, 0x0000017aff112ad0, 0x0000017aff10d580, 0x0000017aff111090,
0x0000017aff115230, 0x0000017aff1065f0, 0x0000017aff1158c0, 0x0000017aff10b4b0,
0x0000017aff1193d0, 0x0000017aff10ae20, 0x0000017aff113160, 0x0000017a95589b20,
0x0000017a9558c280, 0x0000017a95551810, 0x0000017a95552bc0, 0x0000017a955566d0,
0x0000017a9556dce0, 0x0000017a9555f0a0, 0x0000017a9555d660, 0x0000017a95565310,
0x0000017a95563240, 0x0000017a9555f730, 0x0000017a95568e20, 0x0000017a9556d650,
0x0000017a9556bc10, 0x0000017a9556e370, 0x0000017a9556ea00, 0x0000017a9556fdb0,
0x0000017a95575300, 0x0000017a95572510, 0x0000017a95550460, 0x0000017a95566d50,
0x0000017a9556c930, 0x0000017a9556aef0, 0x0000017a955738c0, 0x0000017a95573f50,
0x0000017a95571160, 0x0000017a955766b0, 0x0000017a95572ba0, 0x0000017a9556f720,
0x0000017a95575990, 0x0000017a95558e30, 0x0000017a95577a60, 0x0000017a955794a0,
0x0000017a95578780, 0x0000017a9557bc00, 0x0000017a95563f60, 0x0000017a9557a850,
0x0000017a9557c290, 0x0000017a95578e10, 0x0000017a9557e360, 0x0000017a95576d40,
0x0000017a9557c920, 0x0000017a9557aee0, 0x0000017a9557b570, 0x0000017a95580430,
0x0000017a95582500, 0x0000017a9557f710, 0x0000017a9557cfb0, 0x0000017a9557f080,
0x0000017a95580ac0, 0x0000017a9555b590, 0x0000017a91b2cf10, 0x0000017a91b393f0,
0x0000017a91b32460, 0x0000017a91b2c880, 0x0000017a91b39a80, 0x0000017a91b40380,
0x0000017a91b3e2b0, 0x0000017a91b3cf00, 0x0000017a91b42ae0, 0x0000017a91b43800,
0x0000017a91b43e90, 0x0000017a91b40a10, 0x0000017a91b3f660, 0x0000017a91b42450,
0x0000017a91b45240, 0x0000017a91b493e0, 0x0000017a91b45f60, 0x0000017a91b49a70,
0x0000017a91b4dc10, 0x0000017a91b4b4b0, 0x0000017a91b51db0, 0x0000017a91b36c90,
0x0000017a91b52440, 0x0000017a91b57990, 0x0000017a91b55230, 0x0000017a91b55f50,
0x0000017a91b5a0f0, 0x0000017a91b5bb30, 0x0000017a91b53e80, 0x0000017a91b5d570,
0x0000017a91b58d40, 0x0000017a91b5e290, 0x0000017a91b61710, 0x0000017a91b60360,
0x0000017a91b65f40, 0x0000017a91b609f0, 0x0000017a91b672f0, 0x0000017a91b4cef0,
0x0000017a91b5cee0, 0x0000017a91b64500, 0x0000017a91b66c60, 0x0000017a91b693c0,
0x0000017a91b63e70, 0x0000017a91b6a770, 0x0000017a91b2c1f0, 0x0000017a91b33ea0,
0x0000017a91b44520, 0x0000017a91b5dc00, 0x0000017a9aa34850, 0x0000017a9aa29db0,
0x0000017a9aa31a60, 0x0000017a9aa334a0, 0x0000017a9aa34ee0, 0x0000017a9aa35570,
0x0000017a9aa2be80, 0x0000017a9aa39da0, 0x0000017a9aa3d8b0, 0x0000017a9aa3be70,
0x0000017a9aa3cb90, 0x0000017a9aa3a430, 0x0000017a9aa3f980, 0x0000017a9aa3d220,
0x0000017a9aa46280, 0x0000017a9aa4b7d0, 0x0000017a9aa4c4f0, 0x0000017a9aa4d210,
0x0000017a9aa49d90, 0x0000017a9aa44840, 0x0000017a9aa4ec50, 0x0000017a9aa4a420,
0x0000017a9aa541a0, 0x0000017a9aa56f90, 0x0000017a9aa51a40, 0x0000017a9aa56900,
0x0000017a9aa56270, 0x0000017a9aa66260, 0x0000017a9aa696e0, 0x0000017a935deac0,
0x0000017a935dd710, 0x0000017a935e46a0, 0x0000017a935e7b20, 0x0000017a935df7e0,
0x0000017a935e32f0, 0x0000017a935e6e00, 0x0000017a935aca20, 0x0000017a935e8840,
0x0000017a935c9c10, 0x0000017a935b18e0, 0x0000017a935bca10, 0x0000017a935c74b0,
0x0000017a935c8ef0, 0x0000017a935c9580, 0x0000017a935d2c70, 0x0000017a935cf7f0,
0x0000017a935cc370, 0x0000017a935d3300, 0x0000017a84f01110, 0x0000017a84efd600,
0x0000017a84f024c0, 0x0000017a84f017a0, 0x0000017a84f1a7f0, 0x0000017a84f03870,
0x0000017a84f09450, 0x0000017a84f0c8d0, 0x0000017a84f0c240, 0x0000017a84f07380,
0x0000017a84f14580, 0x0000017aff6673e0, 0x0000017aff668790, 0x0000017aff66a1d0,
0x0000017aff66a860, 0x0000017aff66c930, 0x0000017aff669b40, 0x0000017aff66c2a0,
0x0000017aff676020, 0x0000017aff670ad0, 0x0000017aff66e370, 0x0000017aff6766b0,
0x0000017a86c700f0, 0x0000017a86c6cc70, 0x0000017a86c70e10, 0x0000017a86c6c5e0,
0x0000017a86c73570, 0x0000017a86c75cd0, 0x0000017a86c72850, 0x0000017a86c76360,
0x0000017a934cdc80, 0x0000017a934cae90, 0x0000017a934cb520, 0x0000017a934d2b40,
0x0000017a934c9ae0, 0x0000017a934d31d0, 0x0000017a934d3860, 0x0000017a934d0a70,
0x0000017a84984980, 0x0000017a849842f0, 0x0000017a84985010, 0x0000017a84981b90,
0x0000017a8496bfc0, 0x0000017a84966a70, 0x0000017a84965d50, 0x0000017a8496b930,
0x0000017a84970e80, 0x0000017a8497eda0, 0x0000017a84999830, 0x0000017a84972230,
0x0000017a849770f0, 0x0000017a8479d920, 0x0000017a847a62f0, 0x0000017a847ad910,
0x0000017a847abed0, 0x0000017a847ab1b0, 0x0000017a847b0070, 0x0000017a847b5c50,
0x0000017a84f2b350, 0x0000017a84f2cd90, 0x0000017a84f29910, 0x0000017a84f2f4f0,
0x0000017a84f2e140, 0x0000017a84f343b0, 0x0000017a84f04c20, 0x0000017a84f00a80,
0x0000017a84f15930, 0x0000017a84f103e0, 0x0000017a91b5a780, 0x0000017a91b56c70,
0x0000017a91b54ba0, 0x0000017afe5af1d0, 0x0000017afe5b2650, 0x0000017afe5afef0,
0x0000017afe5b3a00, 0x0000017afe5af860, 0x0000017afe5b4720, 0x0000017afe5b0c10,
0x0000017a935d0ba0, 0x0000017a935d74a0, 0x0000017a935e3980, 0x0000017a935ac390,
0x0000017a935a9c30, 0x0000017a935ddda0, 0x0000017a935ad0b0, 0x0000017a935d81c0,
0x0000017a955817e0, 0x0000017a9558d630, 0x0000017a95551180, 0x0000017a9555c2b0,
0x0000017a95582b90, 0x0000017a955845d0, 0x0000017a955559b0, 0x0000017a84971ba0,
0x0000017a8497b290, 0x0000017a8497b920, 0x0000017a8497ccd0, 0x0000017a9aa4be60,
0x0000017a9aa47cc0, 0x0000017a9aa668f0, 0x0000017a9aa55550, 0x0000017a95551ea0,
0x0000017a9557e9f0, 0x0000017a85815a00, 0x0000017a85816090, 0x0000017a867db930,
0x0000017a867d8b40, 0x0000017a867da580, 0x0000017a867d9860, 0x0000017a867e0e80,
0x0000017a95558110, 0x0000017a955645f0, 0x0000017a95561e90, 0x0000017a9556c2a0,
0x0000017a9558fd90, 0x0000017a91b658b0, 0x0000017a91b3a7a0, 0x0000017a91b2f670,
0x0000017a91b5ae10, 0x0000017a86c6e020, 0x0000017a86c6e6b0, 0x0000017a86c6ed40,
0x0000017a934d4c10, 0x0000017a934ce310, 0x0000017afeec00a0, 0x0000017afeebf380,
0x0000017afeebd2b0, 0x0000017afeec2e90, 0x0000017a8499faa0, 0x0000017a84973c70,
0x0000017aff107310, 0x0000017aff103170, 0x0000017aff10a100, 0x0000017a847b4f30,
0x0000017a847b55c0, 0x0000017a935b0530, 0x0000017a935cead0, 0x0000017a916289e0,
0x0000017a85819ba0, 0x0000017a85817ad0, 0x0000017a858187f0, 0x0000017a9aa2cba0,
0x0000017a9aa42e00, 0x0000017a9aa5cb70, 0x0000017a9aa5e5b0, 0x0000017a9aa313d0,
0x0000017a9556a860, 0x0000017a95581150, 0x0000017a84f152a0, 0x0000017a84f32970,
0x0000017a91b558c0, 0x0000017a91b593d0, 0x0000017a91b63150, 0x0000017a91b38d60,
0x0000017a935aafe0, 0x0000017a935b5a80, 0x0000017a935bafd0, 0x0000017a935bbcf0,
0x0000017a935e53c0, 0x0000017a84f17370, 0x0000017a84f1bba0, 0x0000017a867ee710,
0x0000017a867ebfb0, 0x0000017aff672ba0, 0x0000017a849656c0, 0x0000017a849791c0,
0x0000017a847a55d0, 0x0000017a847acbf0, 0x0000017a847b1420, 0x0000017a934cc8d0,
0x0000017a934d03e0, 0x0000017a934d5930, 0x0000017aff668100, 0x0000017a84f2e7d0,
0x0000017a84f29fa0, 0x0000017a935d46b0, 0x0000017a935c1240, 0x0000017a935afea0,
0x0000017a935b6e30, 0x0000017a867e3c70, 0x0000017a95556d60, 0x0000017a955538e0,
0x0000017a95561170, 0x0000017a84f17a00, 0x0000017a84f19ad0, 0x0000017a84f0e310,
0x0000017a935b74c0, 0x0000017a867eac00, 0x0000017a867f2220, 0x0000017a9aa5d200,
0x0000017afe5b2ce0, 0x0000017aff10fce0, 0x0000017a91b5e920, 0x0000017a86c75640,
0x0000017a86c6bf50, 0x0000017a86c78ac0, 0x0000017a934d5fc0, 0x0000017a849856a0,
0x0000017a9aa2b7f0, 0x0000017a9aa620c0, 0x0000017a9aa67ca0, 0x0000017a84796990,
0x0000017a8479b1c0, 0x0000017a8479ecd0, 0x0000017a847a0710, 0x0000017a847a4220,
0x0000017a91b358e0, 0x0000017a91b310b0, 0x0000017a91b2e950, 0x0000017a91b2d5a0,
0x0000017a91b34bc0, 0x0000017a91b36600, 0x0000017a91b44bb0, 0x0000017a91b48030,
0x0000017a935b6110, 0x0000017a935beae0, 0x0000017a867e2f50, 0x0000017a867e5020,
0x0000017a867eb290, 0x0000017a867f07e0, 0x0000017a91629d90, 0x0000017a91629070,
0x0000017a935c2c80, 0x0000017a935d8850, 0x0000017a935d1f50, 0x0000017a935dc9f0,
0x0000017a91b3ae30, 0x0000017a91b3bb50, 0x0000017a849a1b70, 0x0000017a8498abf0,
0x0000017a8498fab0, 0x0000017afe5b5440, 0x0000017aff66f720, 0x0000017aff674c70,
0x0000017a867e1ba0, 0x0000017a9558cfa0, 0x0000017a95557a80, 0x0000017a95581e70,
0x0000017a847a7d30, 0x0000017a847af350, 0x0000017a847a6980, 0x0000017a935b8f00,
0x0000017a935c0bb0, 0x0000017a867df440, 0x0000017a8649a290, 0x0000017a8649e430,
0x0000017a8649fe70, 0x0000017a864a6e00, 0x0000017a864a25d0, 0x0000017a864a4010,
0x0000017a864a0500, 0x0000017a864a53c0, 0x0000017a864a7b20, 0x0000017a864a60e0,
0x0000017a8649f150, 0x0000017a864a46a0, 0x0000017a864ad070, 0x0000017a864a5a50,
0x0000017a864ac350, 0x0000017a864abcc0, 0x0000017a864a8ed0, 0x0000017a864ac9e0,
0x0000017a864add90, 0x0000017a864b4000, 0x0000017a864b32e0, 0x0000017a864b6760,
0x0000017a864b0b80, 0x0000017a8647a940, 0x0000017a864b18a0, 0x0000017a8647e450,
0x0000017a86482c80, 0x0000017a8647f800, 0x0000017a8647b660, 0x0000017a86481f60,
0x0000017a864b1f30, 0x0000017a8647fe90, 0x0000017a864b7480, 0x0000017a86484030,
0x0000017a86484d50, 0x0000017a86485a70, 0x0000017a86486790, 0x0000017a86483310,
0x0000017a8648a2a0, 0x0000017a8647afd0, 0x0000017a86486100, 0x0000017a8648e440
}

Java Threads: ( => current thread )
  0x0000017aa281cf10 JavaThread "main"                              [_thread_blocked, id=19816, stack(0x0000002cf8d00000,0x0000002cf8e00000) (1024K)]
  0x0000017ab92cdf40 JavaThread "Reference Handler"          daemon [_thread_blocked, id=13304, stack(0x0000002cf9100000,0x0000002cf9200000) (1024K)]
  0x0000017aa28c2480 JavaThread "Finalizer"                  daemon [_thread_blocked, id=3036, stack(0x0000002cf9200000,0x0000002cf9300000) (1024K)]
  0x0000017aa28c4fe0 JavaThread "Signal Dispatcher"          daemon [_thread_blocked, id=14848, stack(0x0000002cf9300000,0x0000002cf9400000) (1024K)]
  0x0000017aa28c7b50 JavaThread "Attach Listener"            daemon [_thread_blocked, id=8196, stack(0x0000002cf9400000,0x0000002cf9500000) (1024K)]
  0x0000017aa28d24b0 JavaThread "Service Thread"             daemon [_thread_blocked, id=20916, stack(0x0000002cf9500000,0x0000002cf9600000) (1024K)]
  0x0000017afb6fcf70 JavaThread "Monitor Deflation Thread"   daemon [_thread_blocked, id=20920, stack(0x0000002cf9600000,0x0000002cf9700000) (1024K)]
=>0x0000017aa28d8cf0 JavaThread "C2 CompilerThread0"         daemon [_thread_in_native, id=20924, stack(0x0000002cf9700000,0x0000002cf9800000) (1024K)]
  0x0000017afb6ffa90 JavaThread "C1 CompilerThread0"         daemon [_thread_blocked, id=9616, stack(0x0000002cf9800000,0x0000002cf9900000) (1024K)]
  0x0000017afb9cb820 JavaThread "Common-Cleaner"             daemon [_thread_blocked, id=2924, stack(0x0000002cf9c00000,0x0000002cf9d00000) (1024K)]
  0x0000017afd010500 JavaThread "Notification Thread"        daemon [_thread_blocked, id=12312, stack(0x0000002cf9d00000,0x0000002cf9e00000) (1024K)]
  0x0000017afd861ed0 JavaThread "Active Thread: Equinox Container: c3c32d61-5d48-48a3-8b33-199a3de30bf5"        [_thread_blocked, id=20796, stack(0x0000002cfa700000,0x0000002cfa800000) (1024K)]
  0x0000017afddfa500 JavaThread "Refresh Thread: Equinox Container: c3c32d61-5d48-48a3-8b33-199a3de30bf5" daemon [_thread_blocked, id=1856, stack(0x0000002cf9a00000,0x0000002cf9b00000) (1024K)]
  0x0000017afdf293e0 JavaThread "Framework Event Dispatcher: Equinox Container: c3c32d61-5d48-48a3-8b33-199a3de30bf5" daemon [_thread_blocked, id=4832, stack(0x0000002cf9b00000,0x0000002cf9c00000) (1024K)]
  0x0000017afd9c1830 JavaThread "Start Level: Equinox Container: c3c32d61-5d48-48a3-8b33-199a3de30bf5" daemon [_thread_blocked, id=4828, stack(0x0000002cf9e00000,0x0000002cf9f00000) (1024K)]
  0x0000017afddc0190 JavaThread "Bundle File Closer"         daemon [_thread_blocked, id=4232, stack(0x0000002cfaa00000,0x0000002cfab00000) (1024K)]
  0x0000017afde30eb0 JavaThread "SCR Component Actor"        daemon [_thread_blocked, id=6776, stack(0x0000002cfab00000,0x0000002cfac00000) (1024K)]
  0x0000017afd035960 JavaThread "Worker-JM"                         [_thread_blocked, id=10308, stack(0x0000002cfb000000,0x0000002cfb100000) (1024K)]
  0x0000017afdf89c50 JavaThread "JNA Cleaner"                daemon [_thread_blocked, id=21340, stack(0x0000002cfaf00000,0x0000002cfb000000) (1024K)]
  0x0000017afdf895c0 JavaThread "Worker-1: Initialize workspace"        [_thread_blocked, id=21036, stack(0x0000002cfb500000,0x0000002cfb600000) (1024K)]
  0x0000017afdf8a2e0 JavaThread "Worker-2: Initialize workspace"        [_thread_blocked, id=20396, stack(0x0000002cfb600000,0x0000002cfb700000) (1024K)]
  0x0000017aff898860 JavaThread "Java indexing"              daemon [_thread_blocked, id=15228, stack(0x0000002cfb800000,0x0000002cfb900000) (1024K)]
  0x0000017aff89b650 JavaThread "Worker-4: Initialize workspace"        [_thread_blocked, id=9308, stack(0x0000002cfbe00000,0x0000002cfbf00000) (1024K)]
  0x0000017aff899580 JavaThread "Worker-5: Initialize workspace"        [_thread_blocked, id=9364, stack(0x0000002cfbf00000,0x0000002cfc000000) (1024K)]
  0x0000017aff89afc0 JavaThread "Thread-1"                   daemon [_thread_in_native, id=19820, stack(0x0000002cfc000000,0x0000002cfc100000) (1024K)]
  0x0000017aff8981d0 JavaThread "Thread-2"                   daemon [_thread_in_native, id=15440, stack(0x0000002cfc100000,0x0000002cfc200000) (1024K)]
  0x0000017aff89bce0 JavaThread "Thread-3"                   daemon [_thread_in_native, id=18888, stack(0x0000002cfc200000,0x0000002cfc300000) (1024K)]
  0x0000017aff89d090 JavaThread "Thread-4"                   daemon [_thread_in_native, id=8072, stack(0x0000002cfc300000,0x0000002cfc400000) (1024K)]
  0x0000017aff899c10 JavaThread "Thread-5"                   daemon [_thread_in_native, id=7224, stack(0x0000002cfc400000,0x0000002cfc500000) (1024K)]
  0x0000017aff89a2a0 JavaThread "Thread-6"                   daemon [_thread_in_native, id=14876, stack(0x0000002cfc500000,0x0000002cfc600000) (1024K)]
  0x0000017aff89c370 JavaThread "Thread-7"                   daemon [_thread_in_native, id=20612, stack(0x0000002cfc600000,0x0000002cfc700000) (1024K)]
  0x0000017aff89d720 JavaThread "Thread-8"                   daemon [_thread_in_native, id=1384, stack(0x0000002cfc700000,0x0000002cfc800000) (1024K)]
  0x0000017aff89ca00 JavaThread "Thread-9"                   daemon [_thread_in_native, id=2284, stack(0x0000002cfc800000,0x0000002cfc900000) (1024K)]
  0x0000017aff89ddb0 JavaThread "Thread-10"                  daemon [_thread_in_native, id=14884, stack(0x0000002cfc900000,0x0000002cfca00000) (1024K)]
  0x0000017aff89a930 JavaThread "Thread-11"                  daemon [_thread_in_native, id=17656, stack(0x0000002cfca00000,0x0000002cfcb00000) (1024K)]
  0x0000017aff89e440 JavaThread "Thread-12"                  daemon [_thread_in_native, id=17740, stack(0x0000002cfcb00000,0x0000002cfcc00000) (1024K)]
  0x0000017aff89ead0 JavaThread "Thread-13"                  daemon [_thread_in_native, id=19596, stack(0x0000002cfcc00000,0x0000002cfcd00000) (1024K)]
  0x0000017aff89f160 JavaThread "Thread-14"                  daemon [_thread_in_native, id=8840, stack(0x0000002cfcd00000,0x0000002cfce00000) (1024K)]
  0x0000017aff89f7f0 JavaThread "Thread-15"                  daemon [_thread_in_native, id=17744, stack(0x0000002cfce00000,0x0000002cfcf00000) (1024K)]
  0x0000017a855148e0 JavaThread "Thread-16"                  daemon [_thread_in_native, id=12028, stack(0x0000002cfcf00000,0x0000002cfd000000) (1024K)]
  0x0000017a85512ea0 JavaThread "Thread-17"                  daemon [_thread_in_native, id=14708, stack(0x0000002cfd000000,0x0000002cfd100000) (1024K)]
  0x0000017a85514250 JavaThread "pool-2-thread-1"                   [_thread_blocked, id=10472, stack(0x0000002cfd100000,0x0000002cfd200000) (1024K)]
  0x0000017a85513530 JavaThread "Worker-7: Initialize workspace"        [_thread_blocked, id=12560, stack(0x0000002cfd300000,0x0000002cfd400000) (1024K)]
  0x0000017a85515600 JavaThread "WorkspaceEventsHandler"            [_thread_blocked, id=18012, stack(0x0000002cfd400000,0x0000002cfd500000) (1024K)]
  0x0000017a85513bc0 JavaThread "pool-1-thread-1"                   [_thread_blocked, id=12032, stack(0x0000002cfd500000,0x0000002cfd600000) (1024K)]
  0x0000017a85517d60 JavaThread "LocalFile Deleter"          daemon [_thread_blocked, id=7796, stack(0x0000002cfbb00000,0x0000002cfbc00000) (1024K)]
  0x0000017a85514f70 JavaThread "LocalFile Deleter"          daemon [_thread_blocked, id=12264, stack(0x0000002cfbc00000,0x0000002cfbd00000) (1024K)]
  0x0000017a85516320 JavaThread "LocalFile Deleter"          daemon [_thread_blocked, id=18896, stack(0x0000002cfbd00000,0x0000002cfbe00000) (1024K)]
  0x0000017a855169b0 JavaThread "LocalFile Deleter"          daemon [_thread_blocked, id=15792, stack(0x0000002cfd800000,0x0000002cfd900000) (1024K)]
  0x0000017a85518a80 JavaThread "LocalFile Deleter"          daemon [_thread_blocked, id=15800, stack(0x0000002cfd900000,0x0000002cfda00000) (1024K)]
  0x0000017a855197a0 JavaThread "LocalFile Deleter"          daemon [_thread_blocked, id=5160, stack(0x0000002cfda00000,0x0000002cfdb00000) (1024K)]
  0x0000017aff898ef0 JavaThread "LocalFile Deleter"          daemon [_thread_blocked, id=4304, stack(0x0000002cfdb00000,0x0000002cfdc00000) (1024K)]
  0x0000017a84d3eb30 JavaThread "LocalFile Deleter"          daemon [_thread_blocked, id=15384, stack(0x0000002cfdc00000,0x0000002cfdd00000) (1024K)]
  0x0000017a84d3c3d0 JavaThread "LocalFile Deleter"          daemon [_thread_blocked, id=2960, stack(0x0000002cfdd00000,0x0000002cfde00000) (1024K)]
  0x0000017a84d3f1c0 JavaThread "LocalFile Deleter"          daemon [_thread_blocked, id=20064, stack(0x0000002cfde00000,0x0000002cfdf00000) (1024K)]
  0x0000017a84d3ca60 JavaThread "LocalFile Deleter"          daemon [_thread_blocked, id=22160, stack(0x0000002cfdf00000,0x0000002cfe000000) (1024K)]
  0x0000017a84d3d0f0 JavaThread "LocalFile Deleter"          daemon [_thread_blocked, id=16876, stack(0x0000002cfe000000,0x0000002cfe100000) (1024K)]
  0x0000017a84d3d780 JavaThread "LocalFile Deleter"          daemon [_thread_blocked, id=22776, stack(0x0000002cfe100000,0x0000002cfe200000) (1024K)]
  0x0000017a84d3bd40 JavaThread "Compiler Source File Reader" daemon [_thread_blocked, id=6656, stack(0x0000002cfe200000,0x0000002cfe300000) (1024K)]
  0x0000017a84d3e4a0 JavaThread "Compiler Source File Reader" daemon [_thread_blocked, id=22060, stack(0x0000002cfe300000,0x0000002cfe400000) (1024K)]
  0x0000017afdcc7d60 JavaThread "Compiler Source File Reader" daemon [_thread_blocked, id=5808, stack(0x0000002cfe400000,0x0000002cfe500000) (1024K)]
  0x0000017afdcc69b0 JavaThread "Compiler Source File Reader" daemon [_thread_blocked, id=15296, stack(0x0000002cfe500000,0x0000002cfe600000) (1024K)]
  0x0000017afdcc9110 JavaThread "Compiler Source File Reader" daemon [_thread_blocked, id=23168, stack(0x0000002cfe600000,0x0000002cfe700000) (1024K)]
  0x0000017afdcc8a80 JavaThread "Compiler Source File Reader" daemon [_thread_blocked, id=5152, stack(0x0000002cfe700000,0x0000002cfe800000) (1024K)]
  0x0000017afdcc97a0 JavaThread "Compiler Source File Reader" daemon [_thread_blocked, id=14260, stack(0x0000002cfe800000,0x0000002cfe900000) (1024K)]
  0x0000017afdcc7040 JavaThread "Compiler Source File Reader" daemon [_thread_blocked, id=19176, stack(0x0000002cfe900000,0x0000002cfea00000) (1024K)]
  0x0000017afdcc6320 JavaThread "Compiler Source File Reader" daemon [_thread_blocked, id=20420, stack(0x0000002cfea00000,0x0000002cfeb00000) (1024K)]
  0x0000017afdcc9e30 JavaThread "Compiler Source File Reader" daemon [_thread_blocked, id=9948, stack(0x0000002cfeb00000,0x0000002cfec00000) (1024K)]
  0x0000017afdcc83f0 JavaThread "Compiler Source File Reader" daemon [_thread_blocked, id=18232, stack(0x0000002cfec00000,0x0000002cfed00000) (1024K)]
  0x0000017afdcca4c0 JavaThread "Compiler Source File Reader" daemon [_thread_blocked, id=16324, stack(0x0000002cfed00000,0x0000002cfee00000) (1024K)]
  0x0000017afdccab50 JavaThread "Compiler Source File Reader" daemon [_thread_blocked, id=17792, stack(0x0000002cfee00000,0x0000002cfef00000) (1024K)]
  0x0000017afdccb1e0 JavaThread "PatternSearchJob-worker-1"  daemon [_thread_blocked, id=9604, stack(0x0000002cfb400000,0x0000002cfb500000) (1024K)]
  0x0000017afdccb870 JavaThread "PatternSearchJob-worker-2"  daemon [_thread_blocked, id=20272, stack(0x0000002cfb700000,0x0000002cfb800000) (1024K)]
  0x0000017afdccbf00 JavaThread "PatternSearchJob-worker-3"  daemon [_thread_blocked, id=20872, stack(0x0000002cfb900000,0x0000002cfba00000) (1024K)]
  0x0000017afdcccc20 JavaThread "PatternSearchJob-worker-4"  daemon [_thread_blocked, id=22900, stack(0x0000002cfef00000,0x0000002cff000000) (1024K)]
  0x0000017afdccc590 JavaThread "PatternSearchJob-worker-5"  daemon [_thread_blocked, id=12988, stack(0x0000002cff000000,0x0000002cff100000) (1024K)]
  0x0000017afdccd2b0 JavaThread "PatternSearchJob-worker-6"  daemon [_thread_blocked, id=4148, stack(0x0000002cff100000,0x0000002cff200000) (1024K)]
  0x0000017afdccd940 JavaThread "PatternSearchJob-worker-7"  daemon [_thread_blocked, id=10272, stack(0x0000002cff200000,0x0000002cff300000) (1024K)]
  0x0000017a8425bad0 JavaThread "PatternSearchJob-worker-8"  daemon [_thread_blocked, id=15020, stack(0x0000002cff300000,0x0000002cff400000) (1024K)]
  0x0000017a8425ef50 JavaThread "PatternSearchJob-worker-9"  daemon [_thread_blocked, id=17696, stack(0x0000002cff400000,0x0000002cff500000) (1024K)]
  0x0000017a8425e8c0 JavaThread "PatternSearchJob-worker-10" daemon [_thread_blocked, id=15428, stack(0x0000002cff500000,0x0000002cff600000) (1024K)]
  0x0000017a8425dba0 JavaThread "PatternSearchJob-worker-11" daemon [_thread_blocked, id=9672, stack(0x0000002cff600000,0x0000002cff700000) (1024K)]
  0x0000017a8425d510 JavaThread "PatternSearchJob-worker-12" daemon [_thread_blocked, id=22504, stack(0x0000002cff700000,0x0000002cff800000) (1024K)]
  0x0000017a8425e230 JavaThread "PatternSearchJob-worker-13" daemon [_thread_blocked, id=22096, stack(0x0000002cff800000,0x0000002cff900000) (1024K)]
  0x0000017a8425f5e0 JavaThread "PatternSearchJob-worker-14" daemon [_thread_blocked, id=22440, stack(0x0000002cff900000,0x0000002cffa00000) (1024K)]
  0x0000017a8425c160 JavaThread "PatternSearchJob-worker-15" daemon [_thread_blocked, id=10320, stack(0x0000002cffa00000,0x0000002cffb00000) (1024K)]
  0x0000017a84260300 JavaThread "Compiler Class File Writer" daemon [_thread_blocked, id=7792, stack(0x0000002cffc00000,0x0000002cffd00000) (1024K)]
  0x0000017a8425ce80 JavaThread "Compiler Class File Writer" daemon [_thread_blocked, id=18248, stack(0x0000002cffd00000,0x0000002cffe00000) (1024K)]
  0x0000017a842616b0 JavaThread "Compiler Class File Writer" daemon [_thread_blocked, id=23508, stack(0x0000002cffe00000,0x0000002cfff00000) (1024K)]
  0x0000017a84260990 JavaThread "Compiler Class File Writer" daemon [_thread_blocked, id=2656, stack(0x0000002cfff00000,0x0000002d00000000) (1024K)]
  0x0000017a84261020 JavaThread "Compiler Class File Writer" daemon [_thread_blocked, id=21152, stack(0x0000002c80000000,0x0000002c80100000) (1024K)]
  0x0000017a84261d40 JavaThread "Compiler Class File Writer" daemon [_thread_blocked, id=18484, stack(0x0000002c80100000,0x0000002c80200000) (1024K)]
  0x0000017a842630f0 JavaThread "Compiler Class File Writer" daemon [_thread_blocked, id=14752, stack(0x0000002c80200000,0x0000002c80300000) (1024K)]
  0x0000017a842623d0 JavaThread "Compiler Class File Writer" daemon [_thread_blocked, id=2528, stack(0x0000002c80300000,0x0000002c80400000) (1024K)]
  0x0000017a84262a60 JavaThread "Compiler Class File Writer" daemon [_thread_blocked, id=10920, stack(0x0000002c80400000,0x0000002c80500000) (1024K)]
  0x0000017a87f2d200 JavaThread "Compiler Class File Writer" daemon [_thread_blocked, id=7704, stack(0x0000002c80500000,0x0000002c80600000) (1024K)]
  0x0000017a87f2be50 JavaThread "Compiler Class File Writer" daemon [_thread_blocked, id=13388, stack(0x0000002c80600000,0x0000002c80700000) (1024K)]
  0x0000017a87f2a410 JavaThread "Compiler Class File Writer" daemon [_thread_blocked, id=10908, stack(0x0000002c80700000,0x0000002c80800000) (1024K)]
  0x0000017a87f2c4e0 JavaThread "Compiler Class File Writer" daemon [_thread_blocked, id=21980, stack(0x0000002c80800000,0x0000002c80900000) (1024K)]
  0x0000017a87f2cb70 JavaThread "Compiler Source File Reader" daemon [_thread_blocked, id=10536, stack(0x0000002c80900000,0x0000002c80a00000) (1024K)]
  0x0000017a87f2d890 JavaThread "Compiler Class File Writer" daemon [_thread_blocked, id=21388, stack(0x0000002c80a00000,0x0000002c80b00000) (1024K)]
  0x0000017a87f2aaa0 JavaThread "Worker-9: Initialize workspace"        [_thread_blocked, id=22940, stack(0x0000002c81100000,0x0000002c81200000) (1024K)]
  0x0000017a87f2e5b0 JavaThread "Worker-11: Initialize workspace"        [_thread_blocked, id=5616, stack(0x0000002c81500000,0x0000002c81600000) (1024K)]
  0x0000017a87f2b130 JavaThread "Worker-12: Initialize workspace"        [_thread_blocked, id=22328, stack(0x0000002c81600000,0x0000002c81700000) (1024K)]
  0x0000017a87f31a30 JavaThread "Worker-13: Initialize workspace"        [_thread_blocked, id=10228, stack(0x0000002c81900000,0x0000002c81a00000) (1024K)]
  0x0000017a87f313a0 JavaThread "Worker-14: Initialize workspace"        [_thread_blocked, id=10548, stack(0x0000002c81a00000,0x0000002c81b00000) (1024K)]
  0x0000017a87f2f960 JavaThread "Worker-15: Initialize workspace"        [_thread_blocked, id=4080, stack(0x0000002c81b00000,0x0000002c81c00000) (1024K)]
  0x0000017a87f30680 JavaThread "Worker-16: Initialize workspace"        [_thread_blocked, id=16852, stack(0x0000002c81c00000,0x0000002c81d00000) (1024K)]
  0x0000017a87f2ec40 JavaThread "Worker-17: Initialize workspace"        [_thread_blocked, id=22620, stack(0x0000002c81d00000,0x0000002c81e00000) (1024K)]
  0x0000017a87f30d10 JavaThread "Worker-19: Initialize workspace"        [_thread_blocked, id=9360, stack(0x0000002c81700000,0x0000002c81800000) (1024K)]
  0x0000017a91622770 JavaThread "Worker-20: Initialize workspace"        [_thread_blocked, id=14928, stack(0x0000002c82000000,0x0000002c82100000) (1024K)]
  0x0000017a916241b0 JavaThread "Worker-21: Initialize workspace"        [_thread_blocked, id=10156, stack(0x0000002c81f00000,0x0000002c82000000) (1024K)]
  0x0000017a91624840 JavaThread "Worker-22: Initialize workspace"        [_thread_blocked, id=21900, stack(0x0000002c82200000,0x0000002c82300000) (1024K)]
  0x0000017a91623b20 JavaThread "Worker-23: Initialize workspace"        [_thread_blocked, id=22128, stack(0x0000002c82100000,0x0000002c82200000) (1024K)]
  0x0000017a91624ed0 JavaThread "Worker-24: Initialize workspace"        [_thread_blocked, id=22536, stack(0x0000002c82400000,0x0000002c82500000) (1024K)]
  0x0000017a91622e00 JavaThread "Worker-25: Initialize workspace"        [_thread_blocked, id=8976, stack(0x0000002c82300000,0x0000002c82400000) (1024K)]
  0x0000017a91625560 JavaThread "Worker-26: Initialize workspace"        [_thread_blocked, id=10680, stack(0x0000002c82600000,0x0000002c82700000) (1024K)]
  0x0000017a91626910 JavaThread "Worker-27: Initialize workspace"        [_thread_blocked, id=9724, stack(0x0000002c82700000,0x0000002c82800000) (1024K)]
  0x0000017a91626280 JavaThread "Worker-28: Initialize workspace"        [_thread_blocked, id=21692, stack(0x0000002c82500000,0x0000002c82600000) (1024K)]
  0x0000017a91623490 JavaThread "Worker-29: Initialize workspace"        [_thread_blocked, id=8780, stack(0x0000002c82800000,0x0000002c82900000) (1024K)]
  0x0000017a91627630 JavaThread "Worker-30: Initialize workspace"        [_thread_blocked, id=16096, stack(0x0000002c82a00000,0x0000002c82b00000) (1024K)]
  0x0000017a91627cc0 JavaThread "Worker-31: Initialize workspace"        [_thread_blocked, id=19216, stack(0x0000002c82900000,0x0000002c82a00000) (1024K)]
  0x0000017a8581b5e0 JavaThread "Connection worker"                 [_thread_in_native, id=15120, stack(0x0000002c83c00000,0x0000002c83d00000) (1024K)]
  0x0000017a8581a230 JavaThread "Worker-32: Initialize workspace"        [_thread_blocked, id=14396, stack(0x0000002c84000000,0x0000002c84100000) (1024K)]
  0x0000017a8581af50 JavaThread "Worker-33: Initialize workspace"        [_thread_blocked, id=7572, stack(0x0000002c84200000,0x0000002c84300000) (1024K)]
  0x0000017afeebfa10 JavaThread "Connection worker"                 [_thread_blocked, id=11248, stack(0x0000002c84300000,0x0000002c84400000) (1024K)]
  0x0000017afeebecf0 JavaThread "Connection worker"                 [_thread_blocked, id=22704, stack(0x0000002c84500000,0x0000002c84600000) (1024K)]
  0x0000017afeec0730 JavaThread "Worker-34: Initialize workspace"        [_thread_blocked, id=6160, stack(0x0000002c84800000,0x0000002c84900000) (1024K)]
  0x0000017afeec1450 JavaThread "Worker-35: Initialize workspace"        [_thread_blocked, id=18380, stack(0x0000002c84a00000,0x0000002c84b00000) (1024K)]
  0x0000017afeec0dc0 JavaThread "Worker-36: Initialize workspace"        [_thread_blocked, id=4004, stack(0x0000002c84900000,0x0000002c84a00000) (1024K)]
  0x0000017afeec1ae0 JavaThread "Connection worker"                 [_thread_blocked, id=8488, stack(0x0000002c84d00000,0x0000002c84e00000) (1024K)]
  0x0000017afeebe660 JavaThread "Connection worker"                 [_thread_blocked, id=17508, stack(0x0000002c84e00000,0x0000002c84f00000) (1024K)]
  0x0000017afeec2170 JavaThread "Worker-37: Initialize workspace"        [_thread_blocked, id=4600, stack(0x0000002c85000000,0x0000002c85100000) (1024K)]
  0x0000017afeec4240 JavaThread "Connection worker"                 [_thread_blocked, id=7180, stack(0x0000002c84f00000,0x0000002c85000000) (1024K)]
  0x0000017afeec48d0 JavaThread "Worker-38: Initialize workspace"        [_thread_blocked, id=5200, stack(0x0000002c85100000,0x0000002c85200000) (1024K)]
  0x0000017afeec3520 JavaThread "Worker-39: Initialize workspace"        [_thread_blocked, id=6436, stack(0x0000002c85200000,0x0000002c85300000) (1024K)]
  0x0000017afeec2800 JavaThread "Connection worker"                 [_thread_blocked, id=6444, stack(0x0000002c85400000,0x0000002c85500000) (1024K)]
  0x0000017afeec3bb0 JavaThread "Worker-40: Initialize workspace"        [_thread_blocked, id=3964, stack(0x0000002c85500000,0x0000002c85600000) (1024K)]
  0x0000017a86c6d990 JavaThread "Worker-41: Initialize workspace"        [_thread_blocked, id=2504, stack(0x0000002c85600000,0x0000002c85700000) (1024K)]
  0x0000017a86c6f3d0 JavaThread "Worker-42: Initialize workspace"        [_thread_blocked, id=5472, stack(0x0000002c85900000,0x0000002c85a00000) (1024K)]
  0x0000017a86c6d300 JavaThread "Worker-44: Initialize workspace"        [_thread_blocked, id=22484, stack(0x0000002c85e00000,0x0000002c85f00000) (1024K)]
  0x0000017a86c70780 JavaThread "Worker-45: Initialize workspace"        [_thread_blocked, id=22352, stack(0x0000002c85f00000,0x0000002c86000000) (1024K)]
  0x0000017a86c6fa60 JavaThread "Worker-46: Initialize workspace"        [_thread_blocked, id=10948, stack(0x0000002c86000000,0x0000002c86100000) (1024K)]
  0x0000017a86c72ee0 JavaThread "Worker-47: Initialize workspace"        [_thread_blocked, id=6276, stack(0x0000002c86200000,0x0000002c86300000) (1024K)]
  0x0000017a86c714a0 JavaThread "Worker-48: Initialize workspace"        [_thread_blocked, id=22596, stack(0x0000002c86500000,0x0000002c86600000) (1024K)]
  0x0000017a86c74290 JavaThread "Worker-50: Initialize workspace"        [_thread_blocked, id=14788, stack(0x0000002c86800000,0x0000002c86900000) (1024K)]
  0x0000017a86c74920 JavaThread "Connection worker"                 [_thread_blocked, id=21660, stack(0x0000002c86a00000,0x0000002c86b00000) (1024K)]
  0x0000017a86c74fb0 JavaThread "Worker-61: Initialize workspace"        [_thread_blocked, id=6000, stack(0x0000002c86c00000,0x0000002c86d00000) (1024K)]
  0x0000017a86c797e0 JavaThread "Connection worker"                 [_thread_in_native, id=21324, stack(0x0000002c87000000,0x0000002c87100000) (1024K)]
  0x0000017a86c769f0 JavaThread "Worker-67: Initialize workspace"        [_thread_blocked, id=2572, stack(0x0000002c86700000,0x0000002c86800000) (1024K)]
  0x0000017a86c79e70 JavaThread "Worker-84: Initialize workspace"        [_thread_blocked, id=18096, stack(0x0000002c87100000,0x0000002c87200000) (1024K)]
  0x0000017a86c721c0 JavaThread "Worker-94: Initialize workspace"        [_thread_blocked, id=18292, stack(0x0000002c86f00000,0x0000002c87000000) (1024K)]
  0x0000017a86c77da0 JavaThread "Worker-103: Initialize workspace"        [_thread_blocked, id=8284, stack(0x0000002c87300000,0x0000002c87400000) (1024K)]
  0x0000017a86c77080 JavaThread "Worker-116: Initialize workspace"        [_thread_blocked, id=19200, stack(0x0000002c87400000,0x0000002c87500000) (1024K)]
  0x0000017a86c77710 JavaThread "Connection worker"                 [_thread_blocked, id=23008, stack(0x0000002c86d00000,0x0000002c86e00000) (1024K)]
  0x0000017a86c79150 JavaThread "Connection worker"                 [_thread_blocked, id=15968, stack(0x0000002c87500000,0x0000002c87600000) (1024K)]
  0x0000017a86c7ab90 JavaThread "Connection worker"                 [_thread_blocked, id=14484, stack(0x0000002c87900000,0x0000002c87a00000) (1024K)]
  0x0000017a86c7a500 JavaThread "Worker-133: Initialize workspace"        [_thread_blocked, id=10136, stack(0x0000002c87800000,0x0000002c87900000) (1024K)]
  0x0000017a934c80a0 JavaThread "Connection worker"                 [_thread_blocked, id=5508, stack(0x0000002c87c00000,0x0000002c87d00000) (1024K)]
  0x0000017a934ca800 JavaThread "Worker-156: Initialize workspace"        [_thread_blocked, id=22344, stack(0x0000002c87d00000,0x0000002c87e00000) (1024K)]
  0x0000017a934c8730 JavaThread "Worker-165: Initialize workspace"        [_thread_blocked, id=7076, stack(0x0000002c87a00000,0x0000002c87b00000) (1024K)]
  0x0000017a934ca170 JavaThread "Worker-170: Initialize workspace"        [_thread_blocked, id=9136, stack(0x0000002c87f00000,0x0000002c88000000) (1024K)]
  0x0000017a934c8dc0 JavaThread "Connection worker"                 [_thread_blocked, id=19436, stack(0x0000002c88000000,0x0000002c88100000) (1024K)]
  0x0000017a934c9450 JavaThread "Worker-192: Initialize workspace"        [_thread_blocked, id=2348, stack(0x0000002c88400000,0x0000002c88500000) (1024K)]
  0x0000017a934ce9a0 JavaThread "Worker-207: Initialize workspace"        [_thread_blocked, id=15044, stack(0x0000002c88600000,0x0000002c88700000) (1024K)]
  0x0000017a934cf030 JavaThread "Worker-220: Initialize workspace"        [_thread_blocked, id=20928, stack(0x0000002c88700000,0x0000002c88800000) (1024K)]
  0x0000017a934cf6c0 JavaThread "Worker-231: Initialize workspace"        [_thread_blocked, id=13960, stack(0x0000002c88100000,0x0000002c88200000) (1024K)]
  0x0000017a934cc240 JavaThread "Connection worker"                 [_thread_in_native, id=18144, stack(0x0000002c88300000,0x0000002c88400000) (1024K)]
  0x0000017a934cfd50 JavaThread "Worker-241: Initialize workspace"        [_thread_blocked, id=8200, stack(0x0000002c88a00000,0x0000002c88b00000) (1024K)]
  0x0000017a934cd5f0 JavaThread "Worker-253: Initialize workspace"        [_thread_blocked, id=21672, stack(0x0000002c88d00000,0x0000002c88e00000) (1024K)]
  0x0000017a934ccf60 JavaThread "Worker-262: Initialize workspace"        [_thread_blocked, id=22768, stack(0x0000002c88e00000,0x0000002c88f00000) (1024K)]
  0x0000017a934d1e20 JavaThread "Worker-282: Initialize workspace"        [_thread_blocked, id=9396, stack(0x0000002c81800000,0x0000002c81900000) (1024K)]
  0x0000017a934d1100 JavaThread "Worker-303: Initialize workspace"        [_thread_blocked, id=13428, stack(0x0000002c80b00000,0x0000002c80c00000) (1024K)]
  0x0000017a934d52a0 JavaThread "Worker-316: Initialize workspace"        [_thread_blocked, id=13356, stack(0x0000002c88f00000,0x0000002c89000000) (1024K)]
  0x0000017a934d1790 JavaThread "Worker-326: Initialize workspace"        [_thread_blocked, id=19172, stack(0x0000002c89300000,0x0000002c89400000) (1024K)]
  0x0000017a934d24b0 JavaThread "Worker-345: Initialize workspace"        [_thread_blocked, id=8616, stack(0x0000002c89200000,0x0000002c89300000) (1024K)]
  0x0000017a86c7b220 JavaThread "Worker-362: Initialize workspace"        [_thread_blocked, id=7884, stack(0x0000002c88b00000,0x0000002c88c00000) (1024K)]
  0x0000017a86c78430 JavaThread "Connection worker"                 [_thread_in_native, id=9224, stack(0x0000002c89500000,0x0000002c89600000) (1024K)]
  0x0000017a934d7370 JavaThread "Worker-376: Initialize workspace"        [_thread_blocked, id=2064, stack(0x0000002c89b00000,0x0000002c89c00000) (1024K)]
  0x0000017a934d6650 JavaThread "Worker-386: Initialize workspace"        [_thread_blocked, id=10304, stack(0x0000002c89d00000,0x0000002c89e00000) (1024K)]
  0x0000017a934d4580 JavaThread "Worker-396: Initialize workspace"        [_thread_blocked, id=2100, stack(0x0000002c89c00000,0x0000002c89d00000) (1024K)]
  0x0000017a934d6ce0 JavaThread "Worker-414: Initialize workspace"        [_thread_blocked, id=20880, stack(0x0000002c89800000,0x0000002c89900000) (1024K)]
  0x0000017afe5b1fc0 JavaThread "Worker-431: Initialize workspace"        [_thread_blocked, id=12924, stack(0x0000002c8a500000,0x0000002c8a600000) (1024K)]
  0x0000017afe5b1930 JavaThread "Worker-441: Initialize workspace"        [_thread_blocked, id=21040, stack(0x0000002c8a100000,0x0000002c8a200000) (1024K)]
  0x0000017afe5b5ad0 JavaThread "Connection worker"                 [_thread_blocked, id=22284, stack(0x0000002c8ad00000,0x0000002c8ae00000) (1024K)]
  0x0000017afe5b6160 JavaThread "Worker-470: Initialize workspace"        [_thread_blocked, id=12672, stack(0x0000002c8ae00000,0x0000002c8af00000) (1024K)]
  0x0000017afe5b4db0 JavaThread "Worker-480: Initialize workspace"        [_thread_blocked, id=19472, stack(0x0000002c8ab00000,0x0000002c8ac00000) (1024K)]
  0x0000017afe5b3370 JavaThread "Worker-496: Initialize workspace"        [_thread_blocked, id=12972, stack(0x0000002c8af00000,0x0000002c8b000000) (1024K)]
  0x0000017afe5b67f0 JavaThread "Connection worker"                 [_thread_blocked, id=4544, stack(0x0000002c8ac00000,0x0000002c8ad00000) (1024K)]
  0x0000017aff6694b0 JavaThread "Worker-514: Initialize workspace"        [_thread_blocked, id=18496, stack(0x0000002c8b200000,0x0000002c8b300000) (1024K)]
  0x0000017aff668e20 JavaThread "Worker-524: Initialize workspace"        [_thread_blocked, id=8312, stack(0x0000002c8b300000,0x0000002c8b400000) (1024K)]
  0x0000017aff667a70 JavaThread "Worker-542: Initialize workspace"        [_thread_blocked, id=14672, stack(0x0000002c8b400000,0x0000002c8b500000) (1024K)]
  0x0000017aff66cfc0 JavaThread "Worker-556: Initialize workspace"        [_thread_blocked, id=22696, stack(0x0000002c8ba00000,0x0000002c8bb00000) (1024K)]
  0x0000017aff66d650 JavaThread "Worker-569: Initialize workspace"        [_thread_blocked, id=10252, stack(0x0000002c8bc00000,0x0000002c8bd00000) (1024K)]
  0x0000017aff66bc10 JavaThread "Worker-579: Initialize workspace"        [_thread_blocked, id=5456, stack(0x0000002c8bd00000,0x0000002c8be00000) (1024K)]
  0x0000017aff66dce0 JavaThread "Worker-589: Initialize workspace"        [_thread_blocked, id=5216, stack(0x0000002c8bf00000,0x0000002c8c000000) (1024K)]
  0x0000017aff66aef0 JavaThread "Worker-602: Initialize workspace"        [_thread_blocked, id=18756, stack(0x0000002c8bb00000,0x0000002c8bc00000) (1024K)]
  0x0000017aff66ea00 JavaThread "Connection worker"                 [_thread_blocked, id=10168, stack(0x0000002c8c100000,0x0000002c8c200000) (1024K)]
  0x0000017aff66b580 JavaThread "Worker-615: Initialize workspace"        [_thread_blocked, id=14772, stack(0x0000002c8c200000,0x0000002c8c300000) (1024K)]
  0x0000017aff671e80 JavaThread "Connection worker"                 [_thread_blocked, id=18688, stack(0x0000002c8c300000,0x0000002c8c400000) (1024K)]
  0x0000017aff66fdb0 JavaThread "Worker-632: Initialize workspace"        [_thread_blocked, id=10996, stack(0x0000002c8c600000,0x0000002c8c700000) (1024K)]
  0x0000017aff673230 JavaThread "Worker-643: Initialize workspace"        [_thread_blocked, id=3812, stack(0x0000002c8c800000,0x0000002c8c900000) (1024K)]
  0x0000017aff672510 JavaThread "Worker-653: Initialize workspace"        [_thread_blocked, id=14696, stack(0x0000002c8c900000,0x0000002c8ca00000) (1024K)]
  0x0000017aff670440 JavaThread "Worker-663: Initialize workspace"        [_thread_blocked, id=23004, stack(0x0000002c8ca00000,0x0000002c8cb00000) (1024K)]
  0x0000017aff66f090 JavaThread "Worker-679: Initialize workspace"        [_thread_blocked, id=18024, stack(0x0000002c8c700000,0x0000002c8c800000) (1024K)]
  0x0000017aff671160 JavaThread "Connection worker"                 [_thread_blocked, id=18704, stack(0x0000002c8cd00000,0x0000002c8ce00000) (1024K)]
  0x0000017aff6738c0 JavaThread "Worker-695: Initialize workspace"        [_thread_blocked, id=21624, stack(0x0000002c8cf00000,0x0000002c8d000000) (1024K)]
  0x0000017aff6745e0 JavaThread "Worker-705: Initialize workspace"        [_thread_blocked, id=8540, stack(0x0000002c8d000000,0x0000002c8d100000) (1024K)]
  0x0000017aff673f50 JavaThread "Connection worker"                 [_thread_blocked, id=7804, stack(0x0000002c8d200000,0x0000002c8d300000) (1024K)]
  0x0000017aff675990 JavaThread "Worker-720: Initialize workspace"        [_thread_blocked, id=10368, stack(0x0000002c8d400000,0x0000002c8d500000) (1024K)]
  0x0000017a84f2c070 JavaThread "Worker-731: Initialize workspace"        [_thread_blocked, id=22668, stack(0x0000002c8d300000,0x0000002c8d400000) (1024K)]
  0x0000017a84f28bf0 JavaThread "Worker-744: Initialize workspace"        [_thread_blocked, id=3028, stack(0x0000002c8d700000,0x0000002c8d800000) (1024K)]
  0x0000017a84f2a630 JavaThread "Connection worker"                 [_thread_blocked, id=18128, stack(0x0000002c8d600000,0x0000002c8d700000) (1024K)]
  0x0000017a84f2b9e0 JavaThread "Worker-754: Initialize workspace"        [_thread_blocked, id=11168, stack(0x0000002c8d800000,0x0000002c8d900000) (1024K)]
  0x0000017a84f2acc0 JavaThread "Worker-767: Initialize workspace"        [_thread_blocked, id=23380, stack(0x0000002c8db00000,0x0000002c8dc00000) (1024K)]
  0x0000017a84f29280 JavaThread "Connection worker"                 [_thread_blocked, id=5064, stack(0x0000002c8da00000,0x0000002c8db00000) (1024K)]
  0x0000017a84f28560 JavaThread "Worker-779: Initialize workspace"        [_thread_blocked, id=14840, stack(0x0000002c8dd00000,0x0000002c8de00000) (1024K)]
  0x0000017a84f2c700 JavaThread "Worker-791: Initialize workspace"        [_thread_blocked, id=14776, stack(0x0000002c8de00000,0x0000002c8df00000) (1024K)]
  0x0000017a84f2d420 JavaThread "Connection worker"                 [_thread_blocked, id=22728, stack(0x0000002c8dc00000,0x0000002c8dd00000) (1024K)]
  0x0000017a84f2ee60 JavaThread "Worker-804: Initialize workspace"        [_thread_blocked, id=10080, stack(0x0000002c8e300000,0x0000002c8e400000) (1024K)]
  0x0000017a84f30f30 JavaThread "Worker-816: Initialize workspace"        [_thread_blocked, id=21392, stack(0x0000002c8e400000,0x0000002c8e500000) (1024K)]
  0x0000017a84f2dab0 JavaThread "Worker-825: Initialize workspace"        [_thread_blocked, id=22756, stack(0x0000002c8e200000,0x0000002c8e300000) (1024K)]
  0x0000017a84f315c0 JavaThread "Worker-835: Initialize workspace"        [_thread_blocked, id=19336, stack(0x0000002c8e700000,0x0000002c8e800000) (1024K)]
  0x0000017a84f31c50 JavaThread "Worker-844: Initialize workspace"        [_thread_blocked, id=22184, stack(0x0000002c8e600000,0x0000002c8e700000) (1024K)]
  0x0000017a84f322e0 JavaThread "Connection worker"                 [_thread_blocked, id=11004, stack(0x0000002c8e800000,0x0000002c8e900000) (1024K)]
  0x0000017a84f308a0 JavaThread "Worker-861: Initialize workspace"        [_thread_blocked, id=6608, stack(0x0000002c8e900000,0x0000002c8ea00000) (1024K)]
  0x0000017a84f2fb80 JavaThread "Worker-875: Initialize workspace"        [_thread_blocked, id=14784, stack(0x0000002c8ee00000,0x0000002c8ef00000) (1024K)]
  0x0000017a84f33000 JavaThread "Worker-885: Initialize workspace"        [_thread_blocked, id=19984, stack(0x0000002c8ed00000,0x0000002c8ee00000) (1024K)]
  0x0000017a84f350d0 JavaThread "Worker-895: Initialize workspace"        [_thread_blocked, id=9540, stack(0x0000002c8f000000,0x0000002c8f100000) (1024K)]
  0x0000017a84f33d20 JavaThread "Worker-905: Initialize workspace"        [_thread_blocked, id=14836, stack(0x0000002c8f100000,0x0000002c8f200000) (1024K)]
  0x0000017a84f36480 JavaThread "Worker-914: Initialize workspace"        [_thread_blocked, id=23336, stack(0x0000002c8f200000,0x0000002c8f300000) (1024K)]
  0x0000017a84f35df0 JavaThread "Worker-924: Initialize workspace"        [_thread_blocked, id=9192, stack(0x0000002c8f300000,0x0000002c8f400000) (1024K)]
  0x0000017a84f34a40 JavaThread "Worker-934: Initialize workspace"        [_thread_blocked, id=19964, stack(0x0000002c8ec00000,0x0000002c8ed00000) (1024K)]
  0x0000017a84f36b10 JavaThread "Worker-944: Initialize workspace"        [_thread_blocked, id=2096, stack(0x0000002c8a000000,0x0000002c8a100000) (1024K)]
  0x0000017aff675300 JavaThread "Worker-959: Initialize workspace"        [_thread_blocked, id=3052, stack(0x0000002c8f500000,0x0000002c8f600000) (1024K)]
  0x0000017a84f003f0 JavaThread "Connection worker"                 [_thread_blocked, id=15176, stack(0x0000002c8fe00000,0x0000002c8ff00000) (1024K)]
  0x0000017a84eff040 JavaThread "Connection worker"                 [_thread_blocked, id=8096, stack(0x0000002c8f600000,0x0000002c8f700000) (1024K)]
  0x0000017a84efe9b0 JavaThread "Connection worker"                 [_thread_blocked, id=15668, stack(0x0000002c8f800000,0x0000002c8f900000) (1024K)]
  0x0000017a84effd60 JavaThread "Connection worker"                 [_thread_blocked, id=8944, stack(0x0000002c8fa00000,0x0000002c8fb00000) (1024K)]
  0x0000017a84efe320 JavaThread "Connection worker"                 [_thread_blocked, id=22172, stack(0x0000002c8fd00000,0x0000002c8fe00000) (1024K)]
  0x0000017a84eff6d0 JavaThread "Worker-985: Initialize workspace"        [_thread_blocked, id=19884, stack(0x0000002c8fc00000,0x0000002c8fd00000) (1024K)]
  0x0000017a84efdc90 JavaThread "Worker-993: Initialize workspace"        [_thread_blocked, id=17452, stack(0x0000002c90000000,0x0000002c90100000) (1024K)]
  0x0000017a84f04590 JavaThread "Worker-1006: Initialize workspace"        [_thread_blocked, id=22572, stack(0x0000002c90200000,0x0000002c90300000) (1024K)]
  0x0000017a84f01e30 JavaThread "Worker-1017: Initialize workspace"        [_thread_blocked, id=13076, stack(0x0000002c90500000,0x0000002c90600000) (1024K)]
  0x0000017a84f02b50 JavaThread "Connection worker"                 [_thread_blocked, id=9008, stack(0x0000002c90600000,0x0000002c90700000) (1024K)]
  0x0000017a84f052b0 JavaThread "Worker-1031: Initialize workspace"        [_thread_blocked, id=18936, stack(0x0000002c90900000,0x0000002c90a00000) (1024K)]
  0x0000017a84f05fd0 JavaThread "Worker-1043: Initialize workspace"        [_thread_blocked, id=23492, stack(0x0000002c90800000,0x0000002c90900000) (1024K)]
  0x0000017a84f031e0 JavaThread "Worker-1054: Initialize workspace"        [_thread_blocked, id=17632, stack(0x0000002c90c00000,0x0000002c90d00000) (1024K)]
  0x0000017a84f06660 JavaThread "Connection worker"                 [_thread_blocked, id=20020, stack(0x0000002c90a00000,0x0000002c90b00000) (1024K)]
  0x0000017a84f06cf0 JavaThread "Worker-1065: Initialize workspace"        [_thread_blocked, id=19892, stack(0x0000002c90e00000,0x0000002c90f00000) (1024K)]
  0x0000017a84f080a0 JavaThread "Worker-1075: Initialize workspace"        [_thread_blocked, id=18180, stack(0x0000002c91000000,0x0000002c91100000) (1024K)]
  0x0000017a84f0a170 JavaThread "Worker-1091: Initialize workspace"        [_thread_blocked, id=8428, stack(0x0000002c91300000,0x0000002c91400000) (1024K)]
  0x0000017a84f0a800 JavaThread "Worker-1100: Initialize workspace"        [_thread_blocked, id=22452, stack(0x0000002c91200000,0x0000002c91300000) (1024K)]
  0x0000017a84f05940 JavaThread "Worker-1110: Initialize workspace"        [_thread_blocked, id=13316, stack(0x0000002c91500000,0x0000002c91600000) (1024K)]
  0x0000017a84f09ae0 JavaThread "Worker-1120: Initialize workspace"        [_thread_blocked, id=14676, stack(0x0000002c91600000,0x0000002c91700000) (1024K)]
  0x0000017a84f0ae90 JavaThread "Connection worker"                 [_thread_blocked, id=7516, stack(0x0000002c91100000,0x0000002c91200000) (1024K)]
  0x0000017a84f0d5f0 JavaThread "Worker-1141: Initialize workspace"        [_thread_blocked, id=15488, stack(0x0000002c91900000,0x0000002c91a00000) (1024K)]
  0x0000017a84f0dc80 JavaThread "Worker-1152: Initialize workspace"        [_thread_blocked, id=14204, stack(0x0000002c91c00000,0x0000002c91d00000) (1024K)]
  0x0000017a84f0b520 JavaThread "Worker-1166: Initialize workspace"        [_thread_blocked, id=18376, stack(0x0000002c91d00000,0x0000002c91e00000) (1024K)]
  0x0000017a84f0f6c0 JavaThread "Connection worker"                 [_thread_blocked, id=10556, stack(0x0000002c92000000,0x0000002c92100000) (1024K)]
  0x0000017a84f0cf60 JavaThread "Worker-1179: Initialize workspace"        [_thread_blocked, id=11700, stack(0x0000002c91b00000,0x0000002c91c00000) (1024K)]
  0x0000017a84f0f030 JavaThread "Connection worker"                 [_thread_blocked, id=13320, stack(0x0000002c92400000,0x0000002c92500000) (1024K)]
  0x0000017a84f124b0 JavaThread "Worker-1203: Initialize workspace"        [_thread_blocked, id=15644, stack(0x0000002c92200000,0x0000002c92300000) (1024K)]
  0x0000017a84f131d0 JavaThread "Worker-1213: Initialize workspace"        [_thread_blocked, id=21584, stack(0x0000002c92500000,0x0000002c92600000) (1024K)]
  0x0000017a84f11790 JavaThread "Worker-1223: Initialize workspace"        [_thread_blocked, id=20952, stack(0x0000002c92300000,0x0000002c92400000) (1024K)]
  0x0000017a84f11100 JavaThread "Worker-1232: Initialize workspace"        [_thread_blocked, id=18124, stack(0x0000002c92600000,0x0000002c92700000) (1024K)]
  0x0000017a84f11e20 JavaThread "Worker-1248: Initialize workspace"        [_thread_blocked, id=14316, stack(0x0000002c91f00000,0x0000002c92000000) (1024K)]
  0x0000017a84f12b40 JavaThread "Connection worker"                 [_thread_in_native, id=21308, stack(0x0000002c92700000,0x0000002c92800000) (1024K)]
  0x0000017a84f10a70 JavaThread "Worker-1261: Initialize workspace"        [_thread_blocked, id=3180, stack(0x0000002c92c00000,0x0000002c92d00000) (1024K)]
  0x0000017a84f16ce0 JavaThread "Worker-1270: Initialize workspace"        [_thread_blocked, id=10116, stack(0x0000002c92d00000,0x0000002c92e00000) (1024K)]
  0x0000017a84f13860 JavaThread "Worker-1284: Initialize workspace"        [_thread_blocked, id=5348, stack(0x0000002c92b00000,0x0000002c92c00000) (1024K)]
  0x0000017a84f16650 JavaThread "Connection worker"                 [_thread_blocked, id=4160, stack(0x0000002c93400000,0x0000002c93500000) (1024K)]
  0x0000017a84f1a160 JavaThread "Worker-1300: Initialize workspace"        [_thread_blocked, id=11232, stack(0x0000002c93200000,0x0000002c93300000) (1024K)]
  0x0000017a84f19440 JavaThread "Worker-1310: Initialize workspace"        [_thread_blocked, id=18492, stack(0x0000002c93300000,0x0000002c93400000) (1024K)]
  0x0000017a84f18090 JavaThread "Worker-1329: Initialize workspace"        [_thread_blocked, id=13576, stack(0x0000002c93600000,0x0000002c93700000) (1024K)]
  0x0000017a84f1ae80 JavaThread "Worker-1338: Initialize workspace"        [_thread_blocked, id=15304, stack(0x0000002c93700000,0x0000002c93800000) (1024K)]
  0x0000017a84f1b510 JavaThread "Worker-1357: Initialize workspace"        [_thread_blocked, id=6216, stack(0x0000002c93800000,0x0000002c93900000) (1024K)]
  0x0000017a84f18720 JavaThread "Connection worker"                 [_thread_blocked, id=12444, stack(0x0000002c93b00000,0x0000002c93c00000) (1024K)]
  0x0000017a84f14c10 JavaThread "Worker-1369: Initialize workspace"        [_thread_blocked, id=21248, stack(0x0000002c93d00000,0x0000002c93e00000) (1024K)]
  0x0000017a84f1c8c0 JavaThread "Worker-1380: Initialize workspace"        [_thread_blocked, id=14088, stack(0x0000002c94000000,0x0000002c94100000) (1024K)]
  0x0000017a84f33690 JavaThread "Worker-1389: Initialize workspace"        [_thread_blocked, id=22764, stack(0x0000002c93f00000,0x0000002c94000000) (1024K)]
  0x0000017a84f15fc0 JavaThread "Worker-1406: Initialize workspace"        [_thread_blocked, id=21888, stack(0x0000002c93e00000,0x0000002c93f00000) (1024K)]
  0x0000017a84f18db0 JavaThread "Connection worker"                 [_thread_blocked, id=13516, stack(0x0000002c94200000,0x0000002c94300000) (1024K)]
  0x0000017aff0fe940 JavaThread "Worker-1423: Initialize workspace"        [_thread_blocked, id=2916, stack(0x0000002c94800000,0x0000002c94900000) (1024K)]
  0x0000017aff0fefd0 JavaThread "Worker-1436: Initialize workspace"        [_thread_blocked, id=22864, stack(0x0000002c94900000,0x0000002c94a00000) (1024K)]
  0x0000017aff100a10 JavaThread "Worker-1449: Initialize workspace"        [_thread_blocked, id=8240, stack(0x0000002c94c00000,0x0000002c94d00000) (1024K)]
  0x0000017aff100380 JavaThread "Worker-1460: Initialize workspace"        [_thread_blocked, id=23452, stack(0x0000002c94400000,0x0000002c94500000) (1024K)]
  0x0000017aff0fcf00 JavaThread "Connection worker"                 [_thread_blocked, id=19976, stack(0x0000002c94700000,0x0000002c94800000) (1024K)]
  0x0000017aff0fdc20 JavaThread "Worker-1472: Initialize workspace"        [_thread_blocked, id=21716, stack(0x0000002c94d00000,0x0000002c94e00000) (1024K)]
  0x0000017aff101730 JavaThread "Connection worker"                 [_thread_blocked, id=7776, stack(0x0000002c95000000,0x0000002c95100000) (1024K)]
  0x0000017aff0fe2b0 JavaThread "Worker-1488: Initialize workspace"        [_thread_blocked, id=3648, stack(0x0000002c95200000,0x0000002c95300000) (1024K)]
  0x0000017aff104520 JavaThread "Worker-1499: Initialize workspace"        [_thread_blocked, id=19372, stack(0x0000002c94f00000,0x0000002c95000000) (1024K)]
  0x0000017aff1010a0 JavaThread "Connection worker"                 [_thread_blocked, id=17660, stack(0x0000002c95100000,0x0000002c95200000) (1024K)]
  0x0000017aff1058d0 JavaThread "Worker-1522: Initialize workspace"        [_thread_blocked, id=2588, stack(0x0000002c95800000,0x0000002c95900000) (1024K)]
  0x0000017aff105240 JavaThread "Worker-1530: Initialize workspace"        [_thread_blocked, id=12744, stack(0x0000002c95500000,0x0000002c95600000) (1024K)]
  0x0000017aff104bb0 JavaThread "Worker-1541: Initialize workspace"        [_thread_blocked, id=7428, stack(0x0000002c95900000,0x0000002c95a00000) (1024K)]
  0x0000017aff105f60 JavaThread "Worker-1551: Initialize workspace"        [_thread_blocked, id=15912, stack(0x0000002c95a00000,0x0000002c95b00000) (1024K)]
  0x0000017aff103e90 JavaThread "Connection worker"                 [_thread_blocked, id=14084, stack(0x0000002c95e00000,0x0000002c95f00000) (1024K)]
  0x0000017aff106c80 JavaThread "Worker-1573: Initialize workspace"        [_thread_blocked, id=14244, stack(0x0000002c95d00000,0x0000002c95e00000) (1024K)]
  0x0000017aff1093e0 JavaThread "Worker-1583: Initialize workspace"        [_thread_blocked, id=13784, stack(0x0000002c96100000,0x0000002c96200000) (1024K)]
  0x0000017aff108d50 JavaThread "Worker-1592: Initialize workspace"        [_thread_blocked, id=2092, stack(0x0000002c96200000,0x0000002c96300000) (1024K)]
  0x0000017aff1079a0 JavaThread "Worker-1607: Initialize workspace"        [_thread_blocked, id=8512, stack(0x0000002c95c00000,0x0000002c95d00000) (1024K)]
  0x0000017aff108030 JavaThread "Worker-1619: Initialize workspace"        [_thread_blocked, id=23092, stack(0x0000002c96600000,0x0000002c96700000) (1024K)]
  0x0000017aff10a790 JavaThread "Connection worker"                 [_thread_blocked, id=2004, stack(0x0000002c96700000,0x0000002c96800000) (1024K)]
  0x0000017aff10bb40 JavaThread "Worker-1631: Initialize workspace"        [_thread_blocked, id=11064, stack(0x0000002c96800000,0x0000002c96900000) (1024K)]
  0x0000017aff1086c0 JavaThread "Connection worker"                 [_thread_blocked, id=2824, stack(0x0000002c96a00000,0x0000002c96b00000) (1024K)]
  0x0000017aff10dc10 JavaThread "Worker-1643: Initialize workspace"        [_thread_blocked, id=3556, stack(0x0000002c96c00000,0x0000002c96d00000) (1024K)]
  0x0000017aff10c1d0 JavaThread "Worker-1651: Initialize workspace"        [_thread_blocked, id=11896, stack(0x0000002c96d00000,0x0000002c96e00000) (1024K)]
  0x0000017aff10c860 JavaThread "Worker-1660: Initialize workspace"        [_thread_blocked, id=19888, stack(0x0000002c96e00000,0x0000002c96f00000) (1024K)]
  0x0000017aff10e2a0 JavaThread "Worker-1669: Initialize workspace"        [_thread_blocked, id=9132, stack(0x0000002c96f00000,0x0000002c97000000) (1024K)]
  0x0000017aff10f650 JavaThread "Worker-1677: Initialize workspace"        [_thread_blocked, id=9884, stack(0x0000002c97000000,0x0000002c97100000) (1024K)]
  0x0000017aff110370 JavaThread "Worker-1687: Initialize workspace"        [_thread_blocked, id=4800, stack(0x0000002c97200000,0x0000002c97300000) (1024K)]
  0x0000017aff10cef0 JavaThread "Worker-1714: Initialize workspace"        [_thread_blocked, id=5632, stack(0x0000002c96b00000,0x0000002c96c00000) (1024K)]
  0x0000017aff10efc0 JavaThread "Connection worker"                 [_thread_blocked, id=2564, stack(0x0000002c97300000,0x0000002c97400000) (1024K)]
  0x0000017aff110a00 JavaThread "Connection worker"                 [_thread_blocked, id=22956, stack(0x0000002c97400000,0x0000002c97500000) (1024K)]
  0x0000017aff111720 JavaThread "Connection worker"                 [_thread_blocked, id=2280, stack(0x0000002c97700000,0x0000002c97800000) (1024K)]
  0x0000017aff112440 JavaThread "Worker-1729: Initialize workspace"        [_thread_blocked, id=4352, stack(0x0000002c97b00000,0x0000002c97c00000) (1024K)]
  0x0000017aff114510 JavaThread "Worker-1739: Initialize workspace"        [_thread_blocked, id=17652, stack(0x0000002c97d00000,0x0000002c97e00000) (1024K)]
  0x0000017aff111db0 JavaThread "Connection worker"                 [_thread_blocked, id=13352, stack(0x0000002c98000000,0x0000002c98100000) (1024K)]
  0x0000017aff114ba0 JavaThread "Worker-1755: Initialize workspace"        [_thread_blocked, id=23316, stack(0x0000002c97c00000,0x0000002c97d00000) (1024K)]
  0x0000017aff115f50 JavaThread "Worker-1767: Initialize workspace"        [_thread_blocked, id=17640, stack(0x0000002c98200000,0x0000002c98300000) (1024K)]
  0x0000017aff116c70 JavaThread "Worker-1776: Initialize workspace"        [_thread_blocked, id=11812, stack(0x0000002c98300000,0x0000002c98400000) (1024K)]
  0x0000017aff113e80 JavaThread "Worker-1785: Initialize workspace"        [_thread_blocked, id=5408, stack(0x0000002c98400000,0x0000002c98500000) (1024K)]
  0x0000017aff118d40 JavaThread "Worker-1799: Initialize workspace"        [_thread_blocked, id=13512, stack(0x0000002c98100000,0x0000002c98200000) (1024K)]
  0x0000017aff11a0f0 JavaThread "Worker-1813: Initialize workspace"        [_thread_blocked, id=18176, stack(0x0000002c98700000,0x0000002c98800000) (1024K)]
  0x0000017aff117300 JavaThread "Worker-1825: Initialize workspace"        [_thread_blocked, id=12400, stack(0x0000002c95600000,0x0000002c95700000) (1024K)]
  0x0000017aff119a60 JavaThread "Connection worker"                 [_thread_blocked, id=8420, stack(0x0000002c98900000,0x0000002c98a00000) (1024K)]
  0x0000017aff11ae10 JavaThread "Connection worker"                 [_thread_blocked, id=23052, stack(0x0000002c98a00000,0x0000002c98b00000) (1024K)]
  0x0000017aff11b4a0 JavaThread "Worker-1836: Initialize workspace"        [_thread_blocked, id=5136, stack(0x0000002c98c00000,0x0000002c98d00000) (1024K)]
  0x0000017aff11bb30 JavaThread "Worker-1846: Initialize workspace"        [_thread_blocked, id=10164, stack(0x0000002c98e00000,0x0000002c98f00000) (1024K)]
  0x0000017aff1186b0 JavaThread "Worker-1855: Initialize workspace"        [_thread_blocked, id=22748, stack(0x0000002c98d00000,0x0000002c98e00000) (1024K)]
  0x0000017aff118020 JavaThread "Worker-1865: Initialize workspace"        [_thread_blocked, id=19904, stack(0x0000002c99000000,0x0000002c99100000) (1024K)]
  0x0000017aff11c1c0 JavaThread "Worker-1874: Initialize workspace"        [_thread_blocked, id=21760, stack(0x0000002c98f00000,0x0000002c99000000) (1024K)]
  0x0000017aff1137f0 JavaThread "Worker-1883: Initialize workspace"        [_thread_blocked, id=3468, stack(0x0000002c99100000,0x0000002c99200000) (1024K)]
  0x0000017a84f35760 JavaThread "Worker-1892: Initialize workspace"        [_thread_blocked, id=7392, stack(0x0000002c99400000,0x0000002c99500000) (1024K)]
  0x0000017a867d91d0 JavaThread "Worker-1924: Initialize workspace"        [_thread_blocked, id=9544, stack(0x0000002c99600000,0x0000002c99700000) (1024K)]
  0x0000017a867dac10 JavaThread "Connection worker"                 [_thread_blocked, id=10924, stack(0x0000002c99800000,0x0000002c99900000) (1024K)]
  0x0000017a867dda00 JavaThread "Worker-1949: Initialize workspace"        [_thread_blocked, id=23300, stack(0x0000002c9a100000,0x0000002c9a200000) (1024K)]
  0x0000017a867dedb0 JavaThread "Worker-1958: Initialize workspace"        [_thread_blocked, id=20052, stack(0x0000002c9a200000,0x0000002c9a300000) (1024K)]
  0x0000017a867dfad0 JavaThread "Worker-1966: Initialize workspace"        [_thread_blocked, id=11844, stack(0x0000002c9a300000,0x0000002c9a400000) (1024K)]
  0x0000017a867de090 JavaThread "Worker-1975: Initialize workspace"        [_thread_blocked, id=20608, stack(0x0000002c9a400000,0x0000002c9a500000) (1024K)]
  0x0000017a867dc650 JavaThread "Worker-1983: Initialize workspace"        [_thread_blocked, id=10520, stack(0x0000002c99f00000,0x0000002c9a000000) (1024K)]
  0x0000017a867dd370 JavaThread "Worker-1993: Initialize workspace"        [_thread_blocked, id=7380, stack(0x0000002c9a600000,0x0000002c9a700000) (1024K)]
  0x0000017a867e07f0 JavaThread "Worker-2002: Initialize workspace"        [_thread_blocked, id=22072, stack(0x0000002c9a700000,0x0000002c9a800000) (1024K)]
  0x0000017a867e0160 JavaThread "Worker-2012: Initialize workspace"        [_thread_blocked, id=22444, stack(0x0000002c9a900000,0x0000002c9aa00000) (1024K)]
  0x0000017a867de720 JavaThread "Worker-2021: Initialize workspace"        [_thread_blocked, id=9804, stack(0x0000002c9a800000,0x0000002c9a900000) (1024K)]
  0x0000017a867e28c0 JavaThread "Connection worker"                 [_thread_blocked, id=23500, stack(0x0000002c9aa00000,0x0000002c9ab00000) (1024K)]
  0x0000017a867e35e0 JavaThread "Worker-2050: Initialize workspace"        [_thread_blocked, id=10404, stack(0x0000002c9ab00000,0x0000002c9ac00000) (1024K)]
  0x0000017a867e4990 JavaThread "Connection worker"                 [_thread_blocked, id=23488, stack(0x0000002c9b200000,0x0000002c9b300000) (1024K)]
  0x0000017a867e56b0 JavaThread "Worker-2067: Initialize workspace"        [_thread_blocked, id=14180, stack(0x0000002c9b500000,0x0000002c9b600000) (1024K)]
  0x0000017a867e91c0 JavaThread "Worker-2080: Initialize workspace"        [_thread_blocked, id=23144, stack(0x0000002c9b300000,0x0000002c9b400000) (1024K)]
  0x0000017a867e6a60 JavaThread "Connection worker"                 [_thread_blocked, id=22188, stack(0x0000002c9b700000,0x0000002c9b800000) (1024K)]
  0x0000017a867e9850 JavaThread "Worker-2093: Initialize workspace"        [_thread_blocked, id=14332, stack(0x0000002c9b900000,0x0000002c9ba00000) (1024K)]
  0x0000017a867e9ee0 JavaThread "Worker-2103: Initialize workspace"        [_thread_blocked, id=8652, stack(0x0000002c9bc00000,0x0000002c9bd00000) (1024K)]
  0x0000017a867e70f0 JavaThread "Worker-2117: Initialize workspace"        [_thread_blocked, id=1784, stack(0x0000002c9bd00000,0x0000002c9be00000) (1024K)]
  0x0000017a867e7e10 JavaThread "Worker-2126: Initialize workspace"        [_thread_blocked, id=23516, stack(0x0000002c9c000000,0x0000002c9c100000) (1024K)]
  0x0000017a867eb920 JavaThread "Worker-2135: Initialize workspace"        [_thread_blocked, id=8876, stack(0x0000002c9c100000,0x0000002c9c200000) (1024K)]
  0x0000017a867eccd0 JavaThread "Worker-2144: Initialize workspace"        [_thread_blocked, id=5912, stack(0x0000002c9c200000,0x0000002c9c300000) (1024K)]
  0x0000017a867efac0 JavaThread "Worker-2164: Initialize workspace"        [_thread_blocked, id=15772, stack(0x0000002c9c300000,0x0000002c9c400000) (1024K)]
  0x0000017a867e84a0 JavaThread "Connection worker"                 [_thread_blocked, id=12824, stack(0x0000002c89900000,0x0000002c89a00000) (1024K)]
  0x0000017a867ef430 JavaThread "Worker-2175: Initialize workspace"        [_thread_blocked, id=14656, stack(0x0000002c9c800000,0x0000002c9c900000) (1024K)]
  0x0000017a867ed9f0 JavaThread "Worker-2184: Initialize workspace"        [_thread_blocked, id=19924, stack(0x0000002c9c900000,0x0000002c9ca00000) (1024K)]
  0x0000017a867ec640 JavaThread "Worker-2195: Initialize workspace"        [_thread_blocked, id=15380, stack(0x0000002c9c500000,0x0000002c9c600000) (1024K)]
  0x0000017a867ed360 JavaThread "Worker-2211: Initialize workspace"        [_thread_blocked, id=4508, stack(0x0000002c9cd00000,0x0000002c9ce00000) (1024K)]
  0x0000017a867f0150 JavaThread "Connection worker"                 [_thread_blocked, id=23204, stack(0x0000002c9ce00000,0x0000002c9cf00000) (1024K)]
  0x0000017a867f0e70 JavaThread "Worker-2223: Initialize workspace"        [_thread_blocked, id=21936, stack(0x0000002c9d000000,0x0000002c9d100000) (1024K)]
  0x0000017a867f1500 JavaThread "Worker-2236: Initialize workspace"        [_thread_blocked, id=20036, stack(0x0000002c9cb00000,0x0000002c9cc00000) (1024K)]
  0x0000017a867f28b0 JavaThread "Worker-2248: Initialize workspace"        [_thread_blocked, id=22788, stack(0x0000002c9d100000,0x0000002c9d200000) (1024K)]
  0x0000017a867f56a0 JavaThread "Connection worker"                 [_thread_blocked, id=22804, stack(0x0000002c9d400000,0x0000002c9d500000) (1024K)]
  0x0000017a867f63c0 JavaThread "Worker-2261: Initialize workspace"        [_thread_blocked, id=19856, stack(0x0000002c9d600000,0x0000002c9d700000) (1024K)]
  0x0000017a867f5d30 JavaThread "Worker-2270: Initialize workspace"        [_thread_blocked, id=1964, stack(0x0000002c9d500000,0x0000002c9d600000) (1024K)]
  0x0000017a867f35d0 JavaThread "Worker-2279: Initialize workspace"        [_thread_blocked, id=3572, stack(0x0000002c9d800000,0x0000002c9d900000) (1024K)]
  0x0000017a867f70e0 JavaThread "Worker-2287: Initialize workspace"        [_thread_blocked, id=23356, stack(0x0000002c9d900000,0x0000002c9da00000) (1024K)]
  0x0000017a867f4980 JavaThread "Connection worker"                 [_thread_blocked, id=13136, stack(0x0000002c9d300000,0x0000002c9d400000) (1024K)]
  0x0000017a867f7770 JavaThread "Worker-2303: Initialize workspace"        [_thread_blocked, id=23248, stack(0x0000002c9db00000,0x0000002c9dc00000) (1024K)]
  0x0000017a867f42f0 JavaThread "Connection worker"                 [_thread_blocked, id=4112, stack(0x0000002c9da00000,0x0000002c9db00000) (1024K)]
  0x0000017a867f6a50 JavaThread "Connection worker"                 [_thread_blocked, id=23264, stack(0x0000002c9dc00000,0x0000002c9dd00000) (1024K)]
  0x0000017a847976b0 JavaThread "Worker-2317: Initialize workspace"        [_thread_blocked, id=20340, stack(0x0000002c9de00000,0x0000002c9df00000) (1024K)]
  0x0000017a84799780 JavaThread "Connection worker"                 [_thread_blocked, id=14960, stack(0x0000002c9df00000,0x0000002c9e000000) (1024K)]
  0x0000017a847983d0 JavaThread "Worker-2329: Initialize workspace"        [_thread_blocked, id=18740, stack(0x0000002c9e200000,0x0000002c9e300000) (1024K)]
  0x0000017a84797d40 JavaThread "Connection worker"                 [_thread_in_native, id=4056, stack(0x0000002c9e000000,0x0000002c9e100000) (1024K)]
  0x0000017a847990f0 JavaThread "Worker-2339: Initialize workspace"        [_thread_blocked, id=20536, stack(0x0000002c9e400000,0x0000002c9e500000) (1024K)]
  0x0000017a84797020 JavaThread "Worker-2345: Initialize workspace"        [_thread_blocked, id=21132, stack(0x0000002c9e700000,0x0000002c9e800000) (1024K)]
  0x0000017a8479bee0 JavaThread "Connection worker"                 [_thread_blocked, id=6520, stack(0x0000002c9e100000,0x0000002c9e200000) (1024K)]
  0x0000017a8479b850 JavaThread "Worker-2359: Initialize workspace"        [_thread_blocked, id=2896, stack(0x0000002c9e500000,0x0000002c9e600000) (1024K)]
  0x0000017a8479a4a0 JavaThread "Connection worker"                 [_thread_blocked, id=13040, stack(0x0000002c9e600000,0x0000002c9e700000) (1024K)]
  0x0000017a84798a60 JavaThread "Worker-2374: Initialize workspace"        [_thread_blocked, id=6372, stack(0x0000002c9eb00000,0x0000002c9ec00000) (1024K)]
  0x0000017a8479cc00 JavaThread "Worker-2386: Initialize workspace"        [_thread_blocked, id=7836, stack(0x0000002c9ed00000,0x0000002c9ee00000) (1024K)]
  0x0000017a84799e10 JavaThread "Worker-2395: Initialize workspace"        [_thread_blocked, id=1204, stack(0x0000002c9ee00000,0x0000002c9ef00000) (1024K)]
  0x0000017a8479d290 JavaThread "Connection worker"                 [_thread_blocked, id=7964, stack(0x0000002c9ec00000,0x0000002c9ed00000) (1024K)]
  0x0000017a8479ab30 JavaThread "Worker-2409: Initialize workspace"        [_thread_blocked, id=13720, stack(0x0000002c9f100000,0x0000002c9f200000) (1024K)]
  0x0000017a8479f9f0 JavaThread "Worker-2421: Initialize workspace"        [_thread_blocked, id=22700, stack(0x0000002c9f300000,0x0000002c9f400000) (1024K)]
  0x0000017a847a1430 JavaThread "Worker-2430: Initialize workspace"        [_thread_blocked, id=8472, stack(0x0000002c9f200000,0x0000002c9f300000) (1024K)]
  0x0000017a847a0da0 JavaThread "Worker-2439: Initialize workspace"        [_thread_blocked, id=19480, stack(0x0000002c9f500000,0x0000002c9f600000) (1024K)]
  0x0000017a847a1ac0 JavaThread "Worker-2448: Initialize workspace"        [_thread_blocked, id=20552, stack(0x0000002c9f600000,0x0000002c9f700000) (1024K)]
  0x0000017a8479e640 JavaThread "Worker-2457: Initialize workspace"        [_thread_blocked, id=23476, stack(0x0000002c9f700000,0x0000002c9f800000) (1024K)]
  0x0000017a8479dfb0 JavaThread "Worker-2466: Initialize workspace"        [_thread_blocked, id=4312, stack(0x0000002c9f800000,0x0000002c9f900000) (1024K)]
  0x0000017a8479f360 JavaThread "Worker-2486: Initialize workspace"        [_thread_blocked, id=10084, stack(0x0000002c9f900000,0x0000002c9fa00000) (1024K)]
  0x0000017a847a27e0 JavaThread "Connection worker"                 [_thread_blocked, id=2716, stack(0x0000002c9f000000,0x0000002c9f100000) (1024K)]
  0x0000017a847a2e70 JavaThread "Connection worker"                 [_thread_blocked, id=14236, stack(0x0000002c9fa00000,0x0000002c9fb00000) (1024K)]
  0x0000017a847a2150 JavaThread "Connection worker"                 [_thread_blocked, id=12788, stack(0x0000002c9fc00000,0x0000002c9fd00000) (1024K)]
  0x0000017a847a0080 JavaThread "Connection worker"                 [_thread_blocked, id=20908, stack(0x0000002c9fe00000,0x0000002c9ff00000) (1024K)]
  0x0000017a847a7010 JavaThread "Worker-2503: Initialize workspace"        [_thread_blocked, id=17180, stack(0x0000002ca0000000,0x0000002ca0100000) (1024K)]
  0x0000017a847a3500 JavaThread "Worker-2513: Initialize workspace"        [_thread_blocked, id=19468, stack(0x0000002ca0100000,0x0000002ca0200000) (1024K)]
  0x0000017a847a4f40 JavaThread "Worker-2522: Initialize workspace"        [_thread_blocked, id=4556, stack(0x0000002ca0300000,0x0000002ca0400000) (1024K)]
  0x0000017a847a3b90 JavaThread "Worker-2531: Initialize workspace"        [_thread_blocked, id=18008, stack(0x0000002c9fd00000,0x0000002c9fe00000) (1024K)]
  0x0000017a847a76a0 JavaThread "Worker-2540: Initialize workspace"        [_thread_blocked, id=21332, stack(0x0000002ca0400000,0x0000002ca0500000) (1024K)]
  0x0000017a847a48b0 JavaThread "Connection worker"                 [_thread_blocked, id=22816, stack(0x0000002ca0700000,0x0000002ca0800000) (1024K)]
  0x0000017a847a83c0 JavaThread "Connection worker"                 [_thread_blocked, id=14904, stack(0x0000002ca0900000,0x0000002ca0a00000) (1024K)]
  0x0000017a847ab840 JavaThread "Worker-2572: Initialize workspace"        [_thread_blocked, id=22796, stack(0x0000002ca0b00000,0x0000002ca0c00000) (1024K)]
  0x0000017a847aa490 JavaThread "Worker-2581: Initialize workspace"        [_thread_blocked, id=21004, stack(0x0000002ca0c00000,0x0000002ca0d00000) (1024K)]
  0x0000017a847aab20 JavaThread "Worker-2589: Initialize workspace"        [_thread_blocked, id=22612, stack(0x0000002ca0d00000,0x0000002ca0e00000) (1024K)]
  0x0000017a847a8a50 JavaThread "Worker-2598: Initialize workspace"        [_thread_blocked, id=21612, stack(0x0000002ca0e00000,0x0000002ca0f00000) (1024K)]
  0x0000017a847ad280 JavaThread "Connection worker"                 [_thread_blocked, id=8656, stack(0x0000002ca1400000,0x0000002ca1500000) (1024K)]
  0x0000017a847ac560 JavaThread "Worker-2619: Initialize workspace"        [_thread_blocked, id=22692, stack(0x0000002ca1200000,0x0000002ca1300000) (1024K)]
  0x0000017a847a9e00 JavaThread "Worker-2628: Initialize workspace"        [_thread_blocked, id=14460, stack(0x0000002ca1500000,0x0000002ca1600000) (1024K)]
  0x0000017a847af9e0 JavaThread "Worker-2637: Initialize workspace"        [_thread_blocked, id=4072, stack(0x0000002ca1600000,0x0000002ca1700000) (1024K)]
  0x0000017a847a9770 JavaThread "Worker-2649: Initialize workspace"        [_thread_blocked, id=8204, stack(0x0000002ca1000000,0x0000002ca1100000) (1024K)]
  0x0000017a847aecc0 JavaThread "Connection worker"                 [_thread_blocked, id=9508, stack(0x0000002ca1700000,0x0000002ca1800000) (1024K)]
  0x0000017a847b0700 JavaThread "Connection worker"                 [_thread_blocked, id=6388, stack(0x0000002ca1900000,0x0000002ca1a00000) (1024K)]
  0x0000017a847adfa0 JavaThread "Worker-2663: Initialize workspace"        [_thread_blocked, id=8896, stack(0x0000002ca1b00000,0x0000002ca1c00000) (1024K)]
  0x0000017a847b2e60 JavaThread "Worker-2672: Initialize workspace"        [_thread_blocked, id=14896, stack(0x0000002ca1c00000,0x0000002ca1d00000) (1024K)]
  0x0000017a847b4210 JavaThread "Worker-2681: Initialize workspace"        [_thread_blocked, id=2944, stack(0x0000002ca1e00000,0x0000002ca1f00000) (1024K)]
  0x0000017a847b0d90 JavaThread "Worker-2690: Initialize workspace"        [_thread_blocked, id=8848, stack(0x0000002ca1f00000,0x0000002ca2000000) (1024K)]
  0x0000017a847b1ab0 JavaThread "Worker-2699: Initialize workspace"        [_thread_blocked, id=21940, stack(0x0000002ca2000000,0x0000002ca2100000) (1024K)]
  0x0000017a847b34f0 JavaThread "Worker-2707: Initialize workspace"        [_thread_blocked, id=22568, stack(0x0000002ca2100000,0x0000002ca2200000) (1024K)]
  0x0000017a847b2140 JavaThread "Worker-2716: Initialize workspace"        [_thread_blocked, id=21572, stack(0x0000002ca2200000,0x0000002ca2300000) (1024K)]
  0x0000017a847b3b80 JavaThread "Worker-2725: Initialize workspace"        [_thread_blocked, id=19568, stack(0x0000002ca2400000,0x0000002ca2500000) (1024K)]
  0x0000017a847b27d0 JavaThread "Worker-2734: Initialize workspace"        [_thread_blocked, id=3552, stack(0x0000002ca2300000,0x0000002ca2400000) (1024K)]
  0x0000017a847b48a0 JavaThread "Worker-2768: Initialize workspace"        [_thread_blocked, id=7596, stack(0x0000002ca1a00000,0x0000002ca1b00000) (1024K)]
  0x0000017a847ae630 JavaThread "Connection worker"                 [_thread_blocked, id=23260, stack(0x0000002ca2a00000,0x0000002ca2b00000) (1024K)]
  0x0000017a867f1b90 JavaThread "Connection worker"                 [_thread_blocked, id=10804, stack(0x0000002ca2b00000,0x0000002ca2c00000) (1024K)]
  0x0000017aff1165e0 JavaThread "Connection worker"                 [_thread_blocked, id=22676, stack(0x0000002ca2c00000,0x0000002ca2d00000) (1024K)]
  0x0000017a84963c80 JavaThread "Worker-2789: Initialize workspace"        [_thread_blocked, id=16136, stack(0x0000002ca3400000,0x0000002ca3500000) (1024K)]
  0x0000017a84965030 JavaThread "Worker-2798: Initialize workspace"        [_thread_blocked, id=15036, stack(0x0000002ca3200000,0x0000002ca3300000) (1024K)]
  0x0000017a84967100 JavaThread "Worker-2807: Initialize workspace"        [_thread_blocked, id=19572, stack(0x0000002ca3500000,0x0000002ca3600000) (1024K)]
  0x0000017a84964310 JavaThread "Worker-2816: Initialize workspace"        [_thread_blocked, id=23352, stack(0x0000002ca3600000,0x0000002ca3700000) (1024K)]
  0x0000017a849684b0 JavaThread "Worker-2825: Initialize workspace"        [_thread_blocked, id=5240, stack(0x0000002ca3700000,0x0000002ca3800000) (1024K)]
  0x0000017a84967790 JavaThread "Worker-2834: Initialize workspace"        [_thread_blocked, id=10408, stack(0x0000002ca3800000,0x0000002ca3900000) (1024K)]
  0x0000017a849663e0 JavaThread "Worker-2843: Initialize workspace"        [_thread_blocked, id=7956, stack(0x0000002ca3900000,0x0000002ca3a00000) (1024K)]
  0x0000017a849649a0 JavaThread "Worker-2852: Initialize workspace"        [_thread_blocked, id=15864, stack(0x0000002ca3a00000,0x0000002ca3b00000) (1024K)]
  0x0000017a84969ef0 JavaThread "Worker-2860: Initialize workspace"        [_thread_blocked, id=10808, stack(0x0000002ca3b00000,0x0000002ca3c00000) (1024K)]
  0x0000017a8496a580 JavaThread "Worker-2885: Initialize workspace"        [_thread_blocked, id=6864, stack(0x0000002ca2e00000,0x0000002ca2f00000) (1024K)]
  0x0000017a84967e20 JavaThread "Connection worker"                 [_thread_blocked, id=12860, stack(0x0000002ca3d00000,0x0000002ca3e00000) (1024K)]
  0x0000017a8496ac10 JavaThread "Connection worker"                 [_thread_blocked, id=22800, stack(0x0000002ca3f00000,0x0000002ca4000000) (1024K)]
  0x0000017a8496b2a0 JavaThread "Connection worker"                 [_thread_blocked, id=10532, stack(0x0000002ca4000000,0x0000002ca4100000) (1024K)]
  0x0000017a8496edb0 JavaThread "Connection worker"                 [_thread_blocked, id=21020, stack(0x0000002ca4600000,0x0000002ca4700000) (1024K)]
  0x0000017a8496d370 JavaThread "Connection worker"                 [_thread_blocked, id=19700, stack(0x0000002ca4700000,0x0000002ca4800000) (1024K)]
  0x0000017a8496f440 JavaThread "Worker-2904: Initialize workspace"        [_thread_blocked, id=12332, stack(0x0000002ca4500000,0x0000002ca4600000) (1024K)]
  0x0000017a8496fad0 JavaThread "Worker-2913: Initialize workspace"        [_thread_blocked, id=11420, stack(0x0000002ca4800000,0x0000002ca4900000) (1024K)]
  0x0000017a8496da00 JavaThread "Worker-2922: Initialize workspace"        [_thread_blocked, id=17796, stack(0x0000002ca4900000,0x0000002ca4a00000) (1024K)]
  0x0000017a849691d0 JavaThread "Worker-2938: Initialize workspace"        [_thread_blocked, id=14664, stack(0x0000002ca4400000,0x0000002ca4500000) (1024K)]
  0x0000017a84970160 JavaThread "Connection worker"                 [_thread_blocked, id=19988, stack(0x0000002ca4a00000,0x0000002ca4b00000) (1024K)]
  0x0000017a8496e090 JavaThread "Connection worker"                 [_thread_blocked, id=13120, stack(0x0000002ca4b00000,0x0000002ca4c00000) (1024K)]
  0x0000017a84971510 JavaThread "Worker-2953: Initialize workspace"        [_thread_blocked, id=2368, stack(0x0000002ca4f00000,0x0000002ca5000000) (1024K)]
  0x0000017a849735e0 JavaThread "Worker-2962: Initialize workspace"        [_thread_blocked, id=12144, stack(0x0000002ca5000000,0x0000002ca5100000) (1024K)]
  0x0000017a8496cce0 JavaThread "Connection worker"                 [_thread_blocked, id=11848, stack(0x0000002ca4d00000,0x0000002ca4e00000) (1024K)]
  0x0000017a84972f50 JavaThread "Worker-2978: Initialize workspace"        [_thread_blocked, id=23088, stack(0x0000002ca5300000,0x0000002ca5400000) (1024K)]
  0x0000017a849728c0 JavaThread "Worker-2987: Initialize workspace"        [_thread_blocked, id=23296, stack(0x0000002ca5500000,0x0000002ca5600000) (1024K)]
  0x0000017a849707f0 JavaThread "Worker-2996: Initialize workspace"        [_thread_blocked, id=22448, stack(0x0000002ca5600000,0x0000002ca5700000) (1024K)]
  0x0000017a849763d0 JavaThread "Worker-3005: Initialize workspace"        [_thread_blocked, id=22616, stack(0x0000002ca5700000,0x0000002ca5800000) (1024K)]
  0x0000017a84974990 JavaThread "Worker-3013: Initialize workspace"        [_thread_blocked, id=12960, stack(0x0000002ca5400000,0x0000002ca5500000) (1024K)]
  0x0000017a84975020 JavaThread "Worker-3022: Initialize workspace"        [_thread_blocked, id=12932, stack(0x0000002ca5800000,0x0000002ca5900000) (1024K)]
  0x0000017a849756b0 JavaThread "Connection worker"                 [_thread_blocked, id=17788, stack(0x0000002ca3100000,0x0000002ca3200000) (1024K)]
  0x0000017a84975d40 JavaThread "Connection worker"                 [_thread_blocked, id=7940, stack(0x0000002ca5b00000,0x0000002ca5c00000) (1024K)]
  0x0000017a84976a60 JavaThread "Worker-3046: Initialize workspace"        [_thread_blocked, id=1648, stack(0x0000002ca5a00000,0x0000002ca5b00000) (1024K)]
  0x0000017a84978b30 JavaThread "Connection worker"                 [_thread_in_native, id=3396, stack(0x0000002ca5f00000,0x0000002ca6000000) (1024K)]
  0x0000017a84977780 JavaThread "Connection worker"                 [_thread_blocked, id=15236, stack(0x0000002ca5d00000,0x0000002ca5e00000) (1024K)]
  0x0000017a84979ee0 JavaThread "Worker-3070: Initialize workspace"        [_thread_blocked, id=19496, stack(0x0000002ca6100000,0x0000002ca6200000) (1024K)]
  0x0000017a84979850 JavaThread "Worker-3079: Initialize workspace"        [_thread_blocked, id=10332, stack(0x0000002ca6300000,0x0000002ca6400000) (1024K)]
  0x0000017a849784a0 JavaThread "Worker-3088: Initialize workspace"        [_thread_blocked, id=8132, stack(0x0000002ca6400000,0x0000002ca6500000) (1024K)]
  0x0000017a8497bfb0 JavaThread "Connection worker"                 [_thread_blocked, id=23448, stack(0x0000002ca6600000,0x0000002ca6700000) (1024K)]
  0x0000017a8497a570 JavaThread "Worker-3107: Initialize workspace"        [_thread_blocked, id=23432, stack(0x0000002ca6900000,0x0000002ca6a00000) (1024K)]
  0x0000017a84977e10 JavaThread "Worker-3116: Initialize workspace"        [_thread_blocked, id=13788, stack(0x0000002ca6500000,0x0000002ca6600000) (1024K)]
  0x0000017a8497c640 JavaThread "Worker-3125: Initialize workspace"        [_thread_blocked, id=8948, stack(0x0000002ca6a00000,0x0000002ca6b00000) (1024K)]
  0x0000017a8497d360 JavaThread "Worker-3134: Initialize workspace"        [_thread_blocked, id=18320, stack(0x0000002ca6b00000,0x0000002ca6c00000) (1024K)]
  0x0000017a8497f430 JavaThread "Worker-3142: Initialize workspace"        [_thread_blocked, id=7644, stack(0x0000002ca6c00000,0x0000002ca6d00000) (1024K)]
  0x0000017a8497fac0 JavaThread "Worker-3160: Initialize workspace"        [_thread_blocked, id=15108, stack(0x0000002ca6e00000,0x0000002ca6f00000) (1024K)]
  0x0000017a84981500 JavaThread "Worker-3169: Initialize workspace"        [_thread_blocked, id=14792, stack(0x0000002ca6f00000,0x0000002ca7000000) (1024K)]
  0x0000017a84980e70 JavaThread "Worker-3179: Initialize workspace"        [_thread_blocked, id=7544, stack(0x0000002ca7100000,0x0000002ca7200000) (1024K)]
  0x0000017a8497e080 JavaThread "Worker-3188: Initialize workspace"        [_thread_blocked, id=19584, stack(0x0000002ca7000000,0x0000002ca7100000) (1024K)]
  0x0000017a8497e710 JavaThread "Worker-3212: Initialize workspace"        [_thread_blocked, id=4488, stack(0x0000002ca7200000,0x0000002ca7300000) (1024K)]
  0x0000017a84982220 JavaThread "Connection worker"                 [_thread_blocked, id=9352, stack(0x0000002ca7300000,0x0000002ca7400000) (1024K)]
  0x0000017a849828b0 JavaThread "Connection worker"                 [_thread_blocked, id=14228, stack(0x0000002ca7800000,0x0000002ca7900000) (1024K)]
  0x0000017a84985d30 JavaThread "Connection worker"                 [_thread_blocked, id=21588, stack(0x0000002ca7c00000,0x0000002ca7d00000) (1024K)]
  0x0000017a849863c0 JavaThread "Worker-3232: Initialize workspace"        [_thread_blocked, id=18672, stack(0x0000002ca7b00000,0x0000002ca7c00000) (1024K)]
  0x0000017a84986a50 JavaThread "Worker-3241: Initialize workspace"        [_thread_blocked, id=11840, stack(0x0000002ca7e00000,0x0000002ca7f00000) (1024K)]
  0x0000017a84982f40 JavaThread "Worker-3250: Initialize workspace"        [_thread_blocked, id=3264, stack(0x0000002ca7f00000,0x0000002ca8000000) (1024K)]
  0x0000017a84988b20 JavaThread "Connection worker"                 [_thread_in_native, id=19992, stack(0x0000002ca8300000,0x0000002ca8400000) (1024K)]
  0x0000017a84983c60 JavaThread "Connection worker"                 [_thread_blocked, id=22608, stack(0x0000002ca8100000,0x0000002ca8200000) (1024K)]
  0x0000017a84989ed0 JavaThread "Worker-3266: Initialize workspace"        [_thread_blocked, id=23068, stack(0x0000002ca8200000,0x0000002ca8300000) (1024K)]
  0x0000017a8498a560 JavaThread "Worker-3276: Initialize workspace"        [_thread_blocked, id=14660, stack(0x0000002ca8000000,0x0000002ca8100000) (1024K)]
  0x0000017a849870e0 JavaThread "Connection worker"                 [_thread_blocked, id=1616, stack(0x0000002ca8500000,0x0000002ca8600000) (1024K)]
  0x0000017a8498b280 JavaThread "Worker-3288: Initialize workspace"        [_thread_blocked, id=9896, stack(0x0000002ca8700000,0x0000002ca8800000) (1024K)]
  0x0000017a849891b0 JavaThread "Worker-3299: Initialize workspace"        [_thread_blocked, id=19556, stack(0x0000002ca8600000,0x0000002ca8700000) (1024K)]
  0x0000017a84988490 JavaThread "Connection worker"                 [_thread_blocked, id=18188, stack(0x0000002ca8c00000,0x0000002ca8d00000) (1024K)]
  0x0000017a8498b910 JavaThread "Worker-3314: Initialize workspace"        [_thread_blocked, id=3436, stack(0x0000002ca8b00000,0x0000002ca8c00000) (1024K)]
  0x0000017a8498e070 JavaThread "Connection worker"                 [_thread_blocked, id=13732, stack(0x0000002ca8f00000,0x0000002ca9000000) (1024K)]
  0x0000017a8498c630 JavaThread "Worker-3325: Initialize workspace"        [_thread_blocked, id=17184, stack(0x0000002ca8d00000,0x0000002ca8e00000) (1024K)]
  0x0000017a8498ed90 JavaThread "Worker-3334: Initialize workspace"        [_thread_blocked, id=21712, stack(0x0000002ca8e00000,0x0000002ca8f00000) (1024K)]
  0x0000017a84987770 JavaThread "Worker-3346: Initialize workspace"        [_thread_blocked, id=12412, stack(0x0000002ca8a00000,0x0000002ca8b00000) (1024K)]
  0x0000017a8498e700 JavaThread "Connection worker"                 [_thread_blocked, id=3584, stack(0x0000002ca9400000,0x0000002ca9500000) (1024K)]
  0x0000017a8498f420 JavaThread "Connection worker"                 [_thread_blocked, id=21280, stack(0x0000002ca9000000,0x0000002ca9100000) (1024K)]
  0x0000017a8498d350 JavaThread "Worker-3358: Initialize workspace"        [_thread_blocked, id=3464, stack(0x0000002ca9500000,0x0000002ca9600000) (1024K)]
  0x0000017a8498bfa0 JavaThread "Connection worker"                 [_thread_blocked, id=22560, stack(0x0000002ca9600000,0x0000002ca9700000) (1024K)]
  0x0000017a8498ccc0 JavaThread "Worker-3373: Initialize workspace"        [_thread_blocked, id=1936, stack(0x0000002ca9800000,0x0000002ca9900000) (1024K)]
  0x0000017a84992210 JavaThread "Worker-3381: Initialize workspace"        [_thread_blocked, id=22108, stack(0x0000002ca9900000,0x0000002ca9a00000) (1024K)]
  0x0000017a849907d0 JavaThread "Worker-3390: Initialize workspace"        [_thread_blocked, id=6880, stack(0x0000002ca9a00000,0x0000002ca9b00000) (1024K)]
  0x0000017a84990e60 JavaThread "Worker-3399: Initialize workspace"        [_thread_blocked, id=22740, stack(0x0000002ca9b00000,0x0000002ca9c00000) (1024K)]
  0x0000017a8498d9e0 JavaThread "Worker-3414: Initialize workspace"        [_thread_blocked, id=22744, stack(0x0000002ca9c00000,0x0000002ca9d00000) (1024K)]
  0x0000017a84990140 JavaThread "Connection worker"                 [_thread_blocked, id=23236, stack(0x0000002ca9700000,0x0000002ca9800000) (1024K)]
  0x0000017a849942e0 JavaThread "Connection worker"                 [_thread_blocked, id=2604, stack(0x0000002caa000000,0x0000002caa100000) (1024K)]
  0x0000017a84993c50 JavaThread "Connection worker"                 [_thread_blocked, id=3416, stack(0x0000002caa300000,0x0000002caa400000) (1024K)]
  0x0000017a84994970 JavaThread "Worker-3430: Initialize workspace"        [_thread_blocked, id=14932, stack(0x0000002caa100000,0x0000002caa200000) (1024K)]
  0x0000017a849935c0 JavaThread "Worker-3438: Initialize workspace"        [_thread_blocked, id=12852, stack(0x0000002caa200000,0x0000002caa300000) (1024K)]
  0x0000017a84995000 JavaThread "Worker-3446: Initialize workspace"        [_thread_blocked, id=14280, stack(0x0000002caa400000,0x0000002caa500000) (1024K)]
  0x0000017a84995690 JavaThread "Worker-3455: Initialize workspace"        [_thread_blocked, id=22084, stack(0x0000002caa500000,0x0000002caa600000) (1024K)]
  0x0000017a84995d20 JavaThread "Connection worker"                 [_thread_blocked, id=2780, stack(0x0000002c80e00000,0x0000002c80f00000) (1024K)]
  0x0000017a84991b80 JavaThread "Connection worker"                 [_thread_blocked, id=3020, stack(0x0000002ca9f00000,0x0000002caa000000) (1024K)]
  0x0000017a84992f30 JavaThread "Connection worker"                 [_thread_blocked, id=10964, stack(0x0000002caa700000,0x0000002caa800000) (1024K)]
  0x0000017a849970d0 JavaThread "Connection worker"                 [_thread_blocked, id=17536, stack(0x0000002caa900000,0x0000002caaa00000) (1024K)]
  0x0000017a84996a40 JavaThread "Worker-3474: Initialize workspace"        [_thread_blocked, id=13016, stack(0x0000002caa800000,0x0000002caa900000) (1024K)]
  0x0000017a84997760 JavaThread "Worker-3485: Initialize workspace"        [_thread_blocked, id=11200, stack(0x0000002caab00000,0x0000002caac00000) (1024K)]
  0x0000017a84999ec0 JavaThread "Connection worker"                 [_thread_blocked, id=19864, stack(0x0000002caad00000,0x0000002caae00000) (1024K)]
  0x0000017a8499abe0 JavaThread "Worker-3497: Initialize workspace"        [_thread_blocked, id=10500, stack(0x0000002caaa00000,0x0000002caab00000) (1024K)]
  0x0000017a84998480 JavaThread "Connection worker"                 [_thread_blocked, id=21376, stack(0x0000002cab000000,0x0000002cab100000) (1024K)]
  0x0000017a8499b270 JavaThread "Worker-3509: Initialize workspace"        [_thread_blocked, id=2608, stack(0x0000002caae00000,0x0000002caaf00000) (1024K)]
  0x0000017a8499b900 JavaThread "Worker-3518: Initialize workspace"        [_thread_blocked, id=22120, stack(0x0000002caaf00000,0x0000002cab000000) (1024K)]
  0x0000017a8499a550 JavaThread "Connection worker"                 [_thread_blocked, id=2544, stack(0x0000002cab100000,0x0000002cab200000) (1024K)]
  0x0000017a8499c620 JavaThread "Worker-3530: Initialize workspace"        [_thread_blocked, id=8116, stack(0x0000002cab400000,0x0000002cab500000) (1024K)]
  0x0000017a849991a0 JavaThread "Worker-3539: Initialize workspace"        [_thread_blocked, id=12980, stack(0x0000002cab500000,0x0000002cab600000) (1024K)]
  0x0000017a84998b10 JavaThread "Connection worker"                 [_thread_blocked, id=21508, stack(0x0000002cab600000,0x0000002cab700000) (1024K)]
  0x0000017a8499f410 JavaThread "Connection worker"                 [_thread_blocked, id=3088, stack(0x0000002cab700000,0x0000002cab800000) (1024K)]
  0x0000017a8499d340 JavaThread "Worker-3552: Initialize workspace"        [_thread_blocked, id=10324, stack(0x0000002cab300000,0x0000002cab400000) (1024K)]
  0x0000017a8499d9d0 JavaThread "Worker-3560: Initialize workspace"        [_thread_blocked, id=18844, stack(0x0000002cab900000,0x0000002caba00000) (1024K)]
  0x0000017a8499e060 JavaThread "Worker-3569: Initialize workspace"        [_thread_blocked, id=10328, stack(0x0000002caba00000,0x0000002cabb00000) (1024K)]
  0x0000017a849a0130 JavaThread "Connection worker"                 [_thread_blocked, id=2740, stack(0x0000002cabd00000,0x0000002cabe00000) (1024K)]
  0x0000017a849a07c0 JavaThread "Connection worker"                 [_thread_blocked, id=23032, stack(0x0000002cabf00000,0x0000002cac000000) (1024K)]
  0x0000017a849a0e50 JavaThread "Connection worker"                 [_thread_blocked, id=23224, stack(0x0000002cac000000,0x0000002cac100000) (1024K)]
  0x0000017a849a14e0 JavaThread "Worker-3585: Initialize workspace"        [_thread_blocked, id=20288, stack(0x0000002cabc00000,0x0000002cabd00000) (1024K)]
  0x0000017a8499ccb0 JavaThread "Connection worker"                 [_thread_blocked, id=21176, stack(0x0000002cabb00000,0x0000002cabc00000) (1024K)]
  0x0000017a8499e6f0 JavaThread "Worker-3598: Initialize workspace"        [_thread_blocked, id=18436, stack(0x0000002cac100000,0x0000002cac200000) (1024K)]
  0x0000017a849a2200 JavaThread "Worker-3611: Initialize workspace"        [_thread_blocked, id=8424, stack(0x0000002cac500000,0x0000002cac600000) (1024K)]
  0x0000017a8499ed80 JavaThread "Worker-3619: Initialize workspace"        [_thread_blocked, id=13612, stack(0x0000002cac300000,0x0000002cac400000) (1024K)]
  0x0000017a84974300 JavaThread "Connection worker"                 [_thread_blocked, id=12500, stack(0x0000002cacb00000,0x0000002cacc00000) (1024K)]
  0x0000017a849963b0 JavaThread "Worker-3634: Initialize workspace"        [_thread_blocked, id=18120, stack(0x0000002cac900000,0x0000002caca00000) (1024K)]
  0x0000017a849a35b0 JavaThread "Connection worker"                 [_thread_blocked, id=2904, stack(0x0000002cacc00000,0x0000002cacd00000) (1024K)]
  0x0000017a849a2890 JavaThread "Worker-3647: Initialize workspace"        [_thread_blocked, id=8692, stack(0x0000002caca00000,0x0000002cacb00000) (1024K)]
  0x0000017a849a2f20 JavaThread "Worker-3660: Initialize workspace"        [_thread_blocked, id=20240, stack(0x0000002cacd00000,0x0000002cace00000) (1024K)]
  0x0000017a86496780 JavaThread "Connection worker"                 [_thread_blocked, id=1404, stack(0x0000002cad000000,0x0000002cad100000) (1024K)]
  0x0000017a864953d0 JavaThread "Worker-3672: Initialize workspace"        [_thread_blocked, id=12812, stack(0x0000002cacf00000,0x0000002cad000000) (1024K)]
  0x0000017a86493300 JavaThread "Worker-3684: Initialize workspace"        [_thread_blocked, id=21408, stack(0x0000002cad200000,0x0000002cad300000) (1024K)]
  0x0000017a864946b0 JavaThread "Connection worker"                 [_thread_blocked, id=2088, stack(0x0000002cad400000,0x0000002cad500000) (1024K)]
  0x0000017a86496e10 JavaThread "Worker-3697: Initialize workspace"        [_thread_blocked, id=12012, stack(0x0000002cad300000,0x0000002cad400000) (1024K)]
  0x0000017a86495a60 JavaThread "Worker-3701: Initialize workspace"        [_thread_blocked, id=9140, stack(0x0000002cad600000,0x0000002cad700000) (1024K)]
  0x0000017a86493990 JavaThread "Connection worker"                 [_thread_blocked, id=22780, stack(0x0000002cad100000,0x0000002cad200000) (1024K)]
  0x0000017a86494020 JavaThread "Worker-3719: Initialize workspace"        [_thread_blocked, id=13560, stack(0x0000002cad700000,0x0000002cad800000) (1024K)]
  0x0000017a864974a0 JavaThread "Worker-3727: Initialize workspace"        [_thread_blocked, id=3712, stack(0x0000002cad900000,0x0000002cada00000) (1024K)]
  0x0000017a8649b640 JavaThread "Connection worker"                 [_thread_blocked, id=10432, stack(0x0000002cade00000,0x0000002cadf00000) (1024K)]
  0x0000017a864981c0 JavaThread "Worker-3743: Initialize workspace"        [_thread_blocked, id=11956, stack(0x0000002cadb00000,0x0000002cadc00000) (1024K)]
  0x0000017a8649a920 JavaThread "Connection worker"                 [_thread_blocked, id=20176, stack(0x0000002cadf00000,0x0000002cae000000) (1024K)]
  0x0000017a86494d40 JavaThread "Worker-3756: Initialize workspace"        [_thread_blocked, id=14648, stack(0x0000002cadc00000,0x0000002cadd00000) (1024K)]
  0x0000017a86498850 JavaThread "Worker-3766: Initialize workspace"        [_thread_blocked, id=8024, stack(0x0000002cae100000,0x0000002cae200000) (1024K)]
  0x0000017a8649bcd0 JavaThread "Connection worker"                 [_thread_blocked, id=9836, stack(0x0000002cae200000,0x0000002cae300000) (1024K)]
  0x0000017a86498ee0 JavaThread "Connection worker"                 [_thread_blocked, id=19732, stack(0x0000002cae400000,0x0000002cae500000) (1024K)]
  0x0000017a8649c360 JavaThread "Worker-3776: Initialize workspace"        [_thread_blocked, id=15168, stack(0x0000002cae500000,0x0000002cae600000) (1024K)]
  0x0000017a8649c9f0 JavaThread "Connection worker"                 [_thread_blocked, id=19712, stack(0x0000002cae600000,0x0000002cae700000) (1024K)]
  0x0000017a86499570 JavaThread "Worker-3793: Initialize workspace"        [_thread_blocked, id=11180, stack(0x0000002cae300000,0x0000002cae400000) (1024K)]
  0x0000017a8649d080 JavaThread "Connection worker"                 [_thread_blocked, id=22592, stack(0x0000002cae700000,0x0000002cae800000) (1024K)]
  0x0000017a8649d710 JavaThread "Worker-3805: Initialize workspace"        [_thread_blocked, id=12756, stack(0x0000002cae800000,0x0000002cae900000) (1024K)]
  0x0000017a8649afb0 JavaThread "Connection worker"                 [_thread_blocked, id=20372, stack(0x0000002caeb00000,0x0000002caec00000) (1024K)]
  0x0000017a8649eac0 JavaThread "Worker-3817: Initialize workspace"        [_thread_blocked, id=15008, stack(0x0000002cae900000,0x0000002caea00000) (1024K)]
  0x0000017a8649f7e0 JavaThread "Worker-3828: Initialize workspace"        [_thread_blocked, id=10340, stack(0x0000002caea00000,0x0000002caeb00000) (1024K)]
  0x0000017a864a1220 JavaThread "Connection worker"                 [_thread_blocked, id=11336, stack(0x0000002caed00000,0x0000002caee00000) (1024K)]
  0x0000017a8649dda0 JavaThread "Worker-3840: Initialize workspace"        [_thread_blocked, id=12664, stack(0x0000002caee00000,0x0000002caef00000) (1024K)]
  0x0000017a864a0b90 JavaThread "pool-26-thread-1"                  [_thread_blocked, id=13376, stack(0x0000002caf200000,0x0000002caf300000) (1024K)]
  0x0000017a864a1f40 JavaThread "pool-85-thread-1"                  [_thread_blocked, id=9036, stack(0x0000002caf600000,0x0000002caf700000) (1024K)]
  0x0000017a864a4d30 JavaThread "pool-5-thread-1"                   [_thread_blocked, id=2928, stack(0x0000002caf900000,0x0000002cafa00000) (1024K)]
  0x0000017a864a2c60 JavaThread "pool-30-thread-1"                  [_thread_blocked, id=15504, stack(0x0000002cafd00000,0x0000002cafe00000) (1024K)]
  0x0000017a864afe60 JavaThread "pool-120-thread-1"                 [_thread_blocked, id=19448, stack(0x0000002cb1200000,0x0000002cb1300000) (1024K)]
  0x0000017a864ad700 JavaThread "pool-112-thread-1"                 [_thread_blocked, id=19048, stack(0x0000002cb1300000,0x0000002cb1400000) (1024K)]
  0x0000017a864b1210 JavaThread "pool-129-thread-1"                 [_thread_blocked, id=2416, stack(0x0000002cb1400000,0x0000002cb1500000) (1024K)]
  0x0000017a864b4690 JavaThread "pool-9-thread-1"                   [_thread_blocked, id=17804, stack(0x0000002cb1b00000,0x0000002cb1c00000) (1024K)]
  0x0000017a864b3970 JavaThread "pool-16-thread-1"                  [_thread_blocked, id=15964, stack(0x0000002cb1e00000,0x0000002cb1f00000) (1024K)]
  0x0000017a864b53b0 JavaThread "pool-126-thread-1"                 [_thread_blocked, id=9236, stack(0x0000002cb2200000,0x0000002cb2300000) (1024K)]
  0x0000017a864b81a0 JavaThread "pool-8-thread-1"                   [_thread_blocked, id=13324, stack(0x0000002cb2500000,0x0000002cb2600000) (1024K)]
  0x0000017a864b6df0 JavaThread "pool-95-thread-1"                  [_thread_blocked, id=15868, stack(0x0000002cb2600000,0x0000002cb2700000) (1024K)]
  0x0000017a864b8830 JavaThread "pool-127-thread-1"                 [_thread_blocked, id=18608, stack(0x0000002cb2700000,0x0000002cb2800000) (1024K)]
  0x0000017a864b5a40 JavaThread "pool-97-thread-1"                  [_thread_blocked, id=22660, stack(0x0000002cb2800000,0x0000002cb2900000) (1024K)]
  0x0000017a864b60d0 JavaThread "pool-102-thread-1"                 [_thread_blocked, id=20180, stack(0x0000002cb2900000,0x0000002cb2a00000) (1024K)]
  0x0000017a86479590 JavaThread "pool-80-thread-1"                  [_thread_blocked, id=3796, stack(0x0000002cb2c00000,0x0000002cb2d00000) (1024K)]
  0x0000017a86479c20 JavaThread "pool-114-thread-1"                 [_thread_blocked, id=3244, stack(0x0000002cb2e00000,0x0000002cb2f00000) (1024K)]
  0x0000017a8647bcf0 JavaThread "pool-128-thread-1"                 [_thread_blocked, id=17884, stack(0x0000002cb3100000,0x0000002cb3200000) (1024K)]
  0x0000017a86478f00 JavaThread "pool-3-thread-1"                   [_thread_blocked, id=8376, stack(0x0000002cb3200000,0x0000002cb3300000) (1024K)]
  0x0000017a8647d730 JavaThread "pool-88-thread-1"                  [_thread_blocked, id=3324, stack(0x0000002cb3400000,0x0000002cb3500000) (1024K)]
  0x0000017a8647ddc0 JavaThread "pool-92-thread-1"                  [_thread_blocked, id=22224, stack(0x0000002cb3600000,0x0000002cb3700000) (1024K)]
  0x0000017a86480520 JavaThread "pool-113-thread-1"                 [_thread_blocked, id=8672, stack(0x0000002cb3900000,0x0000002cb3a00000) (1024K)]
  0x0000017a8647eae0 JavaThread "pool-106-thread-1"                 [_thread_blocked, id=21680, stack(0x0000002cb3a00000,0x0000002cb3b00000) (1024K)]
  0x0000017a864839a0 JavaThread "pool-89-thread-1"                  [_thread_blocked, id=16404, stack(0x0000002cb3f00000,0x0000002cb4000000) (1024K)]
  0x0000017a864825f0 JavaThread "pool-77-thread-1"                  [_thread_blocked, id=17892, stack(0x0000002cb4200000,0x0000002cb4300000) (1024K)]
  0x0000017a864818d0 JavaThread "pool-81-thread-1"                  [_thread_blocked, id=19916, stack(0x0000002cb4500000,0x0000002cb4600000) (1024K)]
  0x0000017a86480bb0 JavaThread "pool-66-thread-1"                  [_thread_blocked, id=5596, stack(0x0000002cb4600000,0x0000002cb4700000) (1024K)]
  0x0000017a86486e20 JavaThread "pool-123-thread-1"                 [_thread_blocked, id=23136, stack(0x0000002cb5300000,0x0000002cb5400000) (1024K)]
  0x0000017a8648c370 JavaThread "pool-73-thread-1"                  [_thread_blocked, id=10896, stack(0x0000002cb5900000,0x0000002cb5a00000) (1024K)]
  0x0000017a8648ead0 JavaThread "pool-50-thread-1"                  [_thread_blocked, id=12456, stack(0x0000002cb6100000,0x0000002cb6200000) (1024K)]
  0x0000017a8648fe80 JavaThread "pool-47-thread-1"                  [_thread_blocked, id=15104, stack(0x0000002cb6400000,0x0000002cb6500000) (1024K)]
  0x0000017a935c39a0 JavaThread "pool-75-thread-1"                  [_thread_blocked, id=23576, stack(0x0000002cb7100000,0x0000002cb7200000) (1024K)]
  0x0000017a935c6790 JavaThread "pool-131-thread-1"                 [_thread_blocked, id=23580, stack(0x0000002cb7200000,0x0000002cb7300000) (1024K)]
  0x0000017a935c3310 JavaThread "pool-134-thread-1"                 [_thread_blocked, id=23588, stack(0x0000002cb7400000,0x0000002cb7500000) (1024K)]
  0x0000017a935c81d0 JavaThread "Worker-3852: Initialize workspace"        [_thread_blocked, id=23616, stack(0x0000002cb7600000,0x0000002cb7700000) (1024K)]
  0x0000017a935cafc0 JavaThread "pool-140-thread-1"                 [_thread_blocked, id=23680, stack(0x0000002cb7c00000,0x0000002cb7d00000) (1024K)]
  0x0000017a935ca2a0 JavaThread "Connection worker"                 [_thread_blocked, id=23688, stack(0x0000002cb7d00000,0x0000002cb7e00000) (1024K)]
  0x0000017a935cb650 JavaThread "Worker-3863: Initialize workspace"        [_thread_blocked, id=23736, stack(0x0000002cb7b00000,0x0000002cb7c00000) (1024K)]
  0x0000017a935ca930 JavaThread "pool-142-thread-1"                 [_thread_blocked, id=23752, stack(0x0000002cb7f00000,0x0000002cb8000000) (1024K)]
  0x0000017a935cbce0 JavaThread "pool-143-thread-1"                 [_thread_blocked, id=23780, stack(0x0000002cb7800000,0x0000002cb7900000) (1024K)]
  0x0000017a935cca00 JavaThread "Connection worker"                 [_thread_blocked, id=23832, stack(0x0000002cb8200000,0x0000002cb8300000) (1024K)]
  0x0000017a935d0510 JavaThread "Worker-3875: Initialize workspace"        [_thread_blocked, id=24092, stack(0x0000002cb8400000,0x0000002cb8500000) (1024K)]
  0x0000017a935cf160 JavaThread "pool-150-thread-1"                 [_thread_blocked, id=24124, stack(0x0000002cb8c00000,0x0000002cb8d00000) (1024K)]
  0x0000017a935cd090 JavaThread "Worker-3882: Initialize workspace"        [_thread_blocked, id=24164, stack(0x0000002cb8b00000,0x0000002cb8c00000) (1024K)]
  0x0000017a935d53d0 JavaThread "pool-155-thread-1"                 [_thread_blocked, id=24284, stack(0x0000002cb9200000,0x0000002cb9300000) (1024K)]
  0x0000017a935d4020 JavaThread "Connection worker"                 [_thread_blocked, id=24288, stack(0x0000002cb9300000,0x0000002cb9400000) (1024K)]
  0x0000017a935ce440 JavaThread "pool-156-thread-1"                 [_thread_blocked, id=24396, stack(0x0000002cb9100000,0x0000002cb9200000) (1024K)]
  0x0000017a935d25e0 JavaThread "Worker-3899: Initialize workspace"        [_thread_blocked, id=23584, stack(0x0000002cb9c00000,0x0000002cb9d00000) (1024K)]
  0x0000017a935d18c0 JavaThread "pool-163-thread-1"                 [_thread_blocked, id=24096, stack(0x0000002cb9d00000,0x0000002cb9e00000) (1024K)]
  0x0000017a935d6e10 JavaThread "pool-164-thread-1"                 [_thread_blocked, id=24252, stack(0x0000002cba000000,0x0000002cba100000) (1024K)]
  0x0000017a935d7b30 JavaThread "pool-166-thread-1"                 [_thread_blocked, id=24364, stack(0x0000002cba200000,0x0000002cba300000) (1024K)]
  0x0000017a935db640 JavaThread "Worker-3911: Initialize workspace"        [_thread_blocked, id=24048, stack(0x0000002cba600000,0x0000002cba700000) (1024K)]
  0x0000017a935dafb0 JavaThread "pool-171-thread-1"                 [_thread_blocked, id=24452, stack(0x0000002cba800000,0x0000002cba900000) (1024K)]
  0x0000017a935dc360 JavaThread "Connection worker"                 [_thread_blocked, id=24300, stack(0x0000002cbac00000,0x0000002cbad00000) (1024K)]
  0x0000017a935dd080 JavaThread "pool-176-thread-1"                 [_thread_blocked, id=24056, stack(0x0000002cbae00000,0x0000002cbaf00000) (1024K)]
  0x0000017a935e0b90 JavaThread "Worker-3923: Initialize workspace"        [_thread_blocked, id=24000, stack(0x0000002cbb100000,0x0000002cbb200000) (1024K)]
  0x0000017a935e0500 JavaThread "pool-178-thread-1"                 [_thread_blocked, id=24040, stack(0x0000002cbb200000,0x0000002cbb300000) (1024K)]
  0x0000017a935dfe70 JavaThread "pool-179-thread-1"                 [_thread_blocked, id=24080, stack(0x0000002cbaf00000,0x0000002cbb000000) (1024K)]
  0x0000017a935e1220 JavaThread "pool-180-thread-1"                 [_thread_blocked, id=23924, stack(0x0000002cbb300000,0x0000002cbb400000) (1024K)]
  0x0000017a935e18b0 JavaThread "Connection worker"                 [_thread_blocked, id=24180, stack(0x0000002cbb600000,0x0000002cbb700000) (1024K)]
  0x0000017a935e25d0 JavaThread "pool-183-thread-1"                 [_thread_blocked, id=24280, stack(0x0000002cbb900000,0x0000002cbba00000) (1024K)]
  0x0000017a935de430 JavaThread "Worker-3936: Initialize workspace"        [_thread_blocked, id=24376, stack(0x0000002cbb700000,0x0000002cbb800000) (1024K)]
  0x0000017a935e4d30 JavaThread "pool-186-thread-1"                 [_thread_blocked, id=24204, stack(0x0000002cbbc00000,0x0000002cbbd00000) (1024K)]
  0x0000017a935e60e0 JavaThread "Connection worker"                 [_thread_blocked, id=24524, stack(0x0000002cbc100000,0x0000002cbc200000) (1024K)]
  0x0000017a935e5a50 JavaThread "Worker-3948: Initialize workspace"        [_thread_blocked, id=24600, stack(0x0000002cbc000000,0x0000002cbc100000) (1024K)]
  0x0000017a935e81b0 JavaThread "pool-193-thread-1"                 [_thread_blocked, id=24644, stack(0x0000002cbc500000,0x0000002cbc600000) (1024K)]
  0x0000017a935ab670 JavaThread "pool-194-thread-1"                 [_thread_blocked, id=24696, stack(0x0000002cbcb00000,0x0000002cbcc00000) (1024K)]
  0x0000017a935a95a0 JavaThread "pool-197-thread-1"                 [_thread_blocked, id=24788, stack(0x0000002cbd100000,0x0000002cbd200000) (1024K)]
  0x0000017a935e7490 JavaThread "Worker-3959: Initialize workspace"        [_thread_blocked, id=24860, stack(0x0000002cbc800000,0x0000002cbc900000) (1024K)]
  0x0000017a935b1250 JavaThread "Connection worker"                 [_thread_blocked, id=24960, stack(0x0000002cbd900000,0x0000002cbda00000) (1024K)]
  0x0000017a935ae460 JavaThread "pool-205-thread-1"                 [_thread_blocked, id=24988, stack(0x0000002cbdd00000,0x0000002cbde00000) (1024K)]
  0x0000017a935addd0 JavaThread "Worker-3972: Initialize workspace"        [_thread_blocked, id=25020, stack(0x0000002cbd700000,0x0000002cbd800000) (1024K)]
  0x0000017a935aeaf0 JavaThread "pool-212-thread-1"                 [_thread_blocked, id=25256, stack(0x0000002cbdf00000,0x0000002cbe000000) (1024K)]
  0x0000017a935b4d60 JavaThread "Worker-3983: Initialize workspace"        [_thread_blocked, id=25312, stack(0x0000002cbe000000,0x0000002cbe100000) (1024K)]
  0x0000017a935b53f0 JavaThread "pool-215-thread-1"                 [_thread_blocked, id=25392, stack(0x0000002cbe800000,0x0000002cbe900000) (1024K)]
  0x0000017a935b3320 JavaThread "Worker-3994: Initialize workspace"        [_thread_blocked, id=25488, stack(0x0000002cbeb00000,0x0000002cbec00000) (1024K)]
  0x0000017a935b7b50 JavaThread "pool-224-thread-1"                 [_thread_blocked, id=25544, stack(0x0000002cbf400000,0x0000002cbf500000) (1024K)]
  0x0000017a935bd730 JavaThread "Connection worker"                 [_thread_blocked, id=23916, stack(0x0000002cbfd00000,0x0000002cbfe00000) (1024K)]
  0x0000017a935bfe90 JavaThread "pool-228-thread-1"                 [_thread_blocked, id=24588, stack(0x0000002cbfb00000,0x0000002cbfc00000) (1024K)]
  0x0000017a935b81e0 JavaThread "pool-230-thread-1"                 [_thread_blocked, id=24632, stack(0x0000002cbf300000,0x0000002cbf400000) (1024K)]
  0x0000017a935bf800 JavaThread "Connection worker"                 [_thread_blocked, id=23768, stack(0x0000002cc0100000,0x0000002cc0200000) (1024K)]
  0x0000017a935c25f0 JavaThread "pool-232-thread-1"                 [_thread_blocked, id=24420, stack(0x0000002cc0400000,0x0000002cc0500000) (1024K)]
  0x0000017a935bc380 JavaThread "pool-233-thread-1"                 [_thread_blocked, id=23668, stack(0x0000002cc0200000,0x0000002cc0300000) (1024K)]
  0x0000017a935c0520 JavaThread "pool-234-thread-1"                 [_thread_blocked, id=24680, stack(0x0000002cbf700000,0x0000002cbf800000) (1024K)]
  0x0000017a86499c00 JavaThread "pool-237-thread-1"                 [_thread_blocked, id=25028, stack(0x0000002cc0a00000,0x0000002cc0b00000) (1024K)]
  0x0000017a91b2efe0 JavaThread "pool-238-thread-1"                 [_thread_blocked, id=25464, stack(0x0000002cc0e00000,0x0000002cc0f00000) (1024K)]
  0x0000017a91b2bb60 JavaThread "Worker-4026: Initialize workspace"        [_thread_blocked, id=24612, stack(0x0000002cc0f00000,0x0000002cc1000000) (1024K)]
  0x0000017a91b2dc30 JavaThread "pool-239-thread-1"                 [_thread_blocked, id=12416, stack(0x0000002cc1100000,0x0000002cc1200000) (1024K)]
  0x0000017a91b30390 JavaThread "pool-241-thread-1"                 [_thread_blocked, id=23744, stack(0x0000002cc1500000,0x0000002cc1600000) (1024K)]
  0x0000017a91b31740 JavaThread "pool-243-thread-1"                 [_thread_blocked, id=25692, stack(0x0000002cc1900000,0x0000002cc1a00000) (1024K)]
  0x0000017a91b32af0 JavaThread "pool-246-thread-1"                 [_thread_blocked, id=25864, stack(0x0000002cc1700000,0x0000002cc1800000) (1024K)]
  0x0000017a91b33810 JavaThread "pool-247-thread-1"                 [_thread_blocked, id=25868, stack(0x0000002cc1b00000,0x0000002cc1c00000) (1024K)]
  0x0000017a91b30a20 JavaThread "Connection worker"                 [_thread_blocked, id=25960, stack(0x0000002cc2000000,0x0000002cc2100000) (1024K)]
  0x0000017a91b35f70 JavaThread "pool-249-thread-1"                 [_thread_blocked, id=26012, stack(0x0000002cc2300000,0x0000002cc2400000) (1024K)]
  0x0000017a91b34530 JavaThread "pool-250-thread-1"                 [_thread_blocked, id=26036, stack(0x0000002cc1c00000,0x0000002cc1d00000) (1024K)]
  0x0000017a91b386d0 JavaThread "Worker-4052: Initialize workspace"        [_thread_blocked, id=26148, stack(0x0000002cb0f00000,0x0000002cb1000000) (1024K)]
  0x0000017a91b379b0 JavaThread "pool-255-thread-1"                 [_thread_blocked, id=26332, stack(0x0000002cc2b00000,0x0000002cc2c00000) (1024K)]
  0x0000017a91b3b4c0 JavaThread "pool-256-thread-1"                 [_thread_blocked, id=26396, stack(0x0000002cc2e00000,0x0000002cc2f00000) (1024K)]
  0x0000017a91b38040 JavaThread "Worker-4064: Initialize workspace"        [_thread_blocked, id=26416, stack(0x0000002cc2700000,0x0000002cc2800000) (1024K)]
  0x0000017a91b3d590 JavaThread "Connection worker"                 [_thread_blocked, id=26508, stack(0x0000002cc3100000,0x0000002cc3200000) (1024K)]
  0x0000017a91b3a110 JavaThread "pool-262-thread-1"                 [_thread_blocked, id=26564, stack(0x0000002cc3200000,0x0000002cc3300000) (1024K)]
  0x0000017a91b3c870 JavaThread "pool-263-thread-1"                 [_thread_blocked, id=26596, stack(0x0000002c97900000,0x0000002c97a00000) (1024K)]
  0x0000017a91b3dc20 JavaThread "Worker-4075: Initialize workspace"        [_thread_blocked, id=25532, stack(0x0000002cbbb00000,0x0000002cbbc00000) (1024K)]
  0x0000017a91b410a0 JavaThread "Connection worker"                 [_thread_blocked, id=25612, stack(0x0000002cc3800000,0x0000002cc3900000) (1024K)]
  0x0000017a91b3efd0 JavaThread "pool-265-thread-1"                 [_thread_blocked, id=23860, stack(0x0000002cc3a00000,0x0000002cc3b00000) (1024K)]
  0x0000017a91b43170 JavaThread "Connection worker"                 [_thread_blocked, id=24240, stack(0x0000002cc3d00000,0x0000002cc3e00000) (1024K)]
  0x0000017a91b3fcf0 JavaThread "pool-268-thread-1"                 [_thread_blocked, id=24208, stack(0x0000002cc3900000,0x0000002cc3a00000) (1024K)]
  0x0000017a91b3e940 JavaThread "Worker-4089: Initialize workspace"        [_thread_blocked, id=25680, stack(0x0000002cc3c00000,0x0000002cc3d00000) (1024K)]
  0x0000017a91b479a0 JavaThread "pool-272-thread-1"                 [_thread_blocked, id=26044, stack(0x0000002cc4400000,0x0000002cc4500000) (1024K)]
  0x0000017a91b465f0 JavaThread "Connection worker"                 [_thread_blocked, id=26248, stack(0x0000002cc4500000,0x0000002cc4600000) (1024K)]
  0x0000017a91b458d0 JavaThread "pool-273-thread-1"                 [_thread_blocked, id=26392, stack(0x0000002c97f00000,0x0000002c98000000) (1024K)]
  0x0000017a91b46c80 JavaThread "pool-274-thread-1"                 [_thread_blocked, id=26412, stack(0x0000002cc4700000,0x0000002cc4800000) (1024K)]
  0x0000017a91b486c0 JavaThread "Worker-4101: Initialize workspace"        [_thread_blocked, id=1720, stack(0x0000002cc4100000,0x0000002cc4200000) (1024K)]
  0x0000017a91b47310 JavaThread "Worker-4103: Initialize workspace"        [_thread_blocked, id=26492, stack(0x0000002cbc200000,0x0000002cbc300000) (1024K)]
  0x0000017a91b4a790 JavaThread "Connection worker"                 [_thread_blocked, id=26424, stack(0x0000002cc4b00000,0x0000002cc4c00000) (1024K)]
  0x0000017a91b4d580 JavaThread "pool-278-thread-1"                 [_thread_blocked, id=26460, stack(0x0000002cac600000,0x0000002cac700000) (1024K)]
  0x0000017a91b48d50 JavaThread "pool-281-thread-1"                 [_thread_blocked, id=26652, stack(0x0000002cc5100000,0x0000002cc5200000) (1024K)]
  0x0000017a91b4e2a0 JavaThread "Connection worker"                 [_thread_blocked, id=26664, stack(0x0000002cc5400000,0x0000002cc5500000) (1024K)]
  0x0000017a91b4c860 JavaThread "pool-282-thread-1"                 [_thread_blocked, id=26676, stack(0x0000002caa600000,0x0000002caa700000) (1024K)]
  0x0000017a91b4efc0 JavaThread "Worker-4119: Initialize workspace"        [_thread_blocked, id=26696, stack(0x0000002cc5300000,0x0000002cc5400000) (1024K)]
  0x0000017a91b51090 JavaThread "Connection worker"                 [_thread_blocked, id=26800, stack(0x0000002cc5700000,0x0000002cc5800000) (1024K)]
  0x0000017a91b4e930 JavaThread "pool-286-thread-1"                 [_thread_blocked, id=26872, stack(0x0000002cc5a00000,0x0000002cc5b00000) (1024K)]
  0x0000017a91b52ad0 JavaThread "pool-287-thread-1"                 [_thread_blocked, id=26944, stack(0x0000002cc5e00000,0x0000002cc5f00000) (1024K)]
  0x0000017a91b4fce0 JavaThread "pool-288-thread-1"                 [_thread_blocked, id=26968, stack(0x0000002cc5f00000,0x0000002cc6000000) (1024K)]
  0x0000017a91b4f650 JavaThread "pool-289-thread-1"                 [_thread_blocked, id=27048, stack(0x0000002cc5600000,0x0000002cc5700000) (1024K)]
  0x0000017a91b53160 JavaThread "Worker-4132: Initialize workspace"        [_thread_blocked, id=27056, stack(0x0000002cc5c00000,0x0000002cc5d00000) (1024K)]
  0x0000017a91b50a00 JavaThread "pool-291-thread-1"                 [_thread_blocked, id=27148, stack(0x0000002cc6100000,0x0000002cc6200000) (1024K)]
  0x0000017a91b58020 JavaThread "pool-295-thread-1"                 [_thread_blocked, id=27336, stack(0x0000002ca3000000,0x0000002ca3100000) (1024K)]
  0x0000017a91b586b0 JavaThread "Worker-4141: Initialize workspace"        [_thread_blocked, id=27372, stack(0x0000002cc6a00000,0x0000002cc6b00000) (1024K)]
  0x0000017a91b537f0 JavaThread "pool-297-thread-1"                 [_thread_blocked, id=27384, stack(0x0000002cc5900000,0x0000002cc5a00000) (1024K)]
  0x0000017a91b565e0 JavaThread "pool-299-thread-1"                 [_thread_blocked, id=27456, stack(0x0000002cc6d00000,0x0000002cc6e00000) (1024K)]
  0x0000017a91b57300 JavaThread "pool-300-thread-1"                 [_thread_blocked, id=27492, stack(0x0000002cc7100000,0x0000002cc7200000) (1024K)]
  0x0000017a91b5c1c0 JavaThread "Connection worker"                 [_thread_blocked, id=27524, stack(0x0000002cc7000000,0x0000002cc7100000) (1024K)]
  0x0000017a91b5efb0 JavaThread "pool-303-thread-1"                 [_thread_blocked, id=27580, stack(0x0000002cc7600000,0x0000002cc7700000) (1024K)]
  0x0000017a91b59a60 JavaThread "Connection worker"                 [_thread_blocked, id=27904, stack(0x0000002c98600000,0x0000002c98700000) (1024K)]
  0x0000017a91b61da0 JavaThread "pool-306-thread-1"                 [_thread_blocked, id=28032, stack(0x0000002cc7d00000,0x0000002cc7e00000) (1024K)]
  0x0000017a91b5c850 JavaThread "Worker-4154: Initialize workspace"        [_thread_blocked, id=28088, stack(0x0000002cbc600000,0x0000002cbc700000) (1024K)]
  0x0000017a91b637e0 JavaThread "Connection worker"                 [_thread_blocked, id=28360, stack(0x0000002cc8000000,0x0000002cc8100000) (1024K)]
  0x0000017a91b65220 JavaThread "Worker-4162: Initialize workspace"        [_thread_blocked, id=28404, stack(0x0000002cc8400000,0x0000002cc8500000) (1024K)]
  0x0000017a91b5fcd0 JavaThread "pool-313-thread-1"                 [_thread_blocked, id=28496, stack(0x0000002cbd500000,0x0000002cbd600000) (1024K)]
  0x0000017a91b62ac0 JavaThread "pool-314-thread-1"                 [_thread_blocked, id=28556, stack(0x0000002cc8600000,0x0000002cc8700000) (1024K)]
  0x0000017a91b686a0 JavaThread "Worker-4171: Initialize workspace"        [_thread_blocked, id=28640, stack(0x0000002cc8700000,0x0000002cc8800000) (1024K)]
  0x0000017a91b68d30 JavaThread "Connection worker"                 [_thread_blocked, id=28644, stack(0x0000002cc8800000,0x0000002cc8900000) (1024K)]
  0x0000017a91b69a50 JavaThread "Connection worker"                 [_thread_blocked, id=27600, stack(0x0000002cc8a00000,0x0000002cc8b00000) (1024K)]
  0x0000017a91b68010 JavaThread "pool-316-thread-1"                 [_thread_blocked, id=27200, stack(0x0000002cc7f00000,0x0000002cc8000000) (1024K)]
  0x0000017a91b6a0e0 JavaThread "Connection worker"                 [_thread_blocked, id=26980, stack(0x0000002cc9000000,0x0000002cc9100000) (1024K)]
  0x0000017a935da920 JavaThread "pool-318-thread-1"                 [_thread_blocked, id=27944, stack(0x0000002cc9200000,0x0000002cc9300000) (1024K)]
  0x0000017aff10e930 JavaThread "Connection worker"                 [_thread_blocked, id=27692, stack(0x0000002c9a000000,0x0000002c9a100000) (1024K)]
  0x0000017a935b0bc0 JavaThread "Worker-4183: Initialize workspace"        [_thread_blocked, id=28432, stack(0x0000002cbd800000,0x0000002cbd900000) (1024K)]
  0x0000017a935e6770 JavaThread "pool-319-thread-1"                 [_thread_blocked, id=28504, stack(0x0000002cc8500000,0x0000002cc8600000) (1024K)]
  0x0000017a867dbfc0 JavaThread "Connection worker"                 [_thread_blocked, id=28532, stack(0x0000002cc9400000,0x0000002cc9500000) (1024K)]
  0x0000017a935e4010 JavaThread "pool-323-thread-1"                 [_thread_blocked, id=28668, stack(0x0000002cc9e00000,0x0000002cc9f00000) (1024K)]
  0x0000017a9aa46fa0 JavaThread "pool-324-thread-1"                 [_thread_blocked, id=13288, stack(0x0000002cca100000,0x0000002cca200000) (1024K)]
  0x0000017a9aa45bf0 JavaThread "pool-325-thread-1"                 [_thread_blocked, id=27772, stack(0x0000002cca200000,0x0000002cca300000) (1024K)]
  0x0000017a9aa46910 JavaThread "pool-326-thread-1"                 [_thread_blocked, id=27072, stack(0x0000002cca400000,0x0000002cca500000) (1024K)]
  0x0000017a9aa45560 JavaThread "pool-327-thread-1"                 [_thread_blocked, id=28004, stack(0x0000002cca900000,0x0000002ccaa00000) (1024K)]
  0x0000017a9aa44ed0 JavaThread "pool-329-thread-1"                 [_thread_blocked, id=18172, stack(0x0000002ccaa00000,0x0000002ccab00000) (1024K)]
  0x0000017a9aa49700 JavaThread "pool-331-thread-1"                 [_thread_blocked, id=28700, stack(0x0000002cca700000,0x0000002cca800000) (1024K)]
  0x0000017a9aa48350 JavaThread "Worker-4195: Initialize workspace"        [_thread_blocked, id=28764, stack(0x0000002cca000000,0x0000002cca100000) (1024K)]
  0x0000017a9aa4b140 JavaThread "pool-333-thread-1"                 [_thread_blocked, id=28928, stack(0x0000002ccac00000,0x0000002ccad00000) (1024K)]
  0x0000017a9aa489e0 JavaThread "pool-334-thread-1"                 [_thread_blocked, id=28948, stack(0x0000002ccb100000,0x0000002ccb200000) (1024K)]
  0x0000017a9aa4df30 JavaThread "pool-335-thread-1"                 [_thread_blocked, id=28996, stack(0x0000002ccb400000,0x0000002ccb500000) (1024K)]
  0x0000017a9aa4cb80 JavaThread "Connection worker"                 [_thread_blocked, id=29208, stack(0x0000002ccb600000,0x0000002ccb700000) (1024K)]
  0x0000017a9aa520d0 JavaThread "pool-336-thread-1"                 [_thread_blocked, id=29220, stack(0x0000002ccb900000,0x0000002ccba00000) (1024K)]
  0x0000017a9aa4f970 JavaThread "pool-337-thread-1"                 [_thread_blocked, id=29252, stack(0x0000002ccbc00000,0x0000002ccbd00000) (1024K)]
  0x0000017a9aa4aab0 JavaThread "Worker-4205: Initialize workspace"        [_thread_blocked, id=29260, stack(0x0000002ccb700000,0x0000002ccb800000) (1024K)]
  0x0000017a9aa50000 JavaThread "pool-339-thread-1"                 [_thread_blocked, id=29424, stack(0x0000002ccba00000,0x0000002ccbb00000) (1024K)]
  0x0000017a9aa53480 JavaThread "pool-340-thread-1"                 [_thread_blocked, id=29432, stack(0x0000002ccbb00000,0x0000002ccbc00000) (1024K)]
  0x0000017a9aa50690 JavaThread "Worker-4212: Initialize workspace"        [_thread_blocked, id=29656, stack(0x0000002ccbd00000,0x0000002ccbe00000) (1024K)]
  0x0000017a9aa50d20 JavaThread "pool-342-thread-1"                 [_thread_blocked, id=29164, stack(0x0000002ccc200000,0x0000002ccc300000) (1024K)]
  0x0000017a9aa52df0 JavaThread "pool-343-thread-1"                 [_thread_blocked, id=29156, stack(0x0000002ccc400000,0x0000002ccc500000) (1024K)]
  0x0000017a9aa54ec0 JavaThread "pool-344-thread-1"                 [_thread_blocked, id=29060, stack(0x0000002ccc600000,0x0000002ccc700000) (1024K)]
  0x0000017a9aa55be0 JavaThread "Worker-4220: Initialize workspace"        [_thread_blocked, id=28880, stack(0x0000002c9b100000,0x0000002c9b200000) (1024K)]
  0x0000017a9aa513b0 JavaThread "Connection worker"                 [_thread_blocked, id=28900, stack(0x0000002cbe400000,0x0000002cbe500000) (1024K)]
  0x0000017a9aa59060 JavaThread "pool-345-thread-1"                 [_thread_blocked, id=29012, stack(0x0000002cccc00000,0x0000002cccd00000) (1024K)]
  0x0000017a9aa57cb0 JavaThread "Connection worker"                 [_thread_blocked, id=28620, stack(0x0000002cccd00000,0x0000002ccce00000) (1024K)]
  0x0000017a9aa596f0 JavaThread "pool-346-thread-1"                 [_thread_blocked, id=29304, stack(0x0000002ccca00000,0x0000002cccb00000) (1024K)]
  0x0000017a9aa59d80 JavaThread "Connection worker"                 [_thread_blocked, id=29536, stack(0x0000002ccce00000,0x0000002cccf00000) (1024K)]
  0x0000017a9aa5b130 JavaThread "Worker-4226: Initialize workspace"        [_thread_blocked, id=29552, stack(0x0000002ccd200000,0x0000002ccd300000) (1024K)]
  0x0000017a9aa5be50 JavaThread "pool-347-thread-1"                 [_thread_blocked, id=29124, stack(0x0000002ccd300000,0x0000002ccd400000) (1024K)]
  0x0000017a9aa5b7c0 JavaThread "pool-348-thread-1"                 [_thread_blocked, id=29708, stack(0x0000002ccd400000,0x0000002ccd500000) (1024K)]
  0x0000017a9aa5df20 JavaThread "pool-351-thread-1"                 [_thread_blocked, id=30108, stack(0x0000002ccda00000,0x0000002ccdb00000) (1024K)]
  0x0000017a9aa60d10 JavaThread "Connection worker"                 [_thread_blocked, id=30136, stack(0x0000002ccdb00000,0x0000002ccdc00000) (1024K)]
  0x0000017a9aa5f2d0 JavaThread "pool-352-thread-1"                 [_thread_blocked, id=30168, stack(0x0000002ccdd00000,0x0000002ccde00000) (1024K)]
  0x0000017a9aa5d890 JavaThread "Connection worker"                 [_thread_blocked, id=30220, stack(0x0000002ccd900000,0x0000002ccda00000) (1024K)]
  0x0000017a9aa57620 JavaThread "Worker-4242: Initialize workspace"        [_thread_blocked, id=30368, stack(0x0000002ccc500000,0x0000002ccc600000) (1024K)]
  0x0000017a9aa60680 JavaThread "pool-355-thread-1"                 [_thread_blocked, id=30552, stack(0x0000002cce200000,0x0000002cce300000) (1024K)]
  0x0000017a9aa62de0 JavaThread "Connection worker"                 [_thread_blocked, id=30632, stack(0x0000002cce400000,0x0000002cce500000) (1024K)]
  0x0000017a9aa62750 JavaThread "pool-356-thread-1"                 [_thread_blocked, id=30668, stack(0x0000002cce300000,0x0000002cce400000) (1024K)]
  0x0000017a9aa64eb0 JavaThread "pool-357-thread-1"                 [_thread_blocked, id=30676, stack(0x0000002cce000000,0x0000002cce100000) (1024K)]
  0x0000017a9aa63b00 JavaThread "Worker-4252: Initialize workspace"        [_thread_blocked, id=29292, stack(0x0000002cce100000,0x0000002cce200000) (1024K)]
  0x0000017a9aa61a30 JavaThread "Connection worker"                 [_thread_blocked, id=30812, stack(0x0000002ccea00000,0x0000002cceb00000) (1024K)]
  0x0000017a9aa5f960 JavaThread "pool-360-thread-1"                 [_thread_blocked, id=30840, stack(0x0000002cce600000,0x0000002cce700000) (1024K)]
  0x0000017a9aa65540 JavaThread "pool-361-thread-1"                 [_thread_blocked, id=30856, stack(0x0000002cce700000,0x0000002cce800000) (1024K)]
  0x0000017a9aa63470 JavaThread "pool-362-thread-1"                 [_thread_blocked, id=30892, stack(0x0000002ccee00000,0x0000002ccef00000) (1024K)]
  0x0000017a9aa67610 JavaThread "Worker-4263: Initialize workspace"        [_thread_blocked, id=30952, stack(0x0000002cce800000,0x0000002cce900000) (1024K)]
  0x0000017a9aa65bd0 JavaThread "pool-363-thread-1"                 [_thread_blocked, id=30972, stack(0x0000002ccec00000,0x0000002cced00000) (1024K)]
  0x0000017a9aa68330 JavaThread "pool-364-thread-1"                 [_thread_blocked, id=31028, stack(0x0000002ccf200000,0x0000002ccf300000) (1024K)]
  0x0000017a9aa689c0 JavaThread "pool-365-thread-1"                 [_thread_blocked, id=31036, stack(0x0000002ccf000000,0x0000002ccf100000) (1024K)]
  0x0000017a9aa69050 JavaThread "Connection worker"                 [_thread_blocked, id=31064, stack(0x0000002c9b600000,0x0000002c9b700000) (1024K)]
  0x0000017a9aa2a440 JavaThread "pool-366-thread-1"                 [_thread_blocked, id=31084, stack(0x0000002cbe700000,0x0000002cbe800000) (1024K)]
  0x0000017a9aa66f80 JavaThread "Worker-4273: Initialize workspace"        [_thread_blocked, id=31248, stack(0x0000002ccef00000,0x0000002ccf000000) (1024K)]
  0x0000017a9aa2e5e0 JavaThread "pool-368-thread-1"                 [_thread_blocked, id=31360, stack(0x0000002ccfc00000,0x0000002ccfd00000) (1024K)]
  0x0000017a9aa2ec70 JavaThread "pool-370-thread-1"                 [_thread_blocked, id=31432, stack(0x0000002ccff00000,0x0000002cd0000000) (1024K)]
  0x0000017a9aa32780 JavaThread "pool-371-thread-1"                 [_thread_blocked, id=31512, stack(0x0000002cd0100000,0x0000002cd0200000) (1024K)]
  0x0000017a9aa320f0 JavaThread "pool-372-thread-1"                 [_thread_blocked, id=31528, stack(0x0000002cd0200000,0x0000002cd0300000) (1024K)]
  0x0000017a9aa2f990 JavaThread "Worker-4285: Initialize workspace"        [_thread_blocked, id=30572, stack(0x0000002cd0400000,0x0000002cd0500000) (1024K)]
  0x0000017a9aa306b0 JavaThread "pool-375-thread-1"                 [_thread_blocked, id=30224, stack(0x0000002cd0800000,0x0000002cd0900000) (1024K)]
  0x0000017a9aa32e10 JavaThread "pool-376-thread-1"                 [_thread_blocked, id=17424, stack(0x0000002cd0700000,0x0000002cd0800000) (1024K)]
  0x0000017a9aa30d40 JavaThread "pool-377-thread-1"                 [_thread_blocked, id=7276, stack(0x0000002cd0a00000,0x0000002cd0b00000) (1024K)]
  0x0000017a9aa35c00 JavaThread "Connection worker"                 [_thread_blocked, id=30208, stack(0x0000002cbe900000,0x0000002cbea00000) (1024K)]
  0x0000017a9aa39710 JavaThread "pool-381-thread-1"                 [_thread_blocked, id=26152, stack(0x0000002cd1100000,0x0000002cd1200000) (1024K)]
  0x0000017a9aa39080 JavaThread "pool-382-thread-1"                 [_thread_blocked, id=31400, stack(0x0000002cd1300000,0x0000002cd1400000) (1024K)]
  0x0000017a9aa36290 JavaThread "pool-383-thread-1"                 [_thread_blocked, id=31388, stack(0x0000002cd1400000,0x0000002cd1500000) (1024K)]
  0x0000017a9aa3b150 JavaThread "pool-386-thread-1"                 [_thread_blocked, id=31648, stack(0x0000002cd1500000,0x0000002cd1600000) (1024K)]
  0x0000017a9aa341c0 JavaThread "Worker-4296: Initialize workspace"        [_thread_blocked, id=30184, stack(0x0000002ccf700000,0x0000002ccf800000) (1024K)]
  0x0000017a9aa3e5d0 JavaThread "Connection worker"                 [_thread_blocked, id=6932, stack(0x0000002cd2100000,0x0000002cd2200000) (1024K)]
  0x0000017a9aa406a0 JavaThread "pool-388-thread-1"                 [_thread_blocked, id=31816, stack(0x0000002cd2400000,0x0000002cd2500000) (1024K)]
  0x0000017a9aa3c500 JavaThread "Connection worker"                 [_thread_blocked, id=31820, stack(0x0000002cbed00000,0x0000002cbee00000) (1024K)]
  0x0000017a9aa40010 JavaThread "Connection worker"                 [_thread_blocked, id=31824, stack(0x0000002cd2500000,0x0000002cd2600000) (1024K)]
  0x0000017a9aa40d30 JavaThread "pool-389-thread-1"                 [_thread_blocked, id=31836, stack(0x0000002cd2600000,0x0000002cd2700000) (1024K)]
  0x0000017a9aa3df40 JavaThread "pool-390-thread-1"                 [_thread_blocked, id=31984, stack(0x0000002cd2900000,0x0000002cd2a00000) (1024K)]
  0x0000017a9aa41a50 JavaThread "pool-391-thread-1"                 [_thread_blocked, id=32008, stack(0x0000002cd2a00000,0x0000002cd2b00000) (1024K)]
  0x0000017a9aa3ec60 JavaThread "pool-392-thread-1"                 [_thread_blocked, id=32032, stack(0x0000002cd2c00000,0x0000002cd2d00000) (1024K)]
  0x0000017a867e4300 JavaThread "pool-394-thread-1"                 [_thread_blocked, id=32344, stack(0x0000002cd3000000,0x0000002cd3100000) (1024K)]
  0x0000017a867e63d0 JavaThread "pool-395-thread-1"                 [_thread_blocked, id=32352, stack(0x0000002c9bb00000,0x0000002c9bc00000) (1024K)]
  0x0000017a867ea570 JavaThread "Worker-4307: Initialize workspace"        [_thread_blocked, id=32376, stack(0x0000002cd2800000,0x0000002cd2900000) (1024K)]
  0x0000017a935b2600 JavaThread "pool-396-thread-1"                 [_thread_blocked, id=22580, stack(0x0000002cd3600000,0x0000002cd3700000) (1024K)]
  0x0000017a9aa36fb0 JavaThread "pool-397-thread-1"                 [_thread_blocked, id=31244, stack(0x0000002c9c400000,0x0000002c9c500000) (1024K)]
  0x0000017a9aa43490 JavaThread "Connection worker"                 [_thread_blocked, id=29720, stack(0x0000002cbf100000,0x0000002cbf200000) (1024K)]
  0x0000017a9aa43b20 JavaThread "pool-398-thread-1"                 [_thread_blocked, id=32532, stack(0x0000002cd3100000,0x0000002cd3200000) (1024K)]
  0x0000017a935b67a0 JavaThread "pool-399-thread-1"                 [_thread_blocked, id=32236, stack(0x0000002cd3900000,0x0000002cd3a00000) (1024K)]
  0x0000017a91b41730 JavaThread "Worker-4318: Initialize workspace"        [_thread_blocked, id=27052, stack(0x0000002cd2f00000,0x0000002cd3000000) (1024K)]
  0x0000017a9aa413c0 JavaThread "pool-400-thread-1"                 [_thread_blocked, id=32832, stack(0x0000002cd3e00000,0x0000002cd3f00000) (1024K)]
  0x0000017a95552530 JavaThread "pool-401-thread-1"                 [_thread_blocked, id=32848, stack(0x0000002cd3f00000,0x0000002cd4000000) (1024K)]
  0x0000017a95550af0 JavaThread "pool-402-thread-1"                 [_thread_blocked, id=33048, stack(0x0000002cd1b00000,0x0000002cd1c00000) (1024K)]
  0x0000017a95553f70 JavaThread "pool-403-thread-1"                 [_thread_blocked, id=33072, stack(0x0000002cd4300000,0x0000002cd4400000) (1024K)]
  0x0000017a95556040 JavaThread "pool-404-thread-1"                 [_thread_blocked, id=33088, stack(0x0000002cd4700000,0x0000002cd4800000) (1024K)]
  0x0000017a95555320 JavaThread "pool-405-thread-1"                 [_thread_blocked, id=33120, stack(0x0000002cd4800000,0x0000002cd4900000) (1024K)]
  0x0000017a9555af00 JavaThread "pool-409-thread-1"                 [_thread_blocked, id=33448, stack(0x0000002cd5300000,0x0000002cd5400000) (1024K)]
  0x0000017a9557d640 JavaThread "Connection worker"                 [_thread_blocked, id=35096, stack(0x0000002cd3d00000,0x0000002cd3e00000) (1024K)]
  0x0000017a95583220 JavaThread "Worker-4327: Initialize workspace"        [_thread_blocked, id=35424, stack(0x0000002cd3400000,0x0000002cd3500000) (1024K)]
  0x0000017a95583f40 JavaThread "pool-411-thread-1"                 [_thread_blocked, id=36572, stack(0x0000002cdba00000,0x0000002cdbb00000) (1024K)]
  0x0000017a955866a0 JavaThread "Connection worker"                 [_thread_blocked, id=36788, stack(0x0000002c80d00000,0x0000002c80e00000) (1024K)]
  0x0000017a95587a50 JavaThread "Connection worker"                 [_thread_blocked, id=36816, stack(0x0000002c88500000,0x0000002c88600000) (1024K)]
  0x0000017a95586010 JavaThread "Connection worker"                 [_thread_blocked, id=36824, stack(0x0000002c8e500000,0x0000002c8e600000) (1024K)]
  0x0000017a955873c0 JavaThread "Connection worker"                 [_thread_blocked, id=26220, stack(0x0000002c92100000,0x0000002c92200000) (1024K)]
  0x0000017a955880e0 JavaThread "Connection worker"                 [_thread_blocked, id=35176, stack(0x0000002ca1800000,0x0000002ca1900000) (1024K)]
  0x0000017a955587a0 JavaThread "Connection worker"                 [_thread_blocked, id=35436, stack(0x0000002c84600000,0x0000002c84700000) (1024K)]
  0x0000017a9555a1e0 JavaThread "Worker-4334: Initialize workspace"        [_thread_blocked, id=35420, stack(0x0000002cb2b00000,0x0000002cb2c00000) (1024K)]
  0x0000017a95579b30 JavaThread "Connection worker"                 [_thread_blocked, id=34188, stack(0x0000002cb6200000,0x0000002cb6300000) (1024K)]
  0x0000017a95570440 JavaThread "Connection worker"                 [_thread_blocked, id=23244, stack(0x0000002c9d700000,0x0000002c9d800000) (1024K)]
  0x0000017a9556b580 JavaThread "Worker-4341: Initialize workspace"        [_thread_blocked, id=4704, stack(0x0000002c8e000000,0x0000002c8e100000) (1024K)]
  0x0000017a95571e80 JavaThread "Connection worker"                 [_thread_blocked, id=32388, stack(0x0000002c82d00000,0x0000002c82e00000) (1024K)]
  0x0000017a95573230 JavaThread "Connection worker"                 [_thread_blocked, id=36456, stack(0x0000002cb6a00000,0x0000002cb6b00000) (1024K)]
  0x0000017a9556f090 JavaThread "Connection worker"                 [_thread_blocked, id=28844, stack(0x0000002ca3c00000,0x0000002ca3d00000) (1024K)]
  0x0000017a95588e00 JavaThread "Connection worker"                 [_thread_blocked, id=35328, stack(0x0000002cb7e00000,0x0000002cb7f00000) (1024K)]
  0x0000017a9558aed0 JavaThread "Worker-4353: Initialize workspace"        [_thread_blocked, id=37028, stack(0x0000002cd5b00000,0x0000002cd5c00000) (1024K)]
  0x0000017a95574c70 JavaThread "Connection worker"                 [_thread_blocked, id=37508, stack(0x0000002ca3e00000,0x0000002ca3f00000) (1024K)]
  0x0000017a9557fda0 JavaThread "Connection worker"                 [_thread_blocked, id=37516, stack(0x0000002ca5e00000,0x0000002ca5f00000) (1024K)]
  0x0000017a95588770 JavaThread "Connection worker"                 [_thread_blocked, id=37776, stack(0x0000002ca6700000,0x0000002ca6800000) (1024K)]
  0x0000017a955573f0 JavaThread "Connection worker"                 [_thread_blocked, id=8992, stack(0x0000002c82f00000,0x0000002c83000000) (1024K)]
  0x0000017a95554600 JavaThread "Connection worker"                 [_thread_blocked, id=18560, stack(0x0000002c83100000,0x0000002c83200000) (1024K)]
  0x0000017a955594c0 JavaThread "Connection worker"                 [_thread_blocked, id=36660, stack(0x0000002c84100000,0x0000002c84200000) (1024K)]
  0x0000017a9558bbf0 JavaThread "Connection worker"                 [_thread_blocked, id=29924, stack(0x0000002c83300000,0x0000002c83400000) (1024K)]
  0x0000017a9558a840 JavaThread "Connection worker"                 [_thread_blocked, id=34376, stack(0x0000002c8a300000,0x0000002c8a400000) (1024K)]
  0x0000017a9558b560 JavaThread "Connection worker"                 [_thread_blocked, id=34368, stack(0x0000002c8be00000,0x0000002c8bf00000) (1024K)]
  0x0000017a9558c910 JavaThread "Connection worker"                 [_thread_blocked, id=35316, stack(0x0000002c8c500000,0x0000002c8c600000) (1024K)]
  0x0000017a9555cfd0 JavaThread "Connection worker"                 [_thread_blocked, id=33256, stack(0x0000002c86400000,0x0000002c86500000) (1024K)]
  0x0000017a9555bc20 JavaThread "Connection worker"                 [_thread_blocked, id=32916, stack(0x0000002c89a00000,0x0000002c89b00000) (1024K)]
  0x0000017a95554c90 JavaThread "Connection worker"                 [_thread_blocked, id=34272, stack(0x0000002c83900000,0x0000002c83a00000) (1024K)]
  0x0000017a955852f0 JavaThread "Connection worker"                 [_thread_blocked, id=35284, stack(0x0000002c8ce00000,0x0000002c8cf00000) (1024K)]
  0x0000017a95585980 JavaThread "Connection worker"                 [_thread_blocked, id=35020, stack(0x0000002c88800000,0x0000002c88900000) (1024K)]
  0x0000017a95589490 JavaThread "Connection worker"                 [_thread_blocked, id=34264, stack(0x0000002c90100000,0x0000002c90200000) (1024K)]
  0x0000017a95590420 JavaThread "Connection worker"                 [_thread_blocked, id=34976, stack(0x0000002c92800000,0x0000002c92900000) (1024K)]
  0x0000017a9558e350 JavaThread "Connection worker"                 [_thread_blocked, id=37136, stack(0x0000002c95b00000,0x0000002c95c00000) (1024K)]
  0x0000017a95584c60 JavaThread "Connection worker"                 [_thread_blocked, id=33872, stack(0x0000002c89e00000,0x0000002c89f00000) (1024K)]
  0x0000017a9558f700 JavaThread "Connection worker"                 [_thread_blocked, id=24500, stack(0x0000002c98b00000,0x0000002c98c00000) (1024K)]
  0x0000017a9558e9e0 JavaThread "Connection worker"                 [_thread_blocked, id=35212, stack(0x0000002c99c00000,0x0000002c99d00000) (1024K)]
  0x0000017a9558f070 JavaThread "Connection worker"                 [_thread_blocked, id=1836, stack(0x0000002c9ef00000,0x0000002c9f000000) (1024K)]
  0x0000017a9555a870 JavaThread "Connection worker"                 [_thread_blocked, id=6884, stack(0x0000002ca4100000,0x0000002ca4200000) (1024K)]
  0x0000017a95559b50 JavaThread "Connection worker"                 [_thread_blocked, id=4960, stack(0x0000002ca4300000,0x0000002ca4400000) (1024K)]
  0x0000017a9555e380 JavaThread "Connection worker"                 [_thread_blocked, id=20060, stack(0x0000002ca4c00000,0x0000002ca4d00000) (1024K)]
  0x0000017a9555fdc0 JavaThread "Connection worker"                 [_thread_blocked, id=10940, stack(0x0000002ca7400000,0x0000002ca7500000) (1024K)]
  0x0000017a9555ea10 JavaThread "Connection worker"                 [_thread_blocked, id=20252, stack(0x0000002cb2f00000,0x0000002cb3000000) (1024K)]
  0x0000017a95560450 JavaThread "Connection worker"                 [_thread_blocked, id=2344, stack(0x0000002cb3000000,0x0000002cb3100000) (1024K)]
  0x0000017a9555dcf0 JavaThread "Connection worker"                 [_thread_blocked, id=17736, stack(0x0000002cb3b00000,0x0000002cb3c00000) (1024K)]
  0x0000017a95562bb0 JavaThread "Connection worker"                 [_thread_blocked, id=8268, stack(0x0000002cb4800000,0x0000002cb4900000) (1024K)]
  0x0000017a955638d0 JavaThread "Connection worker"                 [_thread_blocked, id=1692, stack(0x0000002cb4a00000,0x0000002cb4b00000) (1024K)]
  0x0000017a95560ae0 JavaThread "pool-414-thread-1"                 [_thread_blocked, id=23404, stack(0x0000002cb4b00000,0x0000002cb4c00000) (1024K)]
  0x0000017a95564c80 JavaThread "Connection worker"                 [_thread_blocked, id=15536, stack(0x0000002c83700000,0x0000002c83800000) (1024K)]
  0x0000017a9558a1b0 JavaThread "Worker-4368: Initialize workspace"        [_thread_blocked, id=34040, stack(0x0000002cb2d00000,0x0000002cb2e00000) (1024K)]
  0x0000017a95568790 JavaThread "Connection worker"                 [_thread_blocked, id=15828, stack(0x0000002c93100000,0x0000002c93200000) (1024K)]
  0x0000017a95567a70 JavaThread "Connection worker"                 [_thread_blocked, id=33060, stack(0x0000002cb5800000,0x0000002cb5900000) (1024K)]
  0x0000017a9556cfc0 JavaThread "Connection worker"                 [_thread_blocked, id=34228, stack(0x0000002c83a00000,0x0000002c83b00000) (1024K)]
  0x0000017a955666c0 JavaThread "Worker-4373: Initialize workspace"        [_thread_blocked, id=37100, stack(0x0000002cb4f00000,0x0000002cb5000000) (1024K)]
  0x0000017a95566030 JavaThread "Connection worker"                 [_thread_blocked, id=26748, stack(0x0000002cb4700000,0x0000002cb4800000) (1024K)]
  0x0000017a955694b0 JavaThread "pool-415-thread-1"                 [_thread_blocked, id=33288, stack(0x0000002ca7900000,0x0000002ca7a00000) (1024K)]
  0x0000017a95562520 JavaThread "Connection worker"                 [_thread_blocked, id=7744, stack(0x0000002ca0f00000,0x0000002ca1000000) (1024K)]
  0x0000017a95561800 JavaThread "Connection worker"                 [_thread_blocked, id=17604, stack(0x0000002c9ac00000,0x0000002c9ad00000) (1024K)]
  0x0000017a95569b40 JavaThread "Connection worker"                 [_thread_blocked, id=33468, stack(0x0000002c8f900000,0x0000002c8fa00000) (1024K)]
  0x0000017a95568100 JavaThread "Worker-4387: Initialize workspace"        [_thread_blocked, id=31452, stack(0x0000002ca7d00000,0x0000002ca7e00000) (1024K)]
  0x0000017a9555c940 JavaThread "Connection worker"                 [_thread_blocked, id=33224, stack(0x0000002cb4400000,0x0000002cb4500000) (1024K)]
  0x0000017a95553250 JavaThread "Connection worker"                 [_thread_blocked, id=34784, stack(0x0000002c96000000,0x0000002c96100000) (1024K)]
  0x0000017a9556a1d0 JavaThread "Connection worker"                 [_thread_blocked, id=37056, stack(0x0000002cb0400000,0x0000002cb0500000) (1024K)]
  0x0000017a955673e0 JavaThread "Connection worker"                 [_thread_blocked, id=16156, stack(0x0000002c85b00000,0x0000002c85c00000) (1024K)]
  0x0000017a95570ad0 JavaThread "Connection worker"                 [_thread_blocked, id=13564, stack(0x0000002cb5600000,0x0000002cb5700000) (1024K)]
  0x0000017a955745e0 JavaThread "Connection worker"                 [_thread_blocked, id=4404, stack(0x0000002cb5c00000,0x0000002cb5d00000) (1024K)]
  0x0000017a95576020 JavaThread "Worker-4394: Initialize workspace"        [_thread_blocked, id=33388, stack(0x0000002cb5d00000,0x0000002cb5e00000) (1024K)]
  0x0000017a955773d0 JavaThread "Connection worker"                 [_thread_blocked, id=34148, stack(0x0000002c95f00000,0x0000002c96000000) (1024K)]
  0x0000017a9557a1c0 JavaThread "Connection worker"                 [_thread_blocked, id=33828, stack(0x0000002cb5f00000,0x0000002cb6000000) (1024K)]
  0x0000017a955717f0 JavaThread "Connection worker"                 [_thread_blocked, id=33824, stack(0x0000002cb5e00000,0x0000002cb5f00000) (1024K)]
  0x0000017a955780f0 JavaThread "Worker-4406: Initialize workspace"        [_thread_blocked, id=37428, stack(0x0000002ca8900000,0x0000002ca8a00000) (1024K)]
  0x0000017a955838b0 JavaThread "Connection worker"                 [_thread_blocked, id=37716, stack(0x0000002cb6f00000,0x0000002cb7000000) (1024K)]
  0x0000017a9557dcd0 JavaThread "Worker-4415: Initialize workspace"        [_thread_blocked, id=33700, stack(0x0000002cb4d00000,0x0000002cb4e00000) (1024K)]
  0x0000017a955659a0 JavaThread "Connection worker"                 [_thread_blocked, id=28836, stack(0x0000002cb8f00000,0x0000002cb9000000) (1024K)]
  0x0000017a8647a2b0 JavaThread "Worker-4427: Initialize workspace"        [_thread_blocked, id=26544, stack(0x0000002cb7000000,0x0000002cb7100000) (1024K)]
  0x0000017a86481240 JavaThread "Connection worker"                 [_thread_blocked, id=30340, stack(0x0000002ca9d00000,0x0000002ca9e00000) (1024K)]
  0x0000017a8647f170 JavaThread "pool-416-thread-1"                 [_thread_blocked, id=25964, stack(0x0000002cafb00000,0x0000002cafc00000) (1024K)]
  0x0000017a864874b0 JavaThread "pool-417-thread-1"                 [_thread_blocked, id=25956, stack(0x0000002cbdb00000,0x0000002cbdc00000) (1024K)]
  0x0000017a86487b40 JavaThread "pool-418-thread-1"                 [_thread_blocked, id=32496, stack(0x0000002cc2400000,0x0000002cc2500000) (1024K)]
  0x0000017a864846c0 JavaThread "pool-419-thread-1"                 [_thread_blocked, id=28140, stack(0x0000002cc3500000,0x0000002cc3600000) (1024K)]
  0x0000017a8648a930 JavaThread "Worker-4438: Initialize workspace"        [_thread_blocked, id=28148, stack(0x0000002cc4d00000,0x0000002cc4e00000) (1024K)]
  0x0000017a86488ef0 JavaThread "pool-420-thread-1"                 [_thread_blocked, id=33356, stack(0x0000002cc5000000,0x0000002cc5100000) (1024K)]
  0x0000017a864ae420 JavaThread "Connection worker"                 [_thread_blocked, id=35900, stack(0x0000002c86300000,0x0000002c86400000) (1024K)]
  0x0000017a8647c380 JavaThread "Connection worker"                 [_thread_blocked, id=32572, stack(0x0000002cb1000000,0x0000002cb1100000) (1024K)]
  0x0000017a8648d090 JavaThread "Connection worker"                 [_thread_blocked, id=5552, stack(0x0000002cbcc00000,0x0000002cbcd00000) (1024K)]
  0x0000017a8648ddb0 JavaThread "Connection worker"                 [_thread_blocked, id=30692, stack(0x0000002cbe100000,0x0000002cbe200000) (1024K)]
  0x0000017a86489c10 JavaThread "pool-423-thread-1"                 [_thread_blocked, id=31524, stack(0x0000002c9af00000,0x0000002c9b000000) (1024K)]
  0x0000017a86491f50 JavaThread "Connection worker"                 [_thread_blocked, id=35676, stack(0x0000002cc6200000,0x0000002cc6300000) (1024K)]
  0x0000017a86489580 JavaThread "Connection worker"                 [_thread_blocked, id=21640, stack(0x0000002c8b000000,0x0000002c8b100000) (1024K)]
  0x0000017a864918c0 JavaThread "Connection worker"                 [_thread_blocked, id=34932, stack(0x0000002ca2f00000,0x0000002ca3000000) (1024K)]
  0x0000017a8648f160 JavaThread "Connection worker"                 [_thread_blocked, id=15112, stack(0x0000002ca4200000,0x0000002ca4300000) (1024K)]
  0x0000017a864a6770 JavaThread "Worker-4450: Initialize workspace"        [_thread_blocked, id=34988, stack(0x0000002c85700000,0x0000002c85800000) (1024K)]
  0x0000017a864881d0 JavaThread "Connection worker"                 [_thread_blocked, id=28356, stack(0x0000002c83600000,0x0000002c83700000) (1024K)]
  0x0000017a8648d720 JavaThread "Connection worker"                 [_thread_blocked, id=22648, stack(0x0000002c8a900000,0x0000002c8aa00000) (1024K)]
  0x0000017a8648ca00 JavaThread "Connection worker"                 [_thread_blocked, id=37740, stack(0x0000002c8ef00000,0x0000002c8f000000) (1024K)]
  0x0000017a86491230 JavaThread "Connection worker"                 [_thread_blocked, id=27968, stack(0x0000002caac00000,0x0000002caad00000) (1024K)]
  0x0000017a864af7d0 JavaThread "Connection worker"                 [_thread_blocked, id=17700, stack(0x0000002c8d900000,0x0000002c8da00000) (1024K)]
  0x0000017a864b04f0 JavaThread "Connection worker"                 [_thread_blocked, id=36852, stack(0x0000002c83200000,0x0000002c83300000) (1024K)]
  0x0000017a864b4d20 JavaThread "Connection worker"                 [_thread_blocked, id=15940, stack(0x0000002cb1600000,0x0000002cb1700000) (1024K)]
  0x0000017a864aeab0 JavaThread "pool-424-thread-1"                 [_thread_blocked, id=32984, stack(0x0000002cb6c00000,0x0000002cb6d00000) (1024K)]
  0x0000017a86490510 JavaThread "Worker-4461: Initialize workspace"        [_thread_blocked, id=32948, stack(0x0000002cb1100000,0x0000002cb1200000) (1024K)]
  0x0000017a935aa950 JavaThread "Connection worker"                 [_thread_blocked, id=33440, stack(0x0000002cbce00000,0x0000002cbcf00000) (1024K)]
  0x0000017a935af180 JavaThread "pool-425-thread-1"                 [_thread_blocked, id=34276, stack(0x0000002cc4300000,0x0000002cc4400000) (1024K)]
  0x0000017a935c46c0 JavaThread "Connection worker"                 [_thread_blocked, id=23956, stack(0x0000002c83000000,0x0000002c83100000) (1024K)]
  0x0000017a935c6100 JavaThread "Worker-4473: Initialize workspace"        [_thread_blocked, id=29912, stack(0x0000002c8b500000,0x0000002c8b600000) (1024K)]
  0x0000017a935b1f70 JavaThread "Connection worker"                 [_thread_blocked, id=18536, stack(0x0000002c94b00000,0x0000002c94c00000) (1024K)]
  0x0000017a935b39b0 JavaThread "Connection worker"                 [_thread_blocked, id=29808, stack(0x0000002caf500000,0x0000002caf600000) (1024K)]
  0x0000017a935b9c20 JavaThread "Connection worker"                 [_thread_blocked, id=3272, stack(0x0000002cb2000000,0x0000002cb2100000) (1024K)]
  0x0000017a935bf170 JavaThread "Connection worker"                 [_thread_blocked, id=37572, stack(0x0000002cab200000,0x0000002cab300000) (1024K)]
  0x0000017a935c8860 JavaThread "pool-426-thread-1"                 [_thread_blocked, id=34872, stack(0x0000002cb6000000,0x0000002cb6100000) (1024K)]
  0x0000017a935cddb0 JavaThread "Worker-4486: Initialize workspace"        [_thread_blocked, id=33976, stack(0x0000002cb8700000,0x0000002cb8800000) (1024K)]
  0x0000017a935c53e0 JavaThread "Connection worker"                 [_thread_blocked, id=33820, stack(0x0000002cace00000,0x0000002cacf00000) (1024K)]
  0x0000017a935c7b40 JavaThread "Connection worker"                 [_thread_blocked, id=34780, stack(0x0000002cb5100000,0x0000002cb5200000) (1024K)]
  0x0000017a935d9570 JavaThread "Connection worker"                 [_thread_blocked, id=36568, stack(0x0000002cb8100000,0x0000002cb8200000) (1024K)]
  0x0000017a935d9c00 JavaThread "Worker-4495: Initialize workspace"        [_thread_blocked, id=36672, stack(0x0000002cb0700000,0x0000002cb0800000) (1024K)]
  0x0000017a935e2c60 JavaThread "pool-427-thread-1"                 [_thread_blocked, id=30660, stack(0x0000002cc4e00000,0x0000002cc4f00000) (1024K)]
  0x0000017a935b4040 JavaThread "Connection worker"                 [_thread_blocked, id=33968, stack(0x0000002cc4f00000,0x0000002cc5000000) (1024K)]
  0x0000017a84980150 JavaThread "Connection worker"                 [_thread_blocked, id=37384, stack(0x0000002cac700000,0x0000002cac800000) (1024K)]
  0x0000017a84989840 JavaThread "Connection worker"                 [_thread_blocked, id=10348, stack(0x0000002c8a400000,0x0000002c8a500000) (1024K)]
  0x0000017a84987e00 JavaThread "Connection worker"                 [_thread_blocked, id=22052, stack(0x0000002cb0c00000,0x0000002cb0d00000) (1024K)]
  0x0000017a8499bf90 JavaThread "pool-428-thread-1"                 [_thread_blocked, id=37348, stack(0x0000002cb9000000,0x0000002cb9100000) (1024K)]
  0x0000017a849928a0 JavaThread "Connection worker"                 [_thread_blocked, id=34476, stack(0x0000002c84b00000,0x0000002c84c00000) (1024K)]
  0x0000017a84997df0 JavaThread "Connection worker"                 [_thread_blocked, id=35928, stack(0x0000002c8a700000,0x0000002c8a800000) (1024K)]
  0x0000017a849835d0 JavaThread "Worker-4508: Initialize workspace"        [_thread_blocked, id=17896, stack(0x0000002c94500000,0x0000002c94600000) (1024K)]
  0x0000017a849914f0 JavaThread "Connection worker"                 [_thread_blocked, id=5680, stack(0x0000002c81200000,0x0000002c81300000) (1024K)]
  0x0000017a84968b40 JavaThread "Connection worker"                 [_thread_blocked, id=29996, stack(0x0000002c82b00000,0x0000002c82c00000) (1024K)]
  0x0000017a8496c650 JavaThread "Connection worker"                 [_thread_blocked, id=33636, stack(0x0000002c94600000,0x0000002c94700000) (1024K)]
  0x0000017a84969860 JavaThread "Connection worker"                 [_thread_blocked, id=33940, stack(0x0000002caf700000,0x0000002caf800000) (1024K)]
  0x0000017a8496e720 JavaThread "Connection worker"                 [_thread_blocked, id=16424, stack(0x0000002cb0000000,0x0000002cb0100000) (1024K)]
  0x0000017a8497ac00 JavaThread "Connection worker"                 [_thread_blocked, id=23360, stack(0x0000002cb0200000,0x0000002cb0300000) (1024K)]
  0x0000017a8497d9f0 JavaThread "Connection worker"                 [_thread_blocked, id=37456, stack(0x0000002cb2100000,0x0000002cb2200000) (1024K)]
  0x0000017a91b2b4d0 JavaThread "Worker-4520: Initialize workspace"        [_thread_blocked, id=29532, stack(0x0000002cb5000000,0x0000002cb5100000) (1024K)]
  0x0000017a91b51720 JavaThread "Connection worker"                 [_thread_blocked, id=23708, stack(0x0000002cb9b00000,0x0000002cb9c00000) (1024K)]
  0x0000017a91b4ae20 JavaThread "Worker-4529: Initialize workspace"        [_thread_blocked, id=2520, stack(0x0000002cb8900000,0x0000002cb8a00000) (1024K)]
  0x0000017a91b50370 JavaThread "pool-429-thread-1"                 [_thread_blocked, id=35616, stack(0x0000002cb9e00000,0x0000002cb9f00000) (1024K)]
  0x0000017a91b33180 JavaThread "pool-430-thread-1"                 [_thread_blocked, id=34712, stack(0x0000002cb6300000,0x0000002cb6400000) (1024K)]
  0x0000017a91b62430 JavaThread "Worker-4536: Initialize workspace"        [_thread_blocked, id=10816, stack(0x0000002cc0b00000,0x0000002cc0c00000) (1024K)]
  0x0000017a9aa4e5c0 JavaThread "Connection worker"                 [_thread_blocked, id=4092, stack(0x0000002ccae00000,0x0000002ccaf00000) (1024K)]
  0x0000017a9aa5aaa0 JavaThread "Connection worker"                 [_thread_blocked, id=7960, stack(0x0000002ccb800000,0x0000002ccb900000) (1024K)]
  0x0000017a9aa589d0 JavaThread "Worker-4543: Initialize workspace"        [_thread_blocked, id=11440, stack(0x0000002cad800000,0x0000002cad900000) (1024K)]
  0x0000017a9aa5c4e0 JavaThread "Connection worker"                 [_thread_blocked, id=7760, stack(0x0000002ccc900000,0x0000002ccca00000) (1024K)]
  0x0000017a9aa613a0 JavaThread "pool-431-thread-1"                 [_thread_blocked, id=19824, stack(0x0000002ccb000000,0x0000002ccb100000) (1024K)]
  0x0000017a9aa47630 JavaThread "pool-432-thread-1"                 [_thread_blocked, id=15664, stack(0x0000002cc8300000,0x0000002cc8400000) (1024K)]
  0x0000017a9aa64190 JavaThread "Worker-4556: Initialize workspace"        [_thread_blocked, id=11196, stack(0x0000002cc9b00000,0x0000002cc9c00000) (1024K)]
  0x0000017a9aa33b30 JavaThread "Connection worker"                 [_thread_blocked, id=32176, stack(0x0000002ccd500000,0x0000002ccd600000) (1024K)]
  0x0000017a9aa2b160 JavaThread "Connection worker"                 [_thread_blocked, id=29408, stack(0x0000002ccf100000,0x0000002ccf200000) (1024K)]
  0x0000017a9aa4d8a0 JavaThread "Connection worker"                 [_thread_blocked, id=30288, stack(0x0000002cca500000,0x0000002cca600000) (1024K)]
  0x0000017a9aa64820 JavaThread "Connection worker"                 [_thread_blocked, id=33676, stack(0x0000002c84700000,0x0000002c84800000) (1024K)]
  0x0000017a9aa2d8c0 JavaThread "Connection worker"                 [_thread_blocked, id=36176, stack(0x0000002c8df00000,0x0000002c8e000000) (1024K)]
  0x0000017a9aa49070 JavaThread "Connection worker"                 [_thread_blocked, id=25784, stack(0x0000002c85300000,0x0000002c85400000) (1024K)]
  0x0000017a9aa441b0 JavaThread "Connection worker"                 [_thread_blocked, id=29296, stack(0x0000002c83e00000,0x0000002c83f00000) (1024K)]
  0x0000017a9aa4f2e0 JavaThread "pool-433-thread-1"                 [_thread_blocked, id=34256, stack(0x0000002c8cc00000,0x0000002c8cd00000) (1024K)]
  0x0000017a9aa2df50 JavaThread "Connection worker"                 [_thread_blocked, id=33204, stack(0x0000002c8d500000,0x0000002c8d600000) (1024K)]
  0x0000017a9aa3aac0 JavaThread "pool-434-thread-1"                 [_thread_blocked, id=33316, stack(0x0000002c8ea00000,0x0000002c8eb00000) (1024K)]
  0x0000017a9aa3b7e0 JavaThread "Connection worker"                 [_thread_blocked, id=31268, stack(0x0000002c90d00000,0x0000002c90e00000) (1024K)]
  0x0000017a86497b30 JavaThread "Connection worker"                 [_thread_blocked, id=31564, stack(0x0000002cafa00000,0x0000002cafb00000) (1024K)]
  0x0000017a864a32f0 JavaThread "Connection worker"                 [_thread_blocked, id=28564, stack(0x0000002caef00000,0x0000002caf000000) (1024K)]
  0x0000017a864a18b0 JavaThread "Worker-4570: Initialize workspace"        [_thread_blocked, id=29860, stack(0x0000002cb9400000,0x0000002cb9500000) (1024K)]
  0x0000017a864a8840 JavaThread "Connection worker"                 [_thread_blocked, id=18244, stack(0x0000002cc7300000,0x0000002cc7400000) (1024K)]
  0x0000017a864ab630 JavaThread "Connection worker"                 [_thread_blocked, id=1500, stack(0x0000002cbec00000,0x0000002cbed00000) (1024K)]
  0x0000017a864a9bf0 JavaThread "pool-435-thread-1"                 [_thread_blocked, id=25840, stack(0x0000002ccb200000,0x0000002ccb300000) (1024K)]
  0x0000017a864b25c0 JavaThread "Worker-4582: Initialize workspace"        [_thread_blocked, id=34620, stack(0x0000002cb1c00000,0x0000002cb1d00000) (1024K)]
  0x0000017a86488860 JavaThread "Connection worker"                 [_thread_blocked, id=14844, stack(0x0000002ccdc00000,0x0000002ccdd00000) (1024K)]
  0x0000017a864a3980 JavaThread "Worker-4594: Initialize workspace"        [_thread_blocked, id=23184, stack(0x0000002c9ba00000,0x0000002c9bb00000) (1024K)]
  0x0000017a864b2c50 JavaThread "Connection worker"                 [_thread_blocked, id=17912, stack(0x0000002c85c00000,0x0000002c85d00000) (1024K)]
  0x0000017a864b7b10 JavaThread "Connection worker"                 [_thread_blocked, id=31904, stack(0x0000002c95400000,0x0000002c95500000) (1024K)]
  0x0000017a864a9560 JavaThread "Connection worker"                 [_thread_blocked, id=30504, stack(0x0000002cb1f00000,0x0000002cb2000000) (1024K)]
  0x0000017a864af140 JavaThread "Connection worker"                 [_thread_blocked, id=35764, stack(0x0000002c90b00000,0x0000002c90c00000) (1024K)]
  0x0000017a864960f0 JavaThread "Connection worker"                 [_thread_blocked, id=21532, stack(0x0000002c90700000,0x0000002c90800000) (1024K)]
  0x0000017a864aa280 JavaThread "Worker-4608: Initialize workspace"        [_thread_blocked, id=29232, stack(0x0000002cb0100000,0x0000002cb0200000) (1024K)]
  0x0000017a864a7490 JavaThread "Connection worker"                 [_thread_blocked, id=35452, stack(0x0000002cb0900000,0x0000002cb0a00000) (1024K)]
  0x0000017a864aa910 JavaThread "pool-437-thread-1"                 [_thread_blocked, id=26832, stack(0x0000002c93c00000,0x0000002c93d00000) (1024K)]
  0x0000017a935c5a70 JavaThread "Connection worker"                 [_thread_blocked, id=37568, stack(0x0000002c81400000,0x0000002c81500000) (1024K)]
  0x0000017a935abd00 JavaThread "Connection worker"                 [_thread_blocked, id=29596, stack(0x0000002c89f00000,0x0000002c8a000000) (1024K)]
  0x0000017a935a8f10 JavaThread "Connection worker"                 [_thread_blocked, id=22684, stack(0x0000002c85800000,0x0000002c85900000) (1024K)]
  0x0000017a935af810 JavaThread "Connection worker"                 [_thread_blocked, id=36516, stack(0x0000002c8a200000,0x0000002c8a300000) (1024K)]
  0x0000017a935b46d0 JavaThread "Connection worker"                 [_thread_blocked, id=12780, stack(0x0000002c8b700000,0x0000002c8b800000) (1024K)]
  0x0000017a935b9590 JavaThread "Connection worker"                 [_thread_blocked, id=37592, stack(0x0000002c83d00000,0x0000002c83e00000) (1024K)]
  0x0000017a935ba2b0 JavaThread "Connection worker"                 [_thread_blocked, id=33180, stack(0x0000002c8a600000,0x0000002c8a700000) (1024K)]
  0x0000017a935bddc0 JavaThread "Connection worker"                 [_thread_blocked, id=36256, stack(0x0000002c8c000000,0x0000002c8c100000) (1024K)]
  0x0000017a935cfe80 JavaThread "Connection worker"                 [_thread_blocked, id=30396, stack(0x0000002c83b00000,0x0000002c83c00000) (1024K)]
  0x0000017a935cd720 JavaThread "Connection worker"                 [_thread_blocked, id=34432, stack(0x0000002c83f00000,0x0000002c84000000) (1024K)]
  0x0000017a935d3990 JavaThread "Connection worker"                 [_thread_blocked, id=15000, stack(0x0000002c8eb00000,0x0000002c8ec00000) (1024K)]
  0x0000017a935d1230 JavaThread "Connection worker"                 [_thread_blocked, id=7432, stack(0x0000002c91400000,0x0000002c91500000) (1024K)]
  0x0000017a935d4d40 JavaThread "Connection worker"                 [_thread_blocked, id=8396, stack(0x0000002c91800000,0x0000002c91900000) (1024K)]
  0x0000017a935d8ee0 JavaThread "Connection worker"                 [_thread_blocked, id=22544, stack(0x0000002c92900000,0x0000002c92a00000) (1024K)]
  0x0000017a935d6780 JavaThread "Connection worker"                 [_thread_blocked, id=21288, stack(0x0000002c92f00000,0x0000002c93000000) (1024K)]
  0x0000017a935d5a60 JavaThread "Connection worker"                 [_thread_blocked, id=9796, stack(0x0000002c93a00000,0x0000002c93b00000) (1024K)]
  0x0000017a935da290 JavaThread "Connection worker"                 [_thread_blocked, id=21048, stack(0x0000002c94300000,0x0000002c94400000) (1024K)]
  0x0000017a935df150 JavaThread "Connection worker"                 [_thread_blocked, id=7484, stack(0x0000002c94a00000,0x0000002c94b00000) (1024K)]
  0x0000017a935c18d0 JavaThread "Connection worker"                 [_thread_blocked, id=19004, stack(0x0000002ca7600000,0x0000002ca7700000) (1024K)]
  0x0000017a9aa2aad0 JavaThread "Connection worker"                 [_thread_blocked, id=15364, stack(0x0000002ca7a00000,0x0000002ca7b00000) (1024K)]
  0x0000017a9aa2c510 JavaThread "Connection worker"                 [_thread_blocked, id=30404, stack(0x0000002cae000000,0x0000002cae100000) (1024K)]
  0x0000017a9aa2f300 JavaThread "Connection worker"                 [_thread_blocked, id=30412, stack(0x0000002caf000000,0x0000002caf100000) (1024K)]
  0x0000017a9aa30020 JavaThread "Connection worker"                 [_thread_blocked, id=33296, stack(0x0000002caf800000,0x0000002caf900000) (1024K)]
  0x0000017a9aa37640 JavaThread "Connection worker"                 [_thread_blocked, id=30548, stack(0x0000002cb0800000,0x0000002cb0900000) (1024K)]
  0x0000017a9aa37cd0 JavaThread "Connection worker"                 [_thread_blocked, id=36800, stack(0x0000002c86600000,0x0000002c86700000) (1024K)]
  0x0000017a9aa38360 JavaThread "Connection worker"                 [_thread_blocked, id=26976, stack(0x0000002c92e00000,0x0000002c92f00000) (1024K)]
  0x0000017a9aa36920 JavaThread "Worker-4615: Initialize workspace"        [_thread_blocked, id=34608, stack(0x0000002cb0e00000,0x0000002cb0f00000) (1024K)]
  0x0000017a9aa389f0 JavaThread "Connection worker"                 [_thread_blocked, id=37476, stack(0x0000002c91a00000,0x0000002c91b00000) (1024K)]
  0x0000017a9aa42770 JavaThread "Connection worker"                 [_thread_blocked, id=20100, stack(0x0000002cb3500000,0x0000002cb3600000) (1024K)]
  0x0000017a9aa5fff0 JavaThread "Connection worker"                 [_thread_blocked, id=24276, stack(0x0000002c9b800000,0x0000002c9b900000) (1024K)]
  0x0000017a9aa420e0 JavaThread "Worker-4626: Initialize workspace"        [_thread_blocked, id=31616, stack(0x0000002cb1d00000,0x0000002cb1e00000) (1024K)]
  0x0000017a9aa52760 JavaThread "Connection worker"                 [_thread_blocked, id=29264, stack(0x0000002cb6e00000,0x0000002cb6f00000) (1024K)]
  0x0000017a9aa53b10 JavaThread "Connection worker"                 [_thread_blocked, id=7084, stack(0x0000002cb8300000,0x0000002cb8400000) (1024K)]
  0x0000017a9aa5a410 JavaThread "Connection worker"                 [_thread_blocked, id=16752, stack(0x0000002cb8d00000,0x0000002cb8e00000) (1024K)]
  0x0000017a9aa58340 JavaThread "Worker-4643: Initialize workspace"        [_thread_blocked, id=32684, stack(0x0000002cb7300000,0x0000002cb7400000) (1024K)]
  0x0000017a9aa5ec40 JavaThread "Connection worker"                 [_thread_blocked, id=27504, stack(0x0000002cba300000,0x0000002cba400000) (1024K)]
  0x0000017a91b61080 JavaThread "Worker-4655: Initialize workspace"        [_thread_blocked, id=32068, stack(0x0000002cbb800000,0x0000002cbb900000) (1024K)]
  0x0000017a91b64b90 JavaThread "Worker-4661: Initialize workspace"        [_thread_blocked, id=29752, stack(0x0000002cbd600000,0x0000002cbd700000) (1024K)]
  0x0000017a91b67980 JavaThread "Connection worker"                 [_thread_blocked, id=13728, stack(0x0000002cbe300000,0x0000002cbe400000) (1024K)]
  0x0000017a91b2ae40 JavaThread "Connection worker"                 [_thread_blocked, id=37692, stack(0x0000002cbea00000,0x0000002cbeb00000) (1024K)]
  0x0000017a91b2fd00 JavaThread "pool-438-thread-1"                 [_thread_blocked, id=32380, stack(0x0000002c9ae00000,0x0000002c9af00000) (1024K)]
  0x0000017a91b35250 JavaThread "Worker-4671: Initialize workspace"        [_thread_blocked, id=31372, stack(0x0000002cc0500000,0x0000002cc0600000) (1024K)]
  0x0000017a91b3c1e0 JavaThread "pool-439-thread-1"                 [_thread_blocked, id=29560, stack(0x0000002cc1800000,0x0000002cc1900000) (1024K)]
  0x0000017a91b31dd0 JavaThread "Connection worker"                 [_thread_blocked, id=6824, stack(0x0000002cc0c00000,0x0000002cc0d00000) (1024K)]
  0x0000017a91b41dc0 JavaThread "pool-440-thread-1"                 [_thread_blocked, id=35776, stack(0x0000002cc2500000,0x0000002cc2600000) (1024K)]
  0x0000017a91b4a100 JavaThread "pool-441-thread-1"                 [_thread_blocked, id=35236, stack(0x0000002cc2d00000,0x0000002cc2e00000) (1024K)]
  0x0000017a91b54510 JavaThread "pool-442-thread-1"                 [_thread_blocked, id=24736, stack(0x0000002cbda00000,0x0000002cbdb00000) (1024K)]
  0x0000017a91b5b4a0 JavaThread "pool-443-thread-1"                 [_thread_blocked, id=25468, stack(0x0000002cc5d00000,0x0000002cc5e00000) (1024K)]
  0x0000017a91b4bb40 JavaThread "Worker-4684: Initialize workspace"        [_thread_blocked, id=27104, stack(0x0000002cbc900000,0x0000002cbca00000) (1024K)]
  0x0000017a84f03f00 JavaThread "Connection worker"                 [_thread_blocked, id=28768, stack(0x0000002cc6f00000,0x0000002cc7000000) (1024K)]
  0x0000017a84f07a10 JavaThread "pool-445-thread-1"                 [_thread_blocked, id=28416, stack(0x0000002cc7700000,0x0000002cc7800000) (1024K)]
  0x0000017a84f0bbb0 JavaThread "Connection worker"                 [_thread_blocked, id=29216, stack(0x0000002cc7b00000,0x0000002cc7c00000) (1024K)]
  0x0000017a84f08730 JavaThread "Worker-4696: Initialize workspace"        [_thread_blocked, id=29584, stack(0x0000002cc8100000,0x0000002cc8200000) (1024K)]
  0x0000017a84f0e9a0 JavaThread "Connection worker"                 [_thread_blocked, id=4920, stack(0x0000002cc8b00000,0x0000002cc8c00000) (1024K)]
  0x0000017a84f0fd50 JavaThread "pool-446-thread-1"                 [_thread_blocked, id=24408, stack(0x0000002cc8e00000,0x0000002cc8f00000) (1024K)]
  0x0000017a8647d0a0 JavaThread "Worker-4709: Initialize workspace"        [_thread_blocked, id=30516, stack(0x0000002ccc700000,0x0000002ccc800000) (1024K)]
  0x0000017a85814650 JavaThread "Connection worker"                 [_thread_blocked, id=23308, stack(0x0000002ca1d00000,0x0000002ca1e00000) (1024K)]
  0x0000017a85817440 JavaThread "Connection worker"                 [_thread_blocked, id=5716, stack(0x0000002cbbe00000,0x0000002cbbf00000) (1024K)]
  0x0000017a85816720 JavaThread "Connection worker"                 [_thread_blocked, id=31636, stack(0x0000002c97e00000,0x0000002c97f00000) (1024K)]
  0x0000017a85814ce0 JavaThread "Connection worker"                 [_thread_blocked, id=25328, stack(0x0000002cbba00000,0x0000002cbbb00000) (1024K)]
  0x0000017a85818e80 JavaThread "Connection worker"                 [_thread_blocked, id=21804, stack(0x0000002c98500000,0x0000002c98600000) (1024K)]
  0x0000017a8581a8c0 JavaThread "Connection worker"                 [_thread_blocked, id=27540, stack(0x0000002ca0500000,0x0000002ca0600000) (1024K)]
  0x0000017a85818160 JavaThread "Connection worker"                 [_thread_blocked, id=25340, stack(0x0000002ca0a00000,0x0000002ca0b00000) (1024K)]
  0x0000017a85819510 JavaThread "Worker-4718: Initialize workspace"        [_thread_blocked, id=25336, stack(0x0000002cbbf00000,0x0000002cbc000000) (1024K)]
  0x0000017a867dcce0 JavaThread "Connection worker"                 [_thread_blocked, id=24900, stack(0x0000002cbbd00000,0x0000002cbbe00000) (1024K)]
  0x0000017a867e7780 JavaThread "Connection worker"                 [_thread_blocked, id=30576, stack(0x0000002cc8f00000,0x0000002cc9000000) (1024K)]
  0x0000017a867db2a0 JavaThread "Connection worker"                 [_thread_blocked, id=24892, stack(0x0000002c97800000,0x0000002c97900000) (1024K)]
  0x0000017a867d84b0 JavaThread "pool-447-thread-1"                 [_thread_blocked, id=26684, stack(0x0000002c97600000,0x0000002c97700000) (1024K)]
  0x0000017a867f2f40 JavaThread "Connection worker"                 [_thread_blocked, id=35944, stack(0x0000002c80c00000,0x0000002c80d00000) (1024K)]
  0x0000017a867f3c60 JavaThread "Connection worker"                 [_thread_blocked, id=14744, stack(0x0000002c8b800000,0x0000002c8b900000) (1024K)]
  0x0000017a867e1510 JavaThread "Connection worker"                 [_thread_blocked, id=28184, stack(0x0000002c8ff00000,0x0000002c90000000) (1024K)]
  0x0000017a867e8b30 JavaThread "Connection worker"                 [_thread_blocked, id=36496, stack(0x0000002c91700000,0x0000002c91800000) (1024K)]
  0x0000017a867e5d40 JavaThread "Connection worker"                 [_thread_blocked, id=37524, stack(0x0000002c93900000,0x0000002c93a00000) (1024K)]
  0x0000017a867ee080 JavaThread "Connection worker"                 [_thread_blocked, id=28484, stack(0x0000002c94100000,0x0000002c94200000) (1024K)]
  0x0000017a867eeda0 JavaThread "Connection worker"                 [_thread_blocked, id=28964, stack(0x0000002c96400000,0x0000002c96500000) (1024K)]
  0x0000017a935ad740 JavaThread "Connection worker"                 [_thread_blocked, id=34324, stack(0x0000002c96900000,0x0000002c96a00000) (1024K)]
  0x0000017a935aa2c0 JavaThread "Connection worker"                 [_thread_blocked, id=31412, stack(0x0000002c97500000,0x0000002c97600000) (1024K)]
  0x0000017a935b2c90 JavaThread "Connection worker"                 [_thread_blocked, id=18800, stack(0x0000002c9ad00000,0x0000002c9ae00000) (1024K)]
  0x0000017a935ba940 JavaThread "Connection worker"                 [_thread_blocked, id=37632, stack(0x0000002c9d200000,0x0000002c9d300000) (1024K)]
  0x0000017a935bd0a0 JavaThread "Connection worker"                 [_thread_blocked, id=1868, stack(0x0000002ca2700000,0x0000002ca2800000) (1024K)]
  0x0000017a935c1f60 JavaThread "Connection worker"                 [_thread_blocked, id=32028, stack(0x0000002ca2900000,0x0000002ca2a00000) (1024K)]
  0x0000017a935c4030 JavaThread "Connection worker"                 [_thread_blocked, id=36740, stack(0x0000002cada00000,0x0000002cadb00000) (1024K)]
  0x0000017a935bb660 JavaThread "Connection worker"                 [_thread_blocked, id=25700, stack(0x0000002c8d100000,0x0000002c8d200000) (1024K)]
  0x0000017a935c6e20 JavaThread "Worker-4727: Initialize workspace"        [_thread_blocked, id=8292, stack(0x0000002c87e00000,0x0000002c87f00000) (1024K)]
  0x0000017a935e1f40 JavaThread "Connection worker"                 [_thread_blocked, id=17328, stack(0x0000002cb4900000,0x0000002cb4a00000) (1024K)]
  0x0000017a935dbcd0 JavaThread "pool-448-thread-1"                 [_thread_blocked, id=17560, stack(0x0000002cb5a00000,0x0000002cb5b00000) (1024K)]
  0x0000017a8647ca10 JavaThread "Connection worker"                 [_thread_blocked, id=17552, stack(0x0000002cb5b00000,0x0000002cb5c00000) (1024K)]
  0x0000017a864853e0 JavaThread "pool-449-thread-1"                 [_thread_blocked, id=17708, stack(0x0000002cb6d00000,0x0000002cb6e00000) (1024K)]
  0x0000017aff0ff660 JavaThread "Connection worker"                 [_thread_blocked, id=33372, stack(0x0000002c81300000,0x0000002c81400000) (1024K)]
  0x0000017aff0ffcf0 JavaThread "Worker-4741: Initialize workspace"        [_thread_blocked, id=13028, stack(0x0000002cb2a00000,0x0000002cb2b00000) (1024K)]
  0x0000017aff103800 JavaThread "Connection worker"                 [_thread_blocked, id=34716, stack(0x0000002cb5400000,0x0000002cb5500000) (1024K)]
  0x0000017aff109a70 JavaThread "pool-450-thread-1"                 [_thread_blocked, id=35780, stack(0x0000002cc3f00000,0x0000002cc4000000) (1024K)]
  0x0000017aff0fd590 JavaThread "Connection worker"                 [_thread_blocked, id=36540, stack(0x0000002c87700000,0x0000002c87800000) (1024K)]
  0x0000017aff102ae0 JavaThread "Connection worker"                 [_thread_blocked, id=29760, stack(0x0000002c84c00000,0x0000002c84d00000) (1024K)]
  0x0000017aff112ad0 JavaThread "Connection worker"                 [_thread_blocked, id=13716, stack(0x0000002c94e00000,0x0000002c94f00000) (1024K)]
  0x0000017aff10d580 JavaThread "Connection worker"                 [_thread_blocked, id=30024, stack(0x0000002c8fb00000,0x0000002c8fc00000) (1024K)]
  0x0000017aff111090 JavaThread "Connection worker"                 [_thread_blocked, id=17500, stack(0x0000002ca2d00000,0x0000002ca2e00000) (1024K)]
  0x0000017aff115230 JavaThread "Connection worker"                 [_thread_blocked, id=17228, stack(0x0000002ca4e00000,0x0000002ca4f00000) (1024K)]
  0x0000017aff1065f0 JavaThread "Connection worker"                 [_thread_blocked, id=15624, stack(0x0000002c88900000,0x0000002c88a00000) (1024K)]
  0x0000017aff1158c0 JavaThread "Connection worker"                 [_thread_blocked, id=13972, stack(0x0000002c8b900000,0x0000002c8ba00000) (1024K)]
  0x0000017aff10b4b0 JavaThread "Worker-4751: Initialize workspace"        [_thread_blocked, id=8580, stack(0x0000002c8cb00000,0x0000002c8cc00000) (1024K)]
  0x0000017aff1193d0 JavaThread "Connection worker"                 [_thread_blocked, id=20316, stack(0x0000002c98800000,0x0000002c98900000) (1024K)]
  0x0000017aff10ae20 JavaThread "Connection worker"                 [_thread_blocked, id=3612, stack(0x0000002ca2800000,0x0000002ca2900000) (1024K)]
  0x0000017aff113160 JavaThread "Worker-4762: Initialize workspace"        [_thread_blocked, id=15256, stack(0x0000002ca9e00000,0x0000002ca9f00000) (1024K)]
  0x0000017a95589b20 JavaThread "Connection worker"                 [_thread_blocked, id=21364, stack(0x0000002cab800000,0x0000002cab900000) (1024K)]
  0x0000017a9558c280 JavaThread "pool-451-thread-1"                 [_thread_blocked, id=19212, stack(0x0000002caf300000,0x0000002caf400000) (1024K)]
  0x0000017a95551810 JavaThread "pool-452-thread-1"                 [_thread_blocked, id=18832, stack(0x0000002caf400000,0x0000002caf500000) (1024K)]
  0x0000017a95552bc0 JavaThread "Worker-4769: Initialize workspace"        [_thread_blocked, id=21236, stack(0x0000002c96300000,0x0000002c96400000) (1024K)]
  0x0000017a955566d0 JavaThread "Worker-4776: Initialize workspace"        [_thread_blocked, id=37236, stack(0x0000002c9c600000,0x0000002c9c700000) (1024K)]
  0x0000017a9556dce0 JavaThread "Connection worker"                 [_thread_blocked, id=9104, stack(0x0000002cb5700000,0x0000002cb5800000) (1024K)]
  0x0000017a9555f0a0 JavaThread "pool-453-thread-1"                 [_thread_blocked, id=9688, stack(0x0000002cb1500000,0x0000002cb1600000) (1024K)]
  0x0000017a9555d660 JavaThread "Connection worker"                 [_thread_blocked, id=31328, stack(0x0000002cb3800000,0x0000002cb3900000) (1024K)]
  0x0000017a95565310 JavaThread "pool-454-thread-1"                 [_thread_blocked, id=37272, stack(0x0000002cb6500000,0x0000002cb6600000) (1024K)]
  0x0000017a95563240 JavaThread "Worker-4788: Initialize workspace"        [_thread_blocked, id=3844, stack(0x0000002cb3700000,0x0000002cb3800000) (1024K)]
  0x0000017a9555f730 JavaThread "Connection worker"                 [_thread_blocked, id=36052, stack(0x0000002cb6b00000,0x0000002cb6c00000) (1024K)]
  0x0000017a95568e20 JavaThread "pool-455-thread-1"                 [_thread_blocked, id=25980, stack(0x0000002cb7700000,0x0000002cb7800000) (1024K)]
  0x0000017a9556d650 JavaThread "Worker-4798: Initialize workspace"        [_thread_blocked, id=36556, stack(0x0000002c93000000,0x0000002c93100000) (1024K)]
  0x0000017a9556bc10 JavaThread "Worker-4805: Initialize workspace"        [_thread_blocked, id=24776, stack(0x0000002cb7500000,0x0000002cb7600000) (1024K)]
  0x0000017a9556e370 JavaThread "Worker-4813: Initialize workspace"        [_thread_blocked, id=37132, stack(0x0000002cba700000,0x0000002cba800000) (1024K)]
  0x0000017a9556ea00 JavaThread "Connection worker"                 [_thread_blocked, id=17852, stack(0x0000002cbad00000,0x0000002cbae00000) (1024K)]
  0x0000017a9556fdb0 JavaThread "Connection worker"                 [_thread_blocked, id=14116, stack(0x0000002cbcf00000,0x0000002cbd000000) (1024K)]
  0x0000017a95575300 JavaThread "Connection worker"                 [_thread_blocked, id=26772, stack(0x0000002cc1000000,0x0000002cc1100000) (1024K)]
  0x0000017a95572510 JavaThread "pool-456-thread-1"                 [_thread_blocked, id=33952, stack(0x0000002cc3000000,0x0000002cc3100000) (1024K)]
  0x0000017a95550460 JavaThread "pool-457-thread-1"                 [_thread_blocked, id=35204, stack(0x0000002cc1a00000,0x0000002cc1b00000) (1024K)]
  0x0000017a95566d50 JavaThread "pool-458-thread-1"                 [_thread_blocked, id=28784, stack(0x0000002cc3b00000,0x0000002cc3c00000) (1024K)]
  0x0000017a9556c930 JavaThread "Worker-4827: Initialize workspace"        [_thread_blocked, id=2920, stack(0x0000002cba100000,0x0000002cba200000) (1024K)]
  0x0000017a9556aef0 JavaThread "Worker-4835: Initialize workspace"        [_thread_blocked, id=19420, stack(0x0000002c88200000,0x0000002c88300000) (1024K)]
  0x0000017a955738c0 JavaThread "Connection worker"                 [_thread_blocked, id=31272, stack(0x0000002cbaa00000,0x0000002cbab00000) (1024K)]
  0x0000017a95573f50 JavaThread "pool-459-thread-1"                 [_thread_blocked, id=8256, stack(0x0000002cbb000000,0x0000002cbb100000) (1024K)]
  0x0000017a95571160 JavaThread "Connection worker"                 [_thread_blocked, id=28572, stack(0x0000002cbfa00000,0x0000002cbfb00000) (1024K)]
  0x0000017a955766b0 JavaThread "pool-460-thread-1"                 [_thread_blocked, id=25356, stack(0x0000002cc1300000,0x0000002cc1400000) (1024K)]
  0x0000017a95572ba0 JavaThread "Worker-4846: Initialize workspace"        [_thread_blocked, id=17716, stack(0x0000002cb1700000,0x0000002cb1800000) (1024K)]
  0x0000017a9556f720 JavaThread "Connection worker"                 [_thread_blocked, id=26452, stack(0x0000002cba900000,0x0000002cbaa00000) (1024K)]
  0x0000017a95575990 JavaThread "pool-461-thread-1"                 [_thread_blocked, id=23920, stack(0x0000002cc2c00000,0x0000002cc2d00000) (1024K)]
  0x0000017a95558e30 JavaThread "Worker-4853: Initialize workspace"        [_thread_blocked, id=37752, stack(0x0000002cbca00000,0x0000002cbcb00000) (1024K)]
  0x0000017a95577a60 JavaThread "Connection worker"                 [_thread_blocked, id=21912, stack(0x0000002cbe500000,0x0000002cbe600000) (1024K)]
  0x0000017a955794a0 JavaThread "pool-462-thread-1"                 [_thread_blocked, id=22156, stack(0x0000002cbc300000,0x0000002cbc400000) (1024K)]
  0x0000017a95578780 JavaThread "Worker-4856: Initialize workspace"        [_thread_blocked, id=25752, stack(0x0000002cc3400000,0x0000002cc3500000) (1024K)]
  0x0000017a9557bc00 JavaThread "Connection worker"                 [_thread_blocked, id=25324, stack(0x0000002cc4000000,0x0000002cc4100000) (1024K)]
  0x0000017a95563f60 JavaThread "Worker-4869: Initialize workspace"        [_thread_blocked, id=34728, stack(0x0000002cc3700000,0x0000002cc3800000) (1024K)]
  0x0000017a9557a850 JavaThread "pool-463-thread-1"                 [_thread_blocked, id=32184, stack(0x0000002cc4800000,0x0000002cc4900000) (1024K)]
  0x0000017a9557c290 JavaThread "Connection worker"                 [_thread_blocked, id=23640, stack(0x0000002cc3e00000,0x0000002cc3f00000) (1024K)]
  0x0000017a95578e10 JavaThread "pool-464-thread-1"                 [_thread_blocked, id=22384, stack(0x0000002cc4200000,0x0000002cc4300000) (1024K)]
  0x0000017a9557e360 JavaThread "Connection worker"                 [_thread_blocked, id=15412, stack(0x0000002c99700000,0x0000002c99800000) (1024K)]
  0x0000017a95576d40 JavaThread "Worker-4878: Initialize workspace"        [_thread_blocked, id=3412, stack(0x0000002c8b600000,0x0000002c8b700000) (1024K)]
  0x0000017a9557c920 JavaThread "Connection worker"                 [_thread_blocked, id=32204, stack(0x0000002cb1800000,0x0000002cb1900000) (1024K)]
  0x0000017a9557aee0 JavaThread "Connection worker"                 [_thread_blocked, id=22664, stack(0x0000002ca3300000,0x0000002ca3400000) (1024K)]
  0x0000017a9557b570 JavaThread "pool-465-thread-1"                 [_thread_blocked, id=14120, stack(0x0000002c96500000,0x0000002c96600000) (1024K)]
  0x0000017a95580430 JavaThread "Connection worker"                 [_thread_blocked, id=4896, stack(0x0000002cb0300000,0x0000002cb0400000) (1024K)]
  0x0000017a95582500 JavaThread "Worker-4886: Initialize workspace"        [_thread_blocked, id=26264, stack(0x0000002cb2300000,0x0000002cb2400000) (1024K)]
  0x0000017a9557f710 JavaThread "Connection worker"                 [_thread_blocked, id=28828, stack(0x0000002c87200000,0x0000002c87300000) (1024K)]
  0x0000017a9557cfb0 JavaThread "Connection worker"                 [_thread_blocked, id=34748, stack(0x0000002cb3300000,0x0000002cb3400000) (1024K)]
  0x0000017a9557f080 JavaThread "pool-466-thread-1"                 [_thread_blocked, id=27952, stack(0x0000002cb4100000,0x0000002cb4200000) (1024K)]
  0x0000017a95580ac0 JavaThread "Worker-4897: Initialize workspace"        [_thread_blocked, id=29100, stack(0x0000002c91e00000,0x0000002c91f00000) (1024K)]
  0x0000017a9555b590 JavaThread "Connection worker"                 [_thread_blocked, id=21840, stack(0x0000002cb7900000,0x0000002cb7a00000) (1024K)]
  0x0000017a91b2cf10 JavaThread "Worker-4904: Initialize workspace"        [_thread_blocked, id=37840, stack(0x0000002cb4300000,0x0000002cb4400000) (1024K)]
  0x0000017a91b393f0 JavaThread "pool-467-thread-1"                 [_thread_blocked, id=32956, stack(0x0000002cb8600000,0x0000002cb8700000) (1024K)]
  0x0000017a91b32460 JavaThread "Worker-4909: Initialize workspace"        [_thread_blocked, id=25036, stack(0x0000002caf100000,0x0000002caf200000) (1024K)]
  0x0000017a91b2c880 JavaThread "Connection worker"                 [_thread_blocked, id=26528, stack(0x0000002c89600000,0x0000002c89700000) (1024K)]
  0x0000017a91b39a80 JavaThread "Connection worker"                 [_thread_blocked, id=21548, stack(0x0000002cb6900000,0x0000002cb6a00000) (1024K)]
  0x0000017a91b40380 JavaThread "pool-468-thread-1"                 [_thread_blocked, id=34504, stack(0x0000002cb8000000,0x0000002cb8100000) (1024K)]
  0x0000017a91b3e2b0 JavaThread "Worker-4922: Initialize workspace"        [_thread_blocked, id=27340, stack(0x0000002cbff00000,0x0000002cc0000000) (1024K)]
  0x0000017a91b3cf00 JavaThread "pool-469-thread-1"                 [_thread_blocked, id=37480, stack(0x0000002c8e100000,0x0000002c8e200000) (1024K)]
  0x0000017a91b42ae0 JavaThread "Connection worker"                 [_thread_blocked, id=33176, stack(0x0000002cba500000,0x0000002cba600000) (1024K)]
  0x0000017a91b43800 JavaThread "Worker-4928: Initialize workspace"        [_thread_blocked, id=33896, stack(0x0000002c86100000,0x0000002c86200000) (1024K)]
  0x0000017a91b43e90 JavaThread "pool-470-thread-1"                 [_thread_blocked, id=19720, stack(0x0000002cc1400000,0x0000002cc1500000) (1024K)]
  0x0000017a91b40a10 JavaThread "Connection worker"                 [_thread_blocked, id=26020, stack(0x0000002cbd000000,0x0000002cbd100000) (1024K)]
  0x0000017a91b3f660 JavaThread "Worker-4938: Initialize workspace"        [_thread_blocked, id=6528, stack(0x0000002cb4000000,0x0000002cb4100000) (1024K)]
  0x0000017a91b42450 JavaThread "pool-471-thread-1"                 [_thread_blocked, id=20192, stack(0x0000002cc3300000,0x0000002cc3400000) (1024K)]
  0x0000017a91b45240 JavaThread "Connection worker"                 [_thread_blocked, id=13712, stack(0x0000002cc3600000,0x0000002cc3700000) (1024K)]
  0x0000017a91b493e0 JavaThread "pool-472-thread-1"                 [_thread_blocked, id=34956, stack(0x0000002cc4900000,0x0000002cc4a00000) (1024K)]
  0x0000017a91b45f60 JavaThread "Worker-4950: Initialize workspace"        [_thread_blocked, id=1480, stack(0x0000002cb9500000,0x0000002cb9600000) (1024K)]
  0x0000017a91b49a70 JavaThread "Connection worker"                 [_thread_blocked, id=37124, stack(0x0000002cc1d00000,0x0000002cc1e00000) (1024K)]
  0x0000017a91b4dc10 JavaThread "pool-473-thread-1"                 [_thread_blocked, id=29120, stack(0x0000002cc4a00000,0x0000002cc4b00000) (1024K)]
  0x0000017a91b4b4b0 JavaThread "Worker-4959: Initialize workspace"        [_thread_blocked, id=29148, stack(0x0000002cbde00000,0x0000002cbdf00000) (1024K)]
  0x0000017a91b51db0 JavaThread "Connection worker"                 [_thread_blocked, id=29712, stack(0x0000002cc5200000,0x0000002cc5300000) (1024K)]
  0x0000017a91b36c90 JavaThread "pool-474-thread-1"                 [_thread_blocked, id=37680, stack(0x0000002cbfc00000,0x0000002cbfd00000) (1024K)]
  0x0000017a91b52440 JavaThread "Worker-4971: Initialize workspace"        [_thread_blocked, id=13680, stack(0x0000002cc4c00000,0x0000002cc4d00000) (1024K)]
  0x0000017a91b57990 JavaThread "Connection worker"                 [_thread_blocked, id=27940, stack(0x0000002cbf600000,0x0000002cbf700000) (1024K)]
  0x0000017a91b55230 JavaThread "Worker-4981: Initialize workspace"        [_thread_blocked, id=33128, stack(0x0000002cbd400000,0x0000002cbd500000) (1024K)]
  0x0000017a91b55f50 JavaThread "pool-475-thread-1"                 [_thread_blocked, id=32556, stack(0x0000002cc0d00000,0x0000002cc0e00000) (1024K)]
  0x0000017a91b5a0f0 JavaThread "Connection worker"                 [_thread_blocked, id=33084, stack(0x0000002cc5800000,0x0000002cc5900000) (1024K)]
  0x0000017a91b5bb30 JavaThread "pool-476-thread-1"                 [_thread_blocked, id=34372, stack(0x0000002cc5b00000,0x0000002cc5c00000) (1024K)]
  0x0000017a91b53e80 JavaThread "Worker-4990: Initialize workspace"        [_thread_blocked, id=35596, stack(0x0000002cb5200000,0x0000002cb5300000) (1024K)]
  0x0000017a91b5d570 JavaThread "Connection worker"                 [_thread_blocked, id=9076, stack(0x0000002cc6000000,0x0000002cc6100000) (1024K)]
  0x0000017a91b58d40 JavaThread "pool-477-thread-1"                 [_thread_blocked, id=31788, stack(0x0000002cb8500000,0x0000002cb8600000) (1024K)]
  0x0000017a91b5e290 JavaThread "Worker-4998: Initialize workspace"        [_thread_blocked, id=12544, stack(0x0000002cc6300000,0x0000002cc6400000) (1024K)]
  0x0000017a91b61710 JavaThread "Connection worker"                 [_thread_blocked, id=29496, stack(0x0000002cb9a00000,0x0000002cb9b00000) (1024K)]
  0x0000017a91b60360 JavaThread "pool-478-thread-1"                 [_thread_blocked, id=24472, stack(0x0000002cc5500000,0x0000002cc5600000) (1024K)]
  0x0000017a91b65f40 JavaThread "Worker-5009: Initialize workspace"        [_thread_blocked, id=23416, stack(0x0000002cb4e00000,0x0000002cb4f00000) (1024K)]
  0x0000017a91b609f0 JavaThread "Connection worker"                 [_thread_blocked, id=19148, stack(0x0000002cb8e00000,0x0000002cb8f00000) (1024K)]
  0x0000017a91b672f0 JavaThread "pool-479-thread-1"                 [_thread_blocked, id=23652, stack(0x0000002cad500000,0x0000002cad600000) (1024K)]
  0x0000017a91b4cef0 JavaThread "Worker-5019: Initialize workspace"        [_thread_blocked, id=24268, stack(0x0000002cb6700000,0x0000002cb6800000) (1024K)]
  0x0000017a91b5cee0 JavaThread "Connection worker"                 [_thread_blocked, id=31284, stack(0x0000002cb9900000,0x0000002cb9a00000) (1024K)]
  0x0000017a91b64500 JavaThread "pool-480-thread-1"                 [_thread_blocked, id=23644, stack(0x0000002cb8800000,0x0000002cb8900000) (1024K)]
  0x0000017a91b66c60 JavaThread "Worker-5029: Initialize workspace"        [_thread_blocked, id=31132, stack(0x0000002c99d00000,0x0000002c99e00000) (1024K)]
  0x0000017a91b693c0 JavaThread "Connection worker"                 [_thread_blocked, id=33200, stack(0x0000002cc6b00000,0x0000002cc6c00000) (1024K)]
  0x0000017a91b63e70 JavaThread "pool-481-thread-1"                 [_thread_blocked, id=14592, stack(0x0000002cc6400000,0x0000002cc6500000) (1024K)]
  0x0000017a91b6a770 JavaThread "Worker-5040: Initialize workspace"        [_thread_blocked, id=6800, stack(0x0000002c97a00000,0x0000002c97b00000) (1024K)]
  0x0000017a91b2c1f0 JavaThread "Worker-5051: Initialize workspace"        [_thread_blocked, id=24020, stack(0x0000002ca1100000,0x0000002ca1200000) (1024K)]
  0x0000017a91b33ea0 JavaThread "Connection worker"                 [_thread_blocked, id=25200, stack(0x0000002cb0b00000,0x0000002cb0c00000) (1024K)]
  0x0000017a91b44520 JavaThread "pool-482-thread-1"                 [_thread_blocked, id=34164, stack(0x0000002cbab00000,0x0000002cbac00000) (1024K)]
  0x0000017a91b5dc00 JavaThread "Connection worker"                 [_thread_blocked, id=31644, stack(0x0000002cbc400000,0x0000002cbc500000) (1024K)]
  0x0000017a9aa34850 JavaThread "pool-483-thread-1"                 [_thread_blocked, id=11792, stack(0x0000002cc6e00000,0x0000002cc6f00000) (1024K)]
  0x0000017a9aa29db0 JavaThread "Worker-5062: Initialize workspace"        [_thread_blocked, id=24384, stack(0x0000002cb4c00000,0x0000002cb4d00000) (1024K)]
  0x0000017a9aa31a60 JavaThread "Connection worker"                 [_thread_blocked, id=24572, stack(0x0000002cc7500000,0x0000002cc7600000) (1024K)]
  0x0000017a9aa334a0 JavaThread "pool-484-thread-1"                 [_thread_blocked, id=6088, stack(0x0000002cc0000000,0x0000002cc0100000) (1024K)]
  0x0000017a9aa34ee0 JavaThread "Worker-5071: Initialize workspace"        [_thread_blocked, id=9620, stack(0x0000002cb9800000,0x0000002cb9900000) (1024K)]
  0x0000017a9aa35570 JavaThread "Connection worker"                 [_thread_blocked, id=36320, stack(0x0000002cc2600000,0x0000002cc2700000) (1024K)]
  0x0000017a9aa2be80 JavaThread "pool-485-thread-1"                 [_thread_blocked, id=28752, stack(0x0000002caff00000,0x0000002cb0000000) (1024K)]
  0x0000017a9aa39da0 JavaThread "Worker-5082: Initialize workspace"        [_thread_blocked, id=23788, stack(0x0000002cb6800000,0x0000002cb6900000) (1024K)]
  0x0000017a9aa3d8b0 JavaThread "Connection worker"                 [_thread_blocked, id=24724, stack(0x0000002cc7900000,0x0000002cc7a00000) (1024K)]
  0x0000017a9aa3be70 JavaThread "Worker-5092: Initialize workspace"        [_thread_blocked, id=27608, stack(0x0000002cc6500000,0x0000002cc6600000) (1024K)]
  0x0000017a9aa3cb90 JavaThread "pool-486-thread-1"                 [_thread_blocked, id=5428, stack(0x0000002cc7800000,0x0000002cc7900000) (1024K)]
  0x0000017a9aa3a430 JavaThread "Connection worker"                 [_thread_blocked, id=7260, stack(0x0000002cc7c00000,0x0000002cc7d00000) (1024K)]
  0x0000017a9aa3f980 JavaThread "pool-487-thread-1"                 [_thread_blocked, id=3108, stack(0x0000002cc8c00000,0x0000002cc8d00000) (1024K)]
  0x0000017a9aa3d220 JavaThread "Worker-5106: Initialize workspace"        [_thread_blocked, id=23112, stack(0x0000002cc8200000,0x0000002cc8300000) (1024K)]
  0x0000017a9aa46280 JavaThread "Connection worker"                 [_thread_blocked, id=33816, stack(0x0000002cc7a00000,0x0000002cc7b00000) (1024K)]
  0x0000017a9aa4b7d0 JavaThread "pool-488-thread-1"                 [_thread_blocked, id=29704, stack(0x0000002cc8d00000,0x0000002cc8e00000) (1024K)]
  0x0000017a9aa4c4f0 JavaThread "Worker-5117: Initialize workspace"        [_thread_blocked, id=17832, stack(0x0000002cbc700000,0x0000002cbc800000) (1024K)]
  0x0000017a9aa4d210 JavaThread "Connection worker"                 [_thread_blocked, id=17176, stack(0x0000002cc8900000,0x0000002cc8a00000) (1024K)]
  0x0000017a9aa49d90 JavaThread "pool-489-thread-1"                 [_thread_blocked, id=13160, stack(0x0000002cba400000,0x0000002cba500000) (1024K)]
  0x0000017a9aa44840 JavaThread "Worker-5129: Initialize workspace"        [_thread_blocked, id=17548, stack(0x0000002cb0a00000,0x0000002cb0b00000) (1024K)]
  0x0000017a9aa4ec50 JavaThread "Connection worker"                 [_thread_blocked, id=23772, stack(0x0000002cb8a00000,0x0000002cb8b00000) (1024K)]
  0x0000017a9aa4a420 JavaThread "pool-490-thread-1"                 [_thread_blocked, id=21868, stack(0x0000002cb2400000,0x0000002cb2500000) (1024K)]
  0x0000017a9aa541a0 JavaThread "Worker-5140: Initialize workspace"        [_thread_blocked, id=29016, stack(0x0000002cb0600000,0x0000002cb0700000) (1024K)]
  0x0000017a9aa56f90 JavaThread "Connection worker"                 [_thread_blocked, id=5584, stack(0x0000002cc9300000,0x0000002cc9400000) (1024K)]
  0x0000017a9aa51a40 JavaThread "pool-491-thread-1"                 [_thread_blocked, id=23628, stack(0x0000002c86b00000,0x0000002c86c00000) (1024K)]
  0x0000017a9aa56900 JavaThread "Worker-5152: Initialize workspace"        [_thread_blocked, id=1608, stack(0x0000002cb3e00000,0x0000002cb3f00000) (1024K)]
  0x0000017a9aa56270 JavaThread "Connection worker"                 [_thread_blocked, id=4928, stack(0x0000002cc0700000,0x0000002cc0800000) (1024K)]
  0x0000017a9aa66260 JavaThread "pool-492-thread-1"                 [_thread_blocked, id=30888, stack(0x0000002cbb400000,0x0000002cbb500000) (1024K)]
  0x0000017a9aa696e0 JavaThread "Worker-5164: Initialize workspace"        [_thread_blocked, id=29272, stack(0x0000002cc9a00000,0x0000002cc9b00000) (1024K)]
  0x0000017a935deac0 JavaThread "Worker-5175: Initialize workspace"        [_thread_blocked, id=25004, stack(0x0000002ccad00000,0x0000002ccae00000) (1024K)]
  0x0000017a935dd710 JavaThread "Connection worker"                 [_thread_blocked, id=31252, stack(0x0000002cca300000,0x0000002cca400000) (1024K)]
  0x0000017a935e46a0 JavaThread "pool-493-thread-1"                 [_thread_blocked, id=33704, stack(0x0000002ccc100000,0x0000002ccc200000) (1024K)]
  0x0000017a935e7b20 JavaThread "Connection worker"                 [_thread_blocked, id=19676, stack(0x0000002ccc800000,0x0000002ccc900000) (1024K)]
  0x0000017a935df7e0 JavaThread "Worker-5182: Initialize workspace"        [_thread_blocked, id=16316, stack(0x0000002c8f700000,0x0000002c8f800000) (1024K)]
  0x0000017a935e32f0 JavaThread "pool-494-thread-1"                 [_thread_blocked, id=29380, stack(0x0000002cb0d00000,0x0000002cb0e00000) (1024K)]
  0x0000017a935e6e00 JavaThread "Connection worker"                 [_thread_blocked, id=3212, stack(0x0000002ccbe00000,0x0000002ccbf00000) (1024K)]
  0x0000017a935aca20 JavaThread "pool-495-thread-1"                 [_thread_blocked, id=27548, stack(0x0000002ccc300000,0x0000002ccc400000) (1024K)]
  0x0000017a935e8840 JavaThread "Worker-5195: Initialize workspace"        [_thread_blocked, id=17516, stack(0x0000002ccaf00000,0x0000002ccb000000) (1024K)]
  0x0000017a935c9c10 JavaThread "Connection worker"                 [_thread_blocked, id=29444, stack(0x0000002cccb00000,0x0000002cccc00000) (1024K)]
  0x0000017a935b18e0 JavaThread "pool-496-thread-1"                 [_thread_blocked, id=17220, stack(0x0000002ccab00000,0x0000002ccac00000) (1024K)]
  0x0000017a935bca10 JavaThread "Worker-5205: Initialize workspace"        [_thread_blocked, id=36996, stack(0x0000002ccbf00000,0x0000002ccc000000) (1024K)]
  0x0000017a935c74b0 JavaThread "Worker-5215: Initialize workspace"        [_thread_blocked, id=13048, stack(0x0000002cbb500000,0x0000002cbb600000) (1024K)]
  0x0000017a935c8ef0 JavaThread "Connection worker"                 [_thread_blocked, id=7700, stack(0x0000002cccf00000,0x0000002ccd000000) (1024K)]
  0x0000017a935c9580 JavaThread "Connection worker"                 [_thread_blocked, id=17564, stack(0x0000002ccd000000,0x0000002ccd100000) (1024K)]
  0x0000017a935d2c70 JavaThread "pool-497-thread-1"                 [_thread_blocked, id=25284, stack(0x0000002ccd700000,0x0000002ccd800000) (1024K)]
  0x0000017a935cf7f0 JavaThread "pool-498-thread-1"                 [_thread_blocked, id=35656, stack(0x0000002cc2800000,0x0000002cc2900000) (1024K)]
  0x0000017a935cc370 JavaThread "Worker-5227: Initialize workspace"        [_thread_blocked, id=14488, stack(0x0000002ccd100000,0x0000002ccd200000) (1024K)]
  0x0000017a935d3300 JavaThread "Connection worker"                 [_thread_blocked, id=22752, stack(0x0000002cce500000,0x0000002cce600000) (1024K)]
  0x0000017a84f01110 JavaThread "pool-499-thread-1"                 [_thread_blocked, id=24032, stack(0x0000002ccdf00000,0x0000002cce000000) (1024K)]
  0x0000017a84efd600 JavaThread "Worker-5239: Initialize workspace"        [_thread_blocked, id=28608, stack(0x0000002cce900000,0x0000002ccea00000) (1024K)]
  0x0000017a84f024c0 JavaThread "Connection worker"                 [_thread_blocked, id=31136, stack(0x0000002ccf500000,0x0000002ccf600000) (1024K)]
  0x0000017a84f017a0 JavaThread "pool-500-thread-1"                 [_thread_blocked, id=4636, stack(0x0000002cced00000,0x0000002ccee00000) (1024K)]
  0x0000017a84f1a7f0 JavaThread "Worker-5249: Initialize workspace"        [_thread_blocked, id=34316, stack(0x0000002cc9d00000,0x0000002cc9e00000) (1024K)]
  0x0000017a84f03870 JavaThread "Connection worker"                 [_thread_blocked, id=27552, stack(0x0000002cca800000,0x0000002cca900000) (1024K)]
  0x0000017a84f09450 JavaThread "Worker-5260: Initialize workspace"        [_thread_blocked, id=4944, stack(0x0000002ccfd00000,0x0000002ccfe00000) (1024K)]
  0x0000017a84f0c8d0 JavaThread "pool-501-thread-1"                 [_thread_blocked, id=35604, stack(0x0000002cd0300000,0x0000002cd0400000) (1024K)]
  0x0000017a84f0c240 JavaThread "Connection worker"                 [_thread_blocked, id=25772, stack(0x0000002ccfe00000,0x0000002ccff00000) (1024K)]
  0x0000017a84f07380 JavaThread "pool-502-thread-1"                 [_thread_blocked, id=34128, stack(0x0000002ccf600000,0x0000002ccf700000) (1024K)]
  0x0000017a84f14580 JavaThread "Worker-5268: Initialize workspace"        [_thread_blocked, id=4968, stack(0x0000002cd0f00000,0x0000002cd1000000) (1024K)]
  0x0000017aff6673e0 JavaThread "Connection worker"                 [_thread_blocked, id=26924, stack(0x0000002cd1600000,0x0000002cd1700000) (1024K)]
  0x0000017aff668790 JavaThread "pool-503-thread-1"                 [_thread_blocked, id=25024, stack(0x0000002cd1800000,0x0000002cd1900000) (1024K)]
  0x0000017aff66a1d0 JavaThread "Worker-5281: Initialize workspace"        [_thread_blocked, id=34632, stack(0x0000002cd0d00000,0x0000002cd0e00000) (1024K)]
  0x0000017aff66a860 JavaThread "Connection worker"                 [_thread_blocked, id=27760, stack(0x0000002ca5900000,0x0000002ca5a00000) (1024K)]
  0x0000017aff66c930 JavaThread "Connection worker"                 [_thread_blocked, id=31800, stack(0x0000002c99900000,0x0000002c99a00000) (1024K)]
  0x0000017aff669b40 JavaThread "Connection worker"                 [_thread_blocked, id=25344, stack(0x0000002cbd300000,0x0000002cbd400000) (1024K)]
  0x0000017aff66c2a0 JavaThread "pool-504-thread-1"                 [_thread_blocked, id=26752, stack(0x0000002cb1a00000,0x0000002cb1b00000) (1024K)]
  0x0000017aff676020 JavaThread "Connection worker"                 [_thread_blocked, id=30788, stack(0x0000002ca5c00000,0x0000002ca5d00000) (1024K)]
  0x0000017aff670ad0 JavaThread "Connection worker"                 [_thread_blocked, id=18272, stack(0x0000002ca6200000,0x0000002ca6300000) (1024K)]
  0x0000017aff66e370 JavaThread "Worker-5291: Initialize workspace"        [_thread_blocked, id=32520, stack(0x0000002cb5500000,0x0000002cb5600000) (1024K)]
  0x0000017aff6766b0 JavaThread "Connection worker"                 [_thread_blocked, id=8080, stack(0x0000002ccf800000,0x0000002ccf900000) (1024K)]
  0x0000017a86c700f0 JavaThread "pool-505-thread-1"                 [_thread_blocked, id=29436, stack(0x0000002cd0b00000,0x0000002cd0c00000) (1024K)]
  0x0000017a86c6cc70 JavaThread "Worker-5302: Initialize workspace"        [_thread_blocked, id=27040, stack(0x0000002cc6c00000,0x0000002cc6d00000) (1024K)]
  0x0000017a86c70e10 JavaThread "Worker-5309: Initialize workspace"        [_thread_blocked, id=32096, stack(0x0000002cd1900000,0x0000002cd1a00000) (1024K)]
  0x0000017a86c6c5e0 JavaThread "Connection worker"                 [_thread_blocked, id=20084, stack(0x0000002c86e00000,0x0000002c86f00000) (1024K)]
  0x0000017a86c73570 JavaThread "Connection worker"                 [_thread_blocked, id=4008, stack(0x0000002c99b00000,0x0000002c99c00000) (1024K)]
  0x0000017a86c75cd0 JavaThread "Connection worker"                 [_thread_blocked, id=28056, stack(0x0000002cbcd00000,0x0000002cbce00000) (1024K)]
  0x0000017a86c72850 JavaThread "Connection worker"                 [_thread_blocked, id=21864, stack(0x0000002cbd200000,0x0000002cbd300000) (1024K)]
  0x0000017a86c76360 JavaThread "Connection worker"                 [_thread_blocked, id=33692, stack(0x0000002cc7200000,0x0000002cc7300000) (1024K)]
  0x0000017a934cdc80 JavaThread "Worker-5320: Initialize workspace"        [_thread_blocked, id=24984, stack(0x0000002c99a00000,0x0000002c99b00000) (1024K)]
  0x0000017a934cae90 JavaThread "pool-506-thread-1"                 [_thread_blocked, id=32148, stack(0x0000002cd0c00000,0x0000002cd0d00000) (1024K)]
  0x0000017a934cb520 JavaThread "Connection worker"                 [_thread_blocked, id=33520, stack(0x0000002cd1000000,0x0000002cd1100000) (1024K)]
  0x0000017a934d2b40 JavaThread "pool-507-thread-1"                 [_thread_blocked, id=14984, stack(0x0000002cd1700000,0x0000002cd1800000) (1024K)]
  0x0000017a934c9ae0 JavaThread "Connection worker"                 [_thread_blocked, id=25624, stack(0x0000002c80f00000,0x0000002c81000000) (1024K)]
  0x0000017a934d31d0 JavaThread "Connection worker"                 [_thread_blocked, id=20760, stack(0x0000002c8f400000,0x0000002c8f500000) (1024K)]
  0x0000017a934d3860 JavaThread "Connection worker"                 [_thread_blocked, id=8140, stack(0x0000002ca6800000,0x0000002ca6900000) (1024K)]
  0x0000017a934d0a70 JavaThread "pool-508-thread-1"                 [_thread_blocked, id=11288, stack(0x0000002cb3c00000,0x0000002cb3d00000) (1024K)]
  0x0000017a84984980 JavaThread "Worker-5332: Initialize workspace"        [_thread_blocked, id=28684, stack(0x0000002cb3d00000,0x0000002cb3e00000) (1024K)]
  0x0000017a849842f0 JavaThread "Connection worker"                 [_thread_blocked, id=20136, stack(0x0000002cc7e00000,0x0000002cc7f00000) (1024K)]
  0x0000017a84985010 JavaThread "pool-509-thread-1"                 [_thread_blocked, id=32012, stack(0x0000002cc6700000,0x0000002cc6800000) (1024K)]
  0x0000017a84981b90 JavaThread "Worker-5344: Initialize workspace"        [_thread_blocked, id=19060, stack(0x0000002cc7400000,0x0000002cc7500000) (1024K)]
  0x0000017a8496bfc0 JavaThread "Connection worker"                 [_thread_blocked, id=3728, stack(0x0000002cd0e00000,0x0000002cd0f00000) (1024K)]
  0x0000017a84966a70 JavaThread "Worker-5353: Initialize workspace"        [_thread_blocked, id=25604, stack(0x0000002ccfb00000,0x0000002ccfc00000) (1024K)]
  0x0000017a84965d50 JavaThread "pool-510-thread-1"                 [_thread_blocked, id=34392, stack(0x0000002cd1e00000,0x0000002cd1f00000) (1024K)]
  0x0000017a8496b930 JavaThread "Worker-5363: Initialize workspace"        [_thread_blocked, id=23064, stack(0x0000002cd1a00000,0x0000002cd1b00000) (1024K)]
  0x0000017a84970e80 JavaThread "Connection worker"                 [_thread_blocked, id=27480, stack(0x0000002cd1f00000,0x0000002cd2000000) (1024K)]
  0x0000017a8497eda0 JavaThread "pool-511-thread-1"                 [_thread_blocked, id=9212, stack(0x0000002ca7500000,0x0000002ca7600000) (1024K)]
  0x0000017a84999830 JavaThread "Connection worker"                 [_thread_blocked, id=37316, stack(0x0000002cabe00000,0x0000002cabf00000) (1024K)]
  0x0000017a84972230 JavaThread "Connection worker"                 [_thread_blocked, id=35380, stack(0x0000002cd1200000,0x0000002cd1300000) (1024K)]
  0x0000017a849770f0 JavaThread "pool-512-thread-1"                 [_thread_blocked, id=17216, stack(0x0000002cd2000000,0x0000002cd2100000) (1024K)]
  0x0000017a8479d920 JavaThread "Worker-5376: Initialize workspace"        [_thread_blocked, id=4492, stack(0x0000002cd1c00000,0x0000002cd1d00000) (1024K)]
  0x0000017a847a62f0 JavaThread "Connection worker"                 [_thread_blocked, id=26612, stack(0x0000002ca5100000,0x0000002ca5200000) (1024K)]
  0x0000017a847ad910 JavaThread "Connection worker"                 [_thread_blocked, id=37292, stack(0x0000002ccb300000,0x0000002ccb400000) (1024K)]
  0x0000017a847abed0 JavaThread "pool-513-thread-1"                 [_thread_blocked, id=12856, stack(0x0000002ccb500000,0x0000002ccb600000) (1024K)]
  0x0000017a847ab1b0 JavaThread "Worker-5386: Initialize workspace"        [_thread_blocked, id=27164, stack(0x0000002cc9f00000,0x0000002cca000000) (1024K)]
  0x0000017a847b0070 JavaThread "Connection worker"                 [_thread_blocked, id=18532, stack(0x0000002cd2200000,0x0000002cd2300000) (1024K)]
  0x0000017a847b5c50 JavaThread "pool-514-thread-1"                 [_thread_blocked, id=29228, stack(0x0000002cd2d00000,0x0000002cd2e00000) (1024K)]
  0x0000017a84f2b350 JavaThread "Connection worker"                 [_thread_blocked, id=25580, stack(0x0000002cd2700000,0x0000002cd2800000) (1024K)]
  0x0000017a84f2cd90 JavaThread "Worker-5397: Initialize workspace"        [_thread_blocked, id=17828, stack(0x0000002cd2300000,0x0000002cd2400000) (1024K)]
  0x0000017a84f29910 JavaThread "Connection worker"                 [_thread_blocked, id=28704, stack(0x0000002cd1d00000,0x0000002cd1e00000) (1024K)]
  0x0000017a84f2f4f0 JavaThread "pool-515-thread-1"                 [_thread_blocked, id=21076, stack(0x0000002cd3700000,0x0000002cd3800000) (1024K)]
  0x0000017a84f2e140 JavaThread "Worker-5407: Initialize workspace"        [_thread_blocked, id=6268, stack(0x0000002cd3a00000,0x0000002cd3b00000) (1024K)]
  0x0000017a84f343b0 JavaThread "Connection worker"                 [_thread_blocked, id=2160, stack(0x0000002cd3c00000,0x0000002cd3d00000) (1024K)]
  0x0000017a84f04c20 JavaThread "pool-516-thread-1"                 [_thread_blocked, id=35108, stack(0x0000002cd3200000,0x0000002cd3300000) (1024K)]
  0x0000017a84f00a80 JavaThread "Worker-5416: Initialize workspace"        [_thread_blocked, id=8996, stack(0x0000002cd3b00000,0x0000002cd3c00000) (1024K)]
  0x0000017a84f15930 JavaThread "Connection worker"                 [_thread_blocked, id=34512, stack(0x0000002cd4200000,0x0000002cd4300000) (1024K)]
  0x0000017a84f103e0 JavaThread "pool-517-thread-1"                 [_thread_blocked, id=31456, stack(0x0000002cd4100000,0x0000002cd4200000) (1024K)]
  0x0000017a91b5a780 JavaThread "Worker-5428: Initialize workspace"        [_thread_blocked, id=32504, stack(0x0000002cd4500000,0x0000002cd4600000) (1024K)]
  0x0000017a91b56c70 JavaThread "Connection worker"                 [_thread_blocked, id=30152, stack(0x0000002c95300000,0x0000002c95400000) (1024K)]
  0x0000017a91b54ba0 JavaThread "pool-518-thread-1"                 [_thread_blocked, id=22176, stack(0x0000002c83400000,0x0000002c83500000) (1024K)]
  0x0000017afe5af1d0 JavaThread "Worker-5440: Initialize workspace"        [_thread_blocked, id=17204, stack(0x0000002cd4e00000,0x0000002cd4f00000) (1024K)]
  0x0000017afe5b2650 JavaThread "Connection worker"                 [_thread_blocked, id=17164, stack(0x0000002ccd800000,0x0000002ccd900000) (1024K)]
  0x0000017afe5afef0 JavaThread "Connection worker"                 [_thread_blocked, id=27848, stack(0x0000002c83800000,0x0000002c83900000) (1024K)]
  0x0000017afe5b3a00 JavaThread "pool-519-thread-1"                 [_thread_blocked, id=32180, stack(0x0000002ca2500000,0x0000002ca2600000) (1024K)]
  0x0000017afe5af860 JavaThread "Worker-5450: Initialize workspace"        [_thread_blocked, id=28156, stack(0x0000002ca8400000,0x0000002ca8500000) (1024K)]
  0x0000017afe5b4720 JavaThread "Connection worker"                 [_thread_blocked, id=36056, stack(0x0000002ca5200000,0x0000002ca5300000) (1024K)]
  0x0000017afe5b0c10 JavaThread "Connection worker"                 [_thread_blocked, id=23364, stack(0x0000002cc6600000,0x0000002cc6700000) (1024K)]
  0x0000017a935d0ba0 JavaThread "pool-520-thread-1"                 [_thread_blocked, id=15028, stack(0x0000002cc9900000,0x0000002cc9a00000) (1024K)]
  0x0000017a935d74a0 JavaThread "Worker-5462: Initialize workspace"        [_thread_blocked, id=24656, stack(0x0000002cc9c00000,0x0000002cc9d00000) (1024K)]
  0x0000017a935e3980 JavaThread "Worker-5468: Initialize workspace"        [_thread_blocked, id=18840, stack(0x0000002cd3500000,0x0000002cd3600000) (1024K)]
  0x0000017a935ac390 JavaThread "Connection worker"                 [_thread_blocked, id=36700, stack(0x0000002cd4400000,0x0000002cd4500000) (1024K)]
  0x0000017a935a9c30 JavaThread "Connection worker"                 [_thread_blocked, id=25436, stack(0x0000002cd4c00000,0x0000002cd4d00000) (1024K)]
  0x0000017a935ddda0 JavaThread "pool-521-thread-1"                 [_thread_blocked, id=5880, stack(0x0000002c86900000,0x0000002c86a00000) (1024K)]
  0x0000017a935ad0b0 JavaThread "pool-522-thread-1"                 [_thread_blocked, id=6704, stack(0x0000002cd4000000,0x0000002cd4100000) (1024K)]
  0x0000017a935d81c0 JavaThread "Worker-5482: Initialize workspace"        [_thread_blocked, id=34068, stack(0x0000002cd4a00000,0x0000002cd4b00000) (1024K)]
  0x0000017a955817e0 JavaThread "Connection worker"                 [_thread_blocked, id=2900, stack(0x0000002cd5500000,0x0000002cd5600000) (1024K)]
  0x0000017a9558d630 JavaThread "pool-523-thread-1"                 [_thread_blocked, id=35744, stack(0x0000002cd5000000,0x0000002cd5100000) (1024K)]
  0x0000017a95551180 JavaThread "Worker-5492: Initialize workspace"        [_thread_blocked, id=4392, stack(0x0000002cd5100000,0x0000002cd5200000) (1024K)]
  0x0000017a9555c2b0 JavaThread "Connection worker"                 [_thread_blocked, id=27960, stack(0x0000002cd5800000,0x0000002cd5900000) (1024K)]
  0x0000017a95582b90 JavaThread "pool-524-thread-1"                 [_thread_blocked, id=26224, stack(0x0000002cc9100000,0x0000002cc9200000) (1024K)]
  0x0000017a955845d0 JavaThread "Worker-5502: Initialize workspace"        [_thread_blocked, id=29516, stack(0x0000002cc9800000,0x0000002cc9900000) (1024K)]
  0x0000017a955559b0 JavaThread "Connection worker"                 [_thread_blocked, id=26896, stack(0x0000002cd5900000,0x0000002cd5a00000) (1024K)]
  0x0000017a84971ba0 JavaThread "pool-525-thread-1"                 [_thread_blocked, id=26236, stack(0x0000002cd5400000,0x0000002cd5500000) (1024K)]
  0x0000017a8497b290 JavaThread "Worker-5515: Initialize workspace"        [_thread_blocked, id=7060, stack(0x0000002cd5600000,0x0000002cd5700000) (1024K)]
  0x0000017a8497b920 JavaThread "Connection worker"                 [_thread_blocked, id=27112, stack(0x0000002cd0500000,0x0000002cd0600000) (1024K)]
  0x0000017a8497ccd0 JavaThread "pool-526-thread-1"                 [_thread_blocked, id=14124, stack(0x0000002ccf400000,0x0000002ccf500000) (1024K)]
  0x0000017a9aa4be60 JavaThread "Connection worker"                 [_thread_blocked, id=24816, stack(0x0000002c90400000,0x0000002c90500000) (1024K)]
  0x0000017a9aa47cc0 JavaThread "Worker-5528: Initialize workspace"        [_thread_blocked, id=6964, stack(0x0000002c89400000,0x0000002c89500000) (1024K)]
  0x0000017a9aa668f0 JavaThread "Connection worker"                 [_thread_blocked, id=5156, stack(0x0000002ca6d00000,0x0000002ca6e00000) (1024K)]
  0x0000017a9aa55550 JavaThread "pool-527-thread-1"                 [_thread_blocked, id=33292, stack(0x0000002c9ff00000,0x0000002ca0000000) (1024K)]
  0x0000017a95551ea0 JavaThread "Worker-5539: Initialize workspace"        [_thread_blocked, id=36272, stack(0x0000002ca9100000,0x0000002ca9200000) (1024K)]
  0x0000017a9557e9f0 JavaThread "Connection worker"                 [_thread_blocked, id=5528, stack(0x0000002cd4f00000,0x0000002cd5000000) (1024K)]
  0x0000017a85815a00 JavaThread "pool-528-thread-1"                 [_thread_blocked, id=37720, stack(0x0000002c92a00000,0x0000002c92b00000) (1024K)]
  0x0000017a85816090 JavaThread "Worker-5548: Initialize workspace"        [_thread_blocked, id=24272, stack(0x0000002cca600000,0x0000002cca700000) (1024K)]
  0x0000017a867db930 JavaThread "Connection worker"                 [_thread_blocked, id=23592, stack(0x0000002cd6000000,0x0000002cd6100000) (1024K)]
  0x0000017a867d8b40 JavaThread "pool-529-thread-1"                 [_thread_blocked, id=33656, stack(0x0000002cd5700000,0x0000002cd5800000) (1024K)]
  0x0000017a867da580 JavaThread "Connection worker"                 [_thread_blocked, id=24660, stack(0x0000002cac200000,0x0000002cac300000) (1024K)]
  0x0000017a867d9860 JavaThread "Worker-5558: Initialize workspace"        [_thread_blocked, id=23440, stack(0x0000002c93500000,0x0000002c93600000) (1024K)]
  0x0000017a867e0e80 JavaThread "Connection worker"                 [_thread_blocked, id=27156, stack(0x0000002c9b000000,0x0000002c9b100000) (1024K)]
  0x0000017a95558110 JavaThread "Connection worker"                 [_thread_blocked, id=17224, stack(0x0000002c82e00000,0x0000002c82f00000) (1024K)]
  0x0000017a955645f0 JavaThread "Connection worker"                 [_thread_blocked, id=37388, stack(0x0000002ca6000000,0x0000002ca6100000) (1024K)]
  0x0000017a95561e90 JavaThread "Connection worker"                 [_thread_blocked, id=37844, stack(0x0000002c99500000,0x0000002c99600000) (1024K)]
  0x0000017a9556c2a0 JavaThread "pool-530-thread-1"                 [_thread_blocked, id=25448, stack(0x0000002c95700000,0x0000002c95800000) (1024K)]
  0x0000017a9558fd90 JavaThread "Worker-5567: Initialize workspace"        [_thread_blocked, id=5972, stack(0x0000002c8b100000,0x0000002c8b200000) (1024K)]
  0x0000017a91b658b0 JavaThread "Connection worker"                 [_thread_blocked, id=10364, stack(0x0000002cb1900000,0x0000002cb1a00000) (1024K)]
  0x0000017a91b3a7a0 JavaThread "Worker-5575: Initialize workspace"        [_thread_blocked, id=8720, stack(0x0000002cb6600000,0x0000002cb6700000) (1024K)]
  0x0000017a91b2f670 JavaThread "pool-531-thread-1"                 [_thread_blocked, id=12232, stack(0x0000002c9a500000,0x0000002c9a600000) (1024K)]
  0x0000017a91b5ae10 JavaThread "Connection worker"                 [_thread_blocked, id=22424, stack(0x0000002cbe200000,0x0000002cbe300000) (1024K)]
  0x0000017a86c6e020 JavaThread "pool-532-thread-1"                 [_thread_blocked, id=37312, stack(0x0000002cafe00000,0x0000002caff00000) (1024K)]
  0x0000017a86c6e6b0 JavaThread "Worker-5591: Initialize workspace"        [_thread_blocked, id=36640, stack(0x0000002cc9500000,0x0000002cc9600000) (1024K)]
  0x0000017a86c6ed40 JavaThread "Connection worker"                 [_thread_blocked, id=2828, stack(0x0000002cd0900000,0x0000002cd0a00000) (1024K)]
  0x0000017a934d4c10 JavaThread "pool-533-thread-1"                 [_thread_blocked, id=16160, stack(0x0000002cd3300000,0x0000002cd3400000) (1024K)]
  0x0000017a934ce310 JavaThread "Worker-5602: Initialize workspace"        [_thread_blocked, id=36648, stack(0x0000002cd5a00000,0x0000002cd5b00000) (1024K)]
  0x0000017afeec00a0 JavaThread "Worker-5613: Initialize workspace"        [_thread_blocked, id=21604, stack(0x0000002cd6100000,0x0000002cd6200000) (1024K)]
  0x0000017afeebf380 JavaThread "Connection worker"                 [_thread_blocked, id=6868, stack(0x0000002cac800000,0x0000002cac900000) (1024K)]
  0x0000017afeebd2b0 JavaThread "Connection worker"                 [_thread_blocked, id=17440, stack(0x0000002ccd600000,0x0000002ccd700000) (1024K)]
  0x0000017afeec2e90 JavaThread "pool-534-thread-1"                 [_thread_blocked, id=29108, stack(0x0000002cd5c00000,0x0000002cd5d00000) (1024K)]
  0x0000017a8499faa0 JavaThread "Connection worker"                 [_thread_blocked, id=29556, stack(0x0000002cd5e00000,0x0000002cd5f00000) (1024K)]
  0x0000017a84973c70 JavaThread "pool-535-thread-1"                 [_thread_blocked, id=25476, stack(0x0000002cd4d00000,0x0000002cd4e00000) (1024K)]
  0x0000017aff107310 JavaThread "Worker-5625: Initialize workspace"        [_thread_blocked, id=34696, stack(0x0000002cd6400000,0x0000002cd6500000) (1024K)]
  0x0000017aff103170 JavaThread "Worker-5627: Initialize workspace"        [_thread_blocked, id=35520, stack(0x0000002cd5f00000,0x0000002cd6000000) (1024K)]
  0x0000017aff10a100 JavaThread "Connection worker"                 [_thread_blocked, id=12260, stack(0x0000002c99e00000,0x0000002c99f00000) (1024K)]
  0x0000017a847b4f30 JavaThread "Connection worker"                 [_thread_blocked, id=25424, stack(0x0000002cd6800000,0x0000002cd6900000) (1024K)]
  0x0000017a847b55c0 JavaThread "Connection worker"                 [_thread_blocked, id=23844, stack(0x0000002cd6900000,0x0000002cd6a00000) (1024K)]
  0x0000017a935b0530 JavaThread "pool-536-thread-1"                 [_thread_blocked, id=29944, stack(0x0000002cd6a00000,0x0000002cd6b00000) (1024K)]
  0x0000017a935cead0 JavaThread "pool-537-thread-1"                 [_thread_blocked, id=10264, stack(0x0000002ca7700000,0x0000002ca7800000) (1024K)]
  0x0000017a916289e0 JavaThread "Worker-5641: Initialize workspace"        [_thread_blocked, id=31948, stack(0x0000002cd6c00000,0x0000002cd6d00000) (1024K)]
  0x0000017a85819ba0 JavaThread "Connection worker"                 [_thread_blocked, id=28748, stack(0x0000002c90f00000,0x0000002c91000000) (1024K)]
  0x0000017a85817ad0 JavaThread "Connection worker"                 [_thread_blocked, id=28908, stack(0x0000002caec00000,0x0000002caed00000) (1024K)]
  0x0000017a858187f0 JavaThread "Connection worker"                 [_thread_blocked, id=26520, stack(0x0000002cb9f00000,0x0000002cba000000) (1024K)]
  0x0000017a9aa2cba0 JavaThread "Connection worker"                 [_thread_blocked, id=35036, stack(0x0000002cc6900000,0x0000002cc6a00000) (1024K)]
  0x0000017a9aa42e00 JavaThread "Worker-5652: Initialize workspace"        [_thread_blocked, id=19348, stack(0x0000002cadd00000,0x0000002cade00000) (1024K)]
  0x0000017a9aa5cb70 JavaThread "pool-538-thread-1"                 [_thread_blocked, id=15408, stack(0x0000002cceb00000,0x0000002ccec00000) (1024K)]
  0x0000017a9aa5e5b0 JavaThread "Connection worker"                 [_thread_blocked, id=24744, stack(0x0000002cd6500000,0x0000002cd6600000) (1024K)]
  0x0000017a9aa313d0 JavaThread "pool-539-thread-1"                 [_thread_blocked, id=28980, stack(0x0000002c88c00000,0x0000002c88d00000) (1024K)]
  0x0000017a9556a860 JavaThread "Connection worker"                 [_thread_blocked, id=22672, stack(0x0000002cd2e00000,0x0000002cd2f00000) (1024K)]
  0x0000017a95581150 JavaThread "Worker-5663: Initialize workspace"        [_thread_blocked, id=13008, stack(0x0000002c85d00000,0x0000002c85e00000) (1024K)]
  0x0000017a84f152a0 JavaThread "Worker-5670: Initialize workspace"        [_thread_blocked, id=34664, stack(0x0000002cd7100000,0x0000002cd7200000) (1024K)]
  0x0000017a84f32970 JavaThread "Connection worker"                 [_thread_blocked, id=22348, stack(0x0000002c8a800000,0x0000002c8a900000) (1024K)]
  0x0000017a91b558c0 JavaThread "Connection worker"                 [_thread_blocked, id=23684, stack(0x0000002c9cf00000,0x0000002c9d000000) (1024K)]
  0x0000017a91b593d0 JavaThread "Worker-5678: Initialize workspace"        [_thread_blocked, id=36536, stack(0x0000002c97100000,0x0000002c97200000) (1024K)]
  0x0000017a91b63150 JavaThread "Connection worker"                 [_thread_blocked, id=27680, stack(0x0000002c83500000,0x0000002c83600000) (1024K)]
  0x0000017a91b38d60 JavaThread "Connection worker"                 [_thread_blocked, id=34332, stack(0x0000002c9c700000,0x0000002c9c800000) (1024K)]
  0x0000017a935aafe0 JavaThread "Connection worker"                 [_thread_blocked, id=28220, stack(0x0000002cb0500000,0x0000002cb0600000) (1024K)]
  0x0000017a935b5a80 JavaThread "Connection worker"                 [_thread_blocked, id=14076, stack(0x0000002c9ca00000,0x0000002c9cb00000) (1024K)]
  0x0000017a935bafd0 JavaThread "pool-540-thread-1"                 [_thread_blocked, id=28408, stack(0x0000002cbf200000,0x0000002cbf300000) (1024K)]
  0x0000017a935bbcf0 JavaThread "pool-541-thread-1"                 [_thread_blocked, id=2696, stack(0x0000002cbf900000,0x0000002cbfa00000) (1024K)]
  0x0000017a935e53c0 JavaThread "pool-542-thread-1"                 [_thread_blocked, id=28876, stack(0x0000002cc4600000,0x0000002cc4700000) (1024K)]
  0x0000017a84f17370 JavaThread "Worker-5690: Initialize workspace"        [_thread_blocked, id=18624, stack(0x0000002cbf800000,0x0000002cbf900000) (1024K)]
  0x0000017a84f1bba0 JavaThread "Connection worker"                 [_thread_blocked, id=37500, stack(0x0000002cd6700000,0x0000002cd6800000) (1024K)]
  0x0000017a867ee710 JavaThread "pool-543-thread-1"                 [_thread_blocked, id=27404, stack(0x0000002cd3800000,0x0000002cd3900000) (1024K)]
  0x0000017a867ebfb0 JavaThread "Worker-5700: Initialize workspace"        [_thread_blocked, id=17532, stack(0x0000002cd7000000,0x0000002cd7100000) (1024K)]
  0x0000017aff672ba0 JavaThread "Connection worker"                 [_thread_blocked, id=19064, stack(0x0000002cd7800000,0x0000002cd7900000) (1024K)]
  0x0000017a849656c0 JavaThread "pool-544-thread-1"                 [_thread_blocked, id=26840, stack(0x0000002cd6d00000,0x0000002cd6e00000) (1024K)]
  0x0000017a849791c0 JavaThread "Worker-5710: Initialize workspace"        [_thread_blocked, id=23712, stack(0x0000002cd7300000,0x0000002cd7400000) (1024K)]
  0x0000017a847a55d0 JavaThread "Worker-5718: Initialize workspace"        [_thread_blocked, id=37040, stack(0x0000002cc0300000,0x0000002cc0400000) (1024K)]
  0x0000017a847acbf0 JavaThread "Connection worker"                 [_thread_blocked, id=22896, stack(0x0000002c82c00000,0x0000002c82d00000) (1024K)]
  0x0000017a847b1420 JavaThread "Connection worker"                 [_thread_blocked, id=21472, stack(0x0000002c84400000,0x0000002c84500000) (1024K)]
  0x0000017a934cc8d0 JavaThread "Connection worker"                 [_thread_blocked, id=22584, stack(0x0000002cd0600000,0x0000002cd0700000) (1024K)]
  0x0000017a934d03e0 JavaThread "Connection worker"                 [_thread_blocked, id=34668, stack(0x0000002cd7400000,0x0000002cd7500000) (1024K)]
  0x0000017a934d5930 JavaThread "pool-545-thread-1"                 [_thread_blocked, id=26580, stack(0x0000002c9be00000,0x0000002c9bf00000) (1024K)]
  0x0000017aff668100 JavaThread "pool-546-thread-1"                 [_thread_blocked, id=16868, stack(0x0000002c85a00000,0x0000002c85b00000) (1024K)]
  0x0000017a84f2e7d0 JavaThread "Worker-5732: Initialize workspace"        [_thread_blocked, id=27852, stack(0x0000002cbef00000,0x0000002cbf000000) (1024K)]
  0x0000017a84f29fa0 JavaThread "Connection worker"                 [_thread_blocked, id=2028, stack(0x0000002c89700000,0x0000002c89800000) (1024K)]
  0x0000017a935d46b0 JavaThread "Connection worker"                 [_thread_blocked, id=16860, stack(0x0000002c9cc00000,0x0000002c9cd00000) (1024K)]
  0x0000017a935c1240 JavaThread "Connection worker"                 [_thread_blocked, id=3328, stack(0x0000002ccf900000,0x0000002ccfa00000) (1024K)]
  0x0000017a935afea0 JavaThread "Worker-5743: Initialize workspace"        [_thread_blocked, id=24340, stack(0x0000002c81000000,0x0000002c81100000) (1024K)]
  0x0000017a935b6e30 JavaThread "pool-547-thread-1"                 [_thread_blocked, id=37352, stack(0x0000002ccf300000,0x0000002ccf400000) (1024K)]
  0x0000017a867e3c70 JavaThread "Connection worker"                 [_thread_blocked, id=10832, stack(0x0000002cd6b00000,0x0000002cd6c00000) (1024K)]
  0x0000017a95556d60 JavaThread "pool-548-thread-1"                 [_thread_blocked, id=34304, stack(0x0000002cd7a00000,0x0000002cd7b00000) (1024K)]
  0x0000017a955538e0 JavaThread "Connection worker"                 [_thread_blocked, id=29564, stack(0x0000002c9b400000,0x0000002c9b500000) (1024K)]
  0x0000017a95561170 JavaThread "Worker-5755: Initialize workspace"        [_thread_blocked, id=21600, stack(0x0000002cbe600000,0x0000002cbe700000) (1024K)]
  0x0000017a84f17a00 JavaThread "Connection worker"                 [_thread_blocked, id=23784, stack(0x0000002cafc00000,0x0000002cafd00000) (1024K)]
  0x0000017a84f19ad0 JavaThread "Connection worker"                 [_thread_blocked, id=8556, stack(0x0000002c87600000,0x0000002c87700000) (1024K)]
  0x0000017a84f0e310 JavaThread "pool-549-thread-1"                 [_thread_blocked, id=18448, stack(0x0000002c81e00000,0x0000002c81f00000) (1024K)]
  0x0000017a935b74c0 JavaThread "Worker-5764: Initialize workspace"        [_thread_blocked, id=22976, stack(0x0000002cbf000000,0x0000002cbf100000) (1024K)]
  0x0000017a867eac00 JavaThread "Worker-5772: Initialize workspace"        [_thread_blocked, id=26140, stack(0x0000002cd0000000,0x0000002cd0100000) (1024K)]
  0x0000017a867f2220 JavaThread "Connection worker"                 [_thread_blocked, id=26108, stack(0x0000002cd5d00000,0x0000002cd5e00000) (1024K)]
  0x0000017a9aa5d200 JavaThread "pool-550-thread-1"                 [_thread_blocked, id=23212, stack(0x0000002cd4b00000,0x0000002cd4c00000) (1024K)]
  0x0000017afe5b2ce0 JavaThread "Connection worker"                 [_thread_blocked, id=23984, stack(0x0000002c9e300000,0x0000002c9e400000) (1024K)]
  0x0000017aff10fce0 JavaThread "Worker-5785: Initialize workspace"        [_thread_blocked, id=36904, stack(0x0000002cd7e00000,0x0000002cd7f00000) (1024K)]
  0x0000017a91b5e920 JavaThread "Exec process"                      [_thread_in_native, id=36360, stack(0x0000002cd7f00000,0x0000002cd8000000) (1024K)]
  0x0000017a86c75640 JavaThread "Exec process Thread 2"             [_thread_blocked, id=7244, stack(0x0000002cd8200000,0x0000002cd8300000) (1024K)]
  0x0000017a86c6bf50 JavaThread "Connection worker"                 [_thread_blocked, id=35064, stack(0x0000002cd7b00000,0x0000002cd7c00000) (1024K)]
  0x0000017a86c78ac0 JavaThread "Connection worker"                 [_thread_blocked, id=23700, stack(0x0000002cd8100000,0x0000002cd8200000) (1024K)]
  0x0000017a934d5fc0 JavaThread "pool-551-thread-1"                 [_thread_blocked, id=26720, stack(0x0000002cd8400000,0x0000002cd8500000) (1024K)]
  0x0000017a849856a0 JavaThread "pool-552-thread-1"                 [_thread_blocked, id=35408, stack(0x0000002cd8600000,0x0000002cd8700000) (1024K)]
  0x0000017a9aa2b7f0 JavaThread "Exec process"                      [_thread_in_native, id=29336, stack(0x0000002c90300000,0x0000002c90400000) (1024K)]
  0x0000017a9aa620c0 JavaThread "Connection worker"                 [_thread_blocked, id=36760, stack(0x0000002c9dd00000,0x0000002c9de00000) (1024K)]
  0x0000017a9aa67ca0 JavaThread "Connection worker"                 [_thread_blocked, id=10268, stack(0x0000002c9e800000,0x0000002c9e900000) (1024K)]
  0x0000017a84796990 JavaThread "Connection worker"                 [_thread_blocked, id=24944, stack(0x0000002c9ea00000,0x0000002c9eb00000) (1024K)]
  0x0000017a8479b1c0 JavaThread "Connection worker"                 [_thread_blocked, id=9820, stack(0x0000002c9f400000,0x0000002c9f500000) (1024K)]
  0x0000017a8479ecd0 JavaThread "Connection worker"                 [_thread_blocked, id=15692, stack(0x0000002c9fb00000,0x0000002c9fc00000) (1024K)]
  0x0000017a847a0710 JavaThread "Connection worker"                 [_thread_blocked, id=33228, stack(0x0000002ca0200000,0x0000002ca0300000) (1024K)]
  0x0000017a847a4220 JavaThread "Worker-5795: Initialize workspace"        [_thread_blocked, id=1440, stack(0x0000002cbf500000,0x0000002cbf600000) (1024K)]
  0x0000017a91b358e0 JavaThread "Exec process Thread 2"             [_thread_blocked, id=23280, stack(0x0000002cc0900000,0x0000002cc0a00000) (1024K)]
  0x0000017a91b310b0 JavaThread "Connection worker"                 [_thread_blocked, id=15424, stack(0x0000002c9e900000,0x0000002c9ea00000) (1024K)]
  0x0000017a91b2e950 JavaThread "Connection worker"                 [_thread_blocked, id=25676, stack(0x0000002cc0800000,0x0000002cc0900000) (1024K)]
  0x0000017a91b2d5a0 JavaThread "Connection worker"                 [_thread_blocked, id=33488, stack(0x0000002c9bf00000,0x0000002c9c000000) (1024K)]
  0x0000017a91b34bc0 JavaThread "Connection worker"                 [_thread_blocked, id=25760, stack(0x0000002cbee00000,0x0000002cbef00000) (1024K)]
  0x0000017a91b36600 JavaThread "Worker-5809: Initialize workspace"        [_thread_blocked, id=10584, stack(0x0000002cc0600000,0x0000002cc0700000) (1024K)]
  0x0000017a91b44bb0 JavaThread "pool-553-thread-1"                 [_thread_blocked, id=17392, stack(0x0000002cc1600000,0x0000002cc1700000) (1024K)]
  0x0000017a91b48030 JavaThread "Worker-5814: Initialize workspace"        [_thread_blocked, id=27312, stack(0x0000002cc1200000,0x0000002cc1300000) (1024K)]
  0x0000017a935b6110 JavaThread "Connection worker"                 [_thread_blocked, id=29520, stack(0x0000002cc2200000,0x0000002cc2300000) (1024K)]
  0x0000017a935beae0 JavaThread "Connection worker"                 [_thread_blocked, id=36092, stack(0x0000002cc1f00000,0x0000002cc2000000) (1024K)]
  0x0000017a867e2f50 JavaThread "pool-554-thread-1"                 [_thread_blocked, id=17624, stack(0x0000002cd4900000,0x0000002cd4a00000) (1024K)]
  0x0000017a867e5020 JavaThread "Worker-5822: Initialize workspace"        [_thread_blocked, id=12572, stack(0x0000002cc2a00000,0x0000002cc2b00000) (1024K)]
  0x0000017a867eb290 JavaThread "Connection worker"                 [_thread_blocked, id=33936, stack(0x0000002ca0800000,0x0000002ca0900000) (1024K)]
  0x0000017a867f07e0 JavaThread "pool-555-thread-1"                 [_thread_blocked, id=34008, stack(0x0000002cc2100000,0x0000002cc2200000) (1024K)]
  0x0000017a91629d90 JavaThread "Worker-5835: Initialize workspace"        [_thread_blocked, id=11216, stack(0x0000002cc2f00000,0x0000002cc3000000) (1024K)]
  0x0000017a91629070 JavaThread "Connection worker"                 [_thread_blocked, id=27176, stack(0x0000002c8aa00000,0x0000002c8ab00000) (1024K)]
  0x0000017a935c2c80 JavaThread "Worker-5848: Initialize workspace"        [_thread_blocked, id=28344, stack(0x0000002ca1300000,0x0000002ca1400000) (1024K)]
  0x0000017a935d8850 JavaThread "Connection worker"                 [_thread_blocked, id=8888, stack(0x0000002cbfe00000,0x0000002cbff00000) (1024K)]
  0x0000017a935d1f50 JavaThread "Worker-5860: Initialize workspace"        [_thread_blocked, id=30644, stack(0x0000002c8c400000,0x0000002c8c500000) (1024K)]
  0x0000017a935dc9f0 JavaThread "Connection worker"                 [_thread_blocked, id=6692, stack(0x0000002cac400000,0x0000002cac500000) (1024K)]
  0x0000017a91b3ae30 JavaThread "pool-556-thread-1"                 [_thread_blocked, id=27556, stack(0x0000002ccc000000,0x0000002ccc100000) (1024K)]
  0x0000017a91b3bb50 JavaThread "Worker-5871: Initialize workspace"        [_thread_blocked, id=26380, stack(0x0000002cc1e00000,0x0000002cc1f00000) (1024K)]
  0x0000017a849a1b70 JavaThread "Worker-5882: Initialize workspace"        [_thread_blocked, id=26808, stack(0x0000002cc2900000,0x0000002cc2a00000) (1024K)]
  0x0000017a8498abf0 JavaThread "Connection worker"                 [_thread_blocked, id=14476, stack(0x0000002cc6800000,0x0000002cc6900000) (1024K)]
  0x0000017a8498fab0 JavaThread "Connection worker"                 [_thread_blocked, id=14868, stack(0x0000002ccfa00000,0x0000002ccfb00000) (1024K)]
  0x0000017afe5b5440 JavaThread "Connection worker"                 [_thread_blocked, id=25924, stack(0x0000002cd5200000,0x0000002cd5300000) (1024K)]
  0x0000017aff66f720 JavaThread "Connection worker"                 [_thread_blocked, id=12036, stack(0x0000002cd6300000,0x0000002cd6400000) (1024K)]
  0x0000017aff674c70 JavaThread "pool-557-thread-1"                 [_thread_blocked, id=33196, stack(0x0000002cd2b00000,0x0000002cd2c00000) (1024K)]
  0x0000017a867e1ba0 JavaThread "pool-558-thread-1"                 [_thread_blocked, id=27644, stack(0x0000002cd6f00000,0x0000002cd7000000) (1024K)]
  0x0000017a9558cfa0 JavaThread "pool-559-thread-1"                 [_thread_blocked, id=31684, stack(0x0000002cd7900000,0x0000002cd7a00000) (1024K)]
  0x0000017a95557a80 JavaThread "pool-560-thread-1"                 [_thread_blocked, id=27244, stack(0x0000002cd6e00000,0x0000002cd6f00000) (1024K)]
  0x0000017a95581e70 JavaThread "Worker-5889: Initialize workspace"        [_thread_blocked, id=23960, stack(0x0000002cd4600000,0x0000002cd4700000) (1024K)]
  0x0000017a847a7d30 JavaThread "Connection worker"                 [_thread_blocked, id=26120, stack(0x0000002cd8000000,0x0000002cd8100000) (1024K)]
  0x0000017a847af350 JavaThread "Connection worker"                 [_thread_blocked, id=28628, stack(0x0000002cd8300000,0x0000002cd8400000) (1024K)]
  0x0000017a847a6980 JavaThread "Exec process"                      [_thread_in_native, id=30704, stack(0x0000002cd7d00000,0x0000002cd7e00000) (1024K)]
  0x0000017a935b8f00 JavaThread "pool-561-thread-1"                 [_thread_blocked, id=32792, stack(0x0000002cd8500000,0x0000002cd8600000) (1024K)]
  0x0000017a935c0bb0 JavaThread "pool-562-thread-1"                 [_thread_blocked, id=33396, stack(0x0000002cd7200000,0x0000002cd7300000) (1024K)]
  0x0000017a867df440 JavaThread "Exec process Thread 2"             [_thread_blocked, id=18352, stack(0x0000002cd8700000,0x0000002cd8800000) (1024K)]
  0x0000017a8649a290 JavaThread "Worker-5899: Initialize workspace"        [_thread_blocked, id=32756, stack(0x0000002ca8800000,0x0000002ca8900000) (1024K)]
  0x0000017a8649e430 JavaThread "Exec process"                      [_thread_in_native, id=7996, stack(0x0000002cbdc00000,0x0000002cbdd00000) (1024K)]
  0x0000017a8649fe70 JavaThread "Exec process Thread 2"             [_thread_blocked, id=26124, stack(0x0000002cd8900000,0x0000002cd8a00000) (1024K)]
  0x0000017a864a6e00 JavaThread "Connection worker"                 [_thread_blocked, id=27036, stack(0x0000002cd8800000,0x0000002cd8900000) (1024K)]
  0x0000017a864a25d0 JavaThread "pool-563-thread-1"                 [_thread_blocked, id=28000, stack(0x0000002cd8a00000,0x0000002cd8b00000) (1024K)]
  0x0000017a864a4010 JavaThread "Worker-5909: Initialize workspace"        [_thread_blocked, id=2152, stack(0x0000002cd8c00000,0x0000002cd8d00000) (1024K)]
  0x0000017a864a0500 JavaThread "Connection worker"                 [_thread_blocked, id=27568, stack(0x0000002cd8b00000,0x0000002cd8c00000) (1024K)]
  0x0000017a864a53c0 JavaThread "pool-564-thread-1"                 [_thread_blocked, id=27596, stack(0x0000002cd8d00000,0x0000002cd8e00000) (1024K)]
  0x0000017a864a7b20 JavaThread "Worker-5919: Initialize workspace"        [_thread_blocked, id=6272, stack(0x0000002cd7c00000,0x0000002cd7d00000) (1024K)]
  0x0000017a864a60e0 JavaThread "Connection worker"                 [_thread_blocked, id=5016, stack(0x0000002cd8f00000,0x0000002cd9000000) (1024K)]
  0x0000017a8649f150 JavaThread "pool-565-thread-1"                 [_thread_blocked, id=2856, stack(0x0000002c87b00000,0x0000002c87c00000) (1024K)]
  0x0000017a864a46a0 JavaThread "Worker-5926: Initialize workspace"        [_thread_blocked, id=30752, stack(0x0000002ccde00000,0x0000002ccdf00000) (1024K)]
  0x0000017a864ad070 JavaThread "Connection worker"                 [_thread_blocked, id=33020, stack(0x0000002cd6200000,0x0000002cd6300000) (1024K)]
  0x0000017a864a5a50 JavaThread "pool-566-thread-1"                 [_thread_blocked, id=7492, stack(0x0000002cd6600000,0x0000002cd6700000) (1024K)]
  0x0000017a864ac350 JavaThread "Exec process"                      [_thread_in_native, id=34112, stack(0x0000002cd9300000,0x0000002cd9400000) (1024K)]
  0x0000017a864abcc0 JavaThread "Exec process Thread 2"             [_thread_blocked, id=16588, stack(0x0000002cd9200000,0x0000002cd9300000) (1024K)]
  0x0000017a864a8ed0 JavaThread "Worker-5936: Initialize workspace"        [_thread_blocked, id=32112, stack(0x0000002cd8e00000,0x0000002cd8f00000) (1024K)]
  0x0000017a864ac9e0 JavaThread "Exec process"                      [_thread_in_native, id=21012, stack(0x0000002cd9100000,0x0000002cd9200000) (1024K)]
  0x0000017a864add90 JavaThread "Exec process Thread 2"             [_thread_blocked, id=26344, stack(0x0000002cd9600000,0x0000002cd9700000) (1024K)]
  0x0000017a864b4000 JavaThread "Worker-5943: Initialize workspace"        [_thread_blocked, id=35572, stack(0x0000002cd9000000,0x0000002cd9100000) (1024K)]
  0x0000017a864b32e0 JavaThread "Exec process"                      [_thread_in_native, id=24556, stack(0x0000002cd9700000,0x0000002cd9800000) (1024K)]
  0x0000017a864b6760 JavaThread "Exec process Thread 2"             [_thread_blocked, id=34896, stack(0x0000002cd9b00000,0x0000002cd9c00000) (1024K)]
  0x0000017a864b0b80 JavaThread "Exec process"                      [_thread_in_native, id=30196, stack(0x0000002cd9c00000,0x0000002cd9d00000) (1024K)]
  0x0000017a8647a940 JavaThread "Exec process Thread 2"             [_thread_blocked, id=17556, stack(0x0000002cd9d00000,0x0000002cd9e00000) (1024K)]
  0x0000017a864b18a0 JavaThread "Worker-5951: Initialize workspace"        [_thread_blocked, id=24064, stack(0x0000002cd9400000,0x0000002cd9500000) (1024K)]
  0x0000017a8647e450 JavaThread "Exec process"                      [_thread_in_native, id=7228, stack(0x0000002cd9e00000,0x0000002cd9f00000) (1024K)]
  0x0000017a86482c80 JavaThread "Exec process Thread 2"             [_thread_blocked, id=33612, stack(0x0000002cda100000,0x0000002cda200000) (1024K)]
  0x0000017a8647f800 JavaThread "Connection worker"                 [_thread_blocked, id=19164, stack(0x0000002cda200000,0x0000002cda300000) (1024K)]
  0x0000017a8647b660 JavaThread "Connection worker"                 [_thread_blocked, id=29776, stack(0x0000002cda000000,0x0000002cda100000) (1024K)]
  0x0000017a86481f60 JavaThread "Connection worker"                 [_thread_blocked, id=16576, stack(0x0000002cda400000,0x0000002cda500000) (1024K)]
  0x0000017a864b7480 JavaThread "pool-567-thread-1"                 [_thread_blocked, id=3148, stack(0x0000002cd9a00000,0x0000002cd9b00000) (1024K)]
  0x0000017a86484030 JavaThread "pool-568-thread-1"                 [_thread_blocked, id=36524, stack(0x0000002cda300000,0x0000002cda400000) (1024K)]
  0x0000017a86484d50 JavaThread "Worker-5960: Initialize workspace"        [_thread_blocked, id=31960, stack(0x0000002cda600000,0x0000002cda700000) (1024K)]
  0x0000017a86485a70 JavaThread "pool-569-thread-1"                 [_thread_blocked, id=12848, stack(0x0000002cda800000,0x0000002cda900000) (1024K)]
  0x0000017a86486790 JavaThread "Connection worker"                 [_thread_blocked, id=18948, stack(0x0000002cda900000,0x0000002cdaa00000) (1024K)]
  0x0000017a86483310 JavaThread "Exec process"                      [_thread_in_native, id=19804, stack(0x0000002cdaa00000,0x0000002cdab00000) (1024K)]
  0x0000017a8648a2a0 JavaThread "Exec process Thread 2"             [_thread_blocked, id=25584, stack(0x0000002cdab00000,0x0000002cdac00000) (1024K)]
  0x0000017a8647afd0 JavaThread "pool-570-thread-1"                 [_thread_blocked, id=32208, stack(0x0000002cd9f00000,0x0000002cda000000) (1024K)]
  0x0000017a8647fe90 JavaThread "Exec process"                      [_thread_in_native, id=33464, stack(0x0000002ca0600000,0x0000002ca0700000) (1024K)]
  0x0000017a8648e440 JavaThread "Exec process Thread 2"             [_thread_blocked, id=17520, stack(0x0000002cd9500000,0x0000002cd9600000) (1024K)]
  0x0000017a86486100 JavaThread "Worker-5973"                       [_thread_in_vm, id=34944, stack(0x0000002ca2600000,0x0000002ca2700000) (1024K)]
  0x0000017a8648afc0 JavaThread "Connection worker"                 [_thread_blocked, id=17492, stack(0x0000002cda500000,0x0000002cda600000) (1024K)]
  0x005e6da9cd524700 
[error occurred during error reporting (printing all threads), id 0xc0000005, EXCEPTION_ACCESS_VIOLATION (0xc0000005) at pc=0x00007ffc994ea94c]
VM state: synchronizing (normal execution)

VM Mutex/Monitor currently owned by a thread:  ([mutex/lock_event])
[0x00007ffc9993f5b0] Threads_lock - owner thread: 0x0000017aa28bf9b0
[0x00007ffc9993f6b0] Heap_lock - owner thread: 0x0000017a8648afc0

Heap address: 0x0000000080000000, size: 2048 MB, Compressed Oops mode: 32-bit

CDS archive(s) mapped at: [0x0000017aba000000-0x0000017ababa0000-0x0000017ababa0000), size 12189696, SharedBaseAddress: 0x0000017aba000000, ArchiveRelocationMode: 1.
Compressed class space mapped at: 0x0000017abb000000-0x0000017afb000000, reserved size: 1073741824
Narrow klass base: 0x0000017aba000000, Narrow klass shift: 0, Narrow klass range: 0x100000000

GC Precious Log:
 CardTable entry size: 512
 CPUs: 16 total, 16 available
 Memory: 14182M
 Large Page Support: Disabled
 NUMA Support: Disabled
 Compressed Oops: Enabled (32-bit)
 Alignments: Space 512K, Generation 512K, Heap 2M
 Heap Min Capacity: 100M
 Heap Initial Capacity: 100M
 Heap Max Capacity: 2G
 Pre-touch: Disabled
 Parallel Workers: 13

Heap:
 PSYoungGen      total 13312K, used 13248K [0x00000000d5580000, 0x00000000d6600000, 0x0000000100000000)
  eden space 10752K, 100% used [0x00000000d5580000,0x00000000d6000000,0x00000000d6000000)
  from space 2560K, 97% used [0x00000000d6380000,0x00000000d65f0000,0x00000000d6600000)
  to   space 2560K, 0% used [0x00000000d6100000,0x00000000d6100000,0x00000000d6380000)
 ParOldGen       total 1240576K, used 744687K [0x0000000080000000, 0x00000000cbb80000, 0x00000000d5580000)
  object space 1240576K, 60% used [0x0000000080000000,0x00000000ad73bd28,0x00000000cbb80000)
 Metaspace       used 78608K, committed 84672K, reserved 1179648K
  class space    used 9184K, committed 12224K, reserved 1048576K

Card table byte_map: [0x0000017aa21e0000,0x0000017aa25f0000] _byte_map_base: 0x0000017aa1de0000

Marking Bits: (ParMarkBitMap*) 0x00007ffc999444a0
 Begin Bits: [0x0000017ab4cd0000, 0x0000017ab6cd0000)
 End Bits:   [0x0000017ab6cd0000, 0x0000017ab8cd0000)

Polling page: 0x0000017aa0690000

Metaspace:

Usage:
  Non-class:     67.80 MB used.
      Class:      8.97 MB used.
       Both:     76.77 MB used.

Virtual space:
  Non-class space:      128.00 MB reserved,      70.75 MB ( 55%) committed,  2 nodes.
      Class space:        1.00 GB reserved,      11.94 MB (  1%) committed,  1 nodes.
             Both:        1.12 GB reserved,      82.69 MB (  7%) committed. 

Chunk freelists:
   Non-Class:  11.20 MB
       Class:  6.04 MB
        Both:  17.25 MB

MaxMetaspaceSize: unlimited
CompressedClassSpaceSize: 1.00 GB
Initial GC threshold: 21.00 MB
Current GC threshold: 137.62 MB
CDS: on
 - commit_granule_bytes: 65536.
 - commit_granule_words: 8192.
 - virtual_space_node_default_size: 8388608.
 - enlarge_chunks_in_place: 1.
 - use_allocation_guard: 0.


Internal statistics:

num_allocs_failed_limit: 9.
num_arena_births: 10018.
num_arena_deaths: 7894.
num_vsnodes_births: 3.
num_vsnodes_deaths: 0.
num_space_committed: 1415.
num_space_uncommitted: 63.
num_chunks_returned_to_freelist: 11637.
num_chunks_taken_from_freelist: 17861.
num_chunk_merges: 5710.
num_chunk_splits: 9521.
num_chunks_enlarged: 2151.
num_inconsistent_stats: 0.

CodeHeap 'non-profiled nmethods': size=119168Kb used=16099Kb max_used=16099Kb free=103068Kb
 bounds [0x0000017aad5c0000, 0x0000017aae580000, 0x0000017ab4a20000]
CodeHeap 'profiled nmethods': size=119104Kb used=38642Kb max_used=39064Kb free=80461Kb
 bounds [0x0000017aa5a20000, 0x0000017aa8090000, 0x0000017aace70000]
CodeHeap 'non-nmethods': size=7488Kb used=1442Kb max_used=3251Kb free=6045Kb
 bounds [0x0000017aace70000, 0x0000017aad1e0000, 0x0000017aad5c0000]
CodeCache: size=245760Kb, used=56183Kb, max_used=58414Kb, free=189574Kb
 total_blobs=17704, nmethods=16946, adapters=663, full_count=0
Compilation: enabled, stopped_count=0, restarted_count=0

Compilation events (20 events):
Event: 616.726 Thread 0x0000017afb6ffa90 nmethod 19357 0x0000017aa5c5bc10 code [0x0000017aa5c5be80, 0x0000017aa5c5c8e8]
Event: 616.726 Thread 0x0000017afb6ffa90 19358   !   3       org.eclipse.buildship.core.internal.configuration.BuildConfigurationPersistence::readPreferences (221 bytes)
Event: 616.728 Thread 0x0000017afb6ffa90 nmethod 19358 0x0000017aa63ec510 code [0x0000017aa63eca20, 0x0000017aa63ef0f0]
Event: 616.993 Thread 0x0000017aa28d8cf0 19359       4       org.gradle.internal.logging.sink.OutputEventListenerManager$1::onOutput (33 bytes)
Event: 617.011 Thread 0x0000017aa28d8cf0 nmethod 19359 0x0000017aae577190 code [0x0000017aae577360, 0x0000017aae577658]
Event: 617.106 Thread 0x0000017aa28d8cf0 19360       4       java.lang.Thread::setDaemon (54 bytes)
Event: 617.107 Thread 0x0000017aa28d8cf0 nmethod 19360 0x0000017aae577a10 code [0x0000017aae577ba0, 0x0000017aae577cb0]
Event: 617.167 Thread 0x0000017aa28d8cf0 19361       4       java.util.regex.Pattern::single (82 bytes)
Event: 617.170 Thread 0x0000017aa28d8cf0 nmethod 19361 0x0000017aae577e10 code [0x0000017aae578020, 0x0000017aae5782c8]
Event: 617.191 Thread 0x0000017aa28d8cf0 19362   !   4       org.eclipse.jdt.ls.internal.gradle.checksums.WrapperValidator::checkWrapper (524 bytes)
Event: 617.648 Thread 0x0000017afb6ffa90 19367       3       org.gradle.launcher.daemon.registry.PersistentDaemonRegistry$2::isSatisfiedBy (9 bytes)
Event: 617.648 Thread 0x0000017afb6ffa90 nmethod 19367 0x0000017aa5acd690 code [0x0000017aa5acd840, 0x0000017aa5acdb40]
Event: 617.648 Thread 0x0000017afb6ffa90 19368       3       org.gradle.launcher.daemon.registry.PersistentDaemonRegistry$2::isSatisfiedBy (16 bytes)
Event: 617.648 Thread 0x0000017afb6ffa90 nmethod 19368 0x0000017aa5acd290 code [0x0000017aa5acd440, 0x0000017aa5acd5d8]
Event: 617.649 Thread 0x0000017afb6ffa90 19369       1       org.gradle.launcher.daemon.context.DefaultDaemonContext::getUid (5 bytes)
Event: 617.650 Thread 0x0000017afb6ffa90 nmethod 19369 0x0000017aae578910 code [0x0000017aae578aa0, 0x0000017aae578b68]
Event: 617.650 Thread 0x0000017afb6ffa90 19370       1       org.gradle.launcher.daemon.diagnostics.DaemonStartupInfo::getUid (5 bytes)
Event: 617.650 Thread 0x0000017afb6ffa90 nmethod 19370 0x0000017aae578c10 code [0x0000017aae578da0, 0x0000017aae578e68]
Event: 617.655 Thread 0x0000017afb6ffa90 19371       3       org.gradle.launcher.daemon.registry.DaemonInfo::getUid (10 bytes)
Event: 617.655 Thread 0x0000017afb6ffa90 nmethod 19371 0x0000017aa63ec110 code [0x0000017aa63ec2c0, 0x0000017aa63ec440]

GC Heap History (20 events):
Event: 617.232 GC heap before
{Heap before GC invocations=2885 (full 4):
 PSYoungGen      total 12288K, used 11859K [0x00000000d5580000, 0x00000000d6600000, 0x0000000100000000)
  eden space 10752K, 100% used [0x00000000d5580000,0x00000000d6000000,0x00000000d6000000)
  from space 1536K, 72% used [0x00000000d6480000,0x00000000d6594cc0,0x00000000d6600000)
  to   space 1536K, 0% used [0x00000000d6300000,0x00000000d6300000,0x00000000d6480000)
 ParOldGen       total 1240576K, used 734084K [0x0000000080000000, 0x00000000cbb80000, 0x00000000d5580000)
  object space 1240576K, 59% used [0x0000000080000000,0x00000000acce13d8,0x00000000cbb80000)
 Metaspace       used 78598K, committed 84672K, reserved 1179648K
  class space    used 9182K, committed 12224K, reserved 1048576K
}
Event: 617.242 GC heap after
{Heap after GC invocations=2885 (full 4):
 PSYoungGen      total 12288K, used 1506K [0x00000000d5580000, 0x00000000d6800000, 0x0000000100000000)
  eden space 10752K, 0% used [0x00000000d5580000,0x00000000d5580000,0x00000000d6000000)
  from space 1536K, 98% used [0x00000000d6300000,0x00000000d6478920,0x00000000d6480000)
  to   space 3584K, 0% used [0x00000000d6480000,0x00000000d6480000,0x00000000d6800000)
 ParOldGen       total 1240576K, used 736045K [0x0000000080000000, 0x00000000cbb80000, 0x00000000d5580000)
  object space 1240576K, 59% used [0x0000000080000000,0x00000000acecb418,0x00000000cbb80000)
 Metaspace       used 78598K, committed 84672K, reserved 1179648K
  class space    used 9182K, committed 12224K, reserved 1048576K
}
Event: 617.280 GC heap before
{Heap before GC invocations=2886 (full 4):
 PSYoungGen      total 12288K, used 12258K [0x00000000d5580000, 0x00000000d6800000, 0x0000000100000000)
  eden space 10752K, 99% used [0x00000000d5580000,0x00000000d5fffff8,0x00000000d6000000)
  from space 1536K, 98% used [0x00000000d6300000,0x00000000d6478920,0x00000000d6480000)
  to   space 3584K, 0% used [0x00000000d6480000,0x00000000d6480000,0x00000000d6800000)
 ParOldGen       total 1240576K, used 736055K [0x0000000080000000, 0x00000000cbb80000, 0x00000000d5580000)
  object space 1240576K, 59% used [0x0000000080000000,0x00000000acecdf90,0x00000000cbb80000)
 Metaspace       used 78598K, committed 84672K, reserved 1179648K
  class space    used 9182K, committed 12224K, reserved 1048576K
}
Event: 617.284 GC heap after
{Heap after GC invocations=2886 (full 4):
 PSYoungGen      total 11776K, used 544K [0x00000000d5580000, 0x00000000d6580000, 0x0000000100000000)
  eden space 10752K, 0% used [0x00000000d5580000,0x00000000d5580000,0x00000000d6000000)
  from space 1024K, 53% used [0x00000000d6480000,0x00000000d6508000,0x00000000d6580000)
  to   space 2048K, 0% used [0x00000000d6180000,0x00000000d6180000,0x00000000d6380000)
 ParOldGen       total 1240576K, used 736231K [0x0000000080000000, 0x00000000cbb80000, 0x00000000d5580000)
  object space 1240576K, 59% used [0x0000000080000000,0x00000000acef9fc0,0x00000000cbb80000)
 Metaspace       used 78598K, committed 84672K, reserved 1179648K
  class space    used 9182K, committed 12224K, reserved 1048576K
}
Event: 617.316 GC heap before
{Heap before GC invocations=2887 (full 4):
 PSYoungGen      total 11776K, used 11295K [0x00000000d5580000, 0x00000000d6580000, 0x0000000100000000)
  eden space 10752K, 99% used [0x00000000d5580000,0x00000000d5fffff8,0x00000000d6000000)
  from space 1024K, 53% used [0x00000000d6480000,0x00000000d6508000,0x00000000d6580000)
  to   space 2048K, 0% used [0x00000000d6180000,0x00000000d6180000,0x00000000d6380000)
 ParOldGen       total 1240576K, used 736231K [0x0000000080000000, 0x00000000cbb80000, 0x00000000d5580000)
  object space 1240576K, 59% used [0x0000000080000000,0x00000000acef9fc0,0x00000000cbb80000)
 Metaspace       used 78598K, committed 84672K, reserved 1179648K
  class space    used 9182K, committed 12224K, reserved 1048576K
}
Event: 617.321 GC heap after
{Heap after GC invocations=2887 (full 4):
 PSYoungGen      total 12800K, used 576K [0x00000000d5580000, 0x00000000d6500000, 0x0000000100000000)
  eden space 10752K, 0% used [0x00000000d5580000,0x00000000d5580000,0x00000000d6000000)
  from space 2048K, 28% used [0x00000000d6180000,0x00000000d6210020,0x00000000d6380000)
  to   space 1024K, 0% used [0x00000000d6400000,0x00000000d6400000,0x00000000d6500000)
 ParOldGen       total 1240576K, used 736415K [0x0000000080000000, 0x00000000cbb80000, 0x00000000d5580000)
  object space 1240576K, 59% used [0x0000000080000000,0x00000000acf27fc0,0x00000000cbb80000)
 Metaspace       used 78598K, committed 84672K, reserved 1179648K
  class space    used 9182K, committed 12224K, reserved 1048576K
}
Event: 617.378 GC heap before
{Heap before GC invocations=2888 (full 4):
 PSYoungGen      total 12800K, used 11327K [0x00000000d5580000, 0x00000000d6500000, 0x0000000100000000)
  eden space 10752K, 99% used [0x00000000d5580000,0x00000000d5ffff68,0x00000000d6000000)
  from space 2048K, 28% used [0x00000000d6180000,0x00000000d6210020,0x00000000d6380000)
  to   space 1024K, 0% used [0x00000000d6400000,0x00000000d6400000,0x00000000d6500000)
 ParOldGen       total 1240576K, used 736415K [0x0000000080000000, 0x00000000cbb80000, 0x00000000d5580000)
  object space 1240576K, 59% used [0x0000000080000000,0x00000000acf27fc0,0x00000000cbb80000)
 Metaspace       used 78598K, committed 84672K, reserved 1179648K
  class space    used 9182K, committed 12224K, reserved 1048576K
}
Event: 617.385 GC heap after
{Heap after GC invocations=2888 (full 4):
 PSYoungGen      total 11776K, used 994K [0x00000000d5580000, 0x00000000d6500000, 0x0000000100000000)
  eden space 10752K, 0% used [0x00000000d5580000,0x00000000d5580000,0x00000000d6000000)
  from space 1024K, 97% used [0x00000000d6400000,0x00000000d64f8900,0x00000000d6500000)
  to   space 1536K, 0% used [0x00000000d6200000,0x00000000d6200000,0x00000000d6380000)
 ParOldGen       total 1240576K, used 736800K [0x0000000080000000, 0x00000000cbb80000, 0x00000000d5580000)
  object space 1240576K, 59% used [0x0000000080000000,0x00000000acf88010,0x00000000cbb80000)
 Metaspace       used 78598K, committed 84672K, reserved 1179648K
  class space    used 9182K, committed 12224K, reserved 1048576K
}
Event: 617.409 GC heap before
{Heap before GC invocations=2889 (full 4):
 PSYoungGen      total 11776K, used 11746K [0x00000000d5580000, 0x00000000d6500000, 0x0000000100000000)
  eden space 10752K, 99% used [0x00000000d5580000,0x00000000d5fffff0,0x00000000d6000000)
  from space 1024K, 97% used [0x00000000d6400000,0x00000000d64f8900,0x00000000d6500000)
  to   space 1536K, 0% used [0x00000000d6200000,0x00000000d6200000,0x00000000d6380000)
 ParOldGen       total 1240576K, used 736800K [0x0000000080000000, 0x00000000cbb80000, 0x00000000d5580000)
  object space 1240576K, 59% used [0x0000000080000000,0x00000000acf88010,0x00000000cbb80000)
 Metaspace       used 78598K, committed 84672K, reserved 1179648K
  class space    used 9182K, committed 12224K, reserved 1048576K
}
Event: 617.418 GC heap after
{Heap after GC invocations=2889 (full 4):
 PSYoungGen      total 12288K, used 1523K [0x00000000d5580000, 0x00000000d6c00000, 0x0000000100000000)
  eden space 10752K, 0% used [0x00000000d5580000,0x00000000d5580000,0x00000000d6000000)
  from space 1536K, 99% used [0x00000000d6200000,0x00000000d637cca0,0x00000000d6380000)
  to   space 6144K, 0% used [0x00000000d6600000,0x00000000d6600000,0x00000000d6c00000)
 ParOldGen       total 1240576K, used 740682K [0x0000000080000000, 0x00000000cbb80000, 0x00000000d5580000)
  object space 1240576K, 59% used [0x0000000080000000,0x00000000ad352930,0x00000000cbb80000)
 Metaspace       used 78598K, committed 84672K, reserved 1179648K
  class space    used 9182K, committed 12224K, reserved 1048576K
}
Event: 617.466 GC heap before
{Heap before GC invocations=2890 (full 4):
 PSYoungGen      total 12288K, used 12275K [0x00000000d5580000, 0x00000000d6c00000, 0x0000000100000000)
  eden space 10752K, 100% used [0x00000000d5580000,0x00000000d6000000,0x00000000d6000000)
  from space 1536K, 99% used [0x00000000d6200000,0x00000000d637cca0,0x00000000d6380000)
  to   space 6144K, 0% used [0x00000000d6600000,0x00000000d6600000,0x00000000d6c00000)
 ParOldGen       total 1240576K, used 740682K [0x0000000080000000, 0x00000000cbb80000, 0x00000000d5580000)
  object space 1240576K, 59% used [0x0000000080000000,0x00000000ad352930,0x00000000cbb80000)
 Metaspace       used 78598K, committed 84672K, reserved 1179648K
  class space    used 9182K, committed 12224K, reserved 1048576K
}
Event: 617.472 GC heap after
{Heap after GC invocations=2890 (full 4):
 PSYoungGen      total 12800K, used 1792K [0x00000000d5580000, 0x00000000d6800000, 0x0000000100000000)
  eden space 10752K, 0% used [0x00000000d5580000,0x00000000d5580000,0x00000000d6000000)
  from space 2048K, 87% used [0x00000000d6600000,0x00000000d67c0000,0x00000000d6800000)
  to   space 3584K, 0% used [0x00000000d6100000,0x00000000d6100000,0x00000000d6480000)
 ParOldGen       total 1240576K, used 740826K [0x0000000080000000, 0x00000000cbb80000, 0x00000000d5580000)
  object space 1240576K, 59% used [0x0000000080000000,0x00000000ad376930,0x00000000cbb80000)
 Metaspace       used 78598K, committed 84672K, reserved 1179648K
  class space    used 9182K, committed 12224K, reserved 1048576K
}
Event: 617.535 GC heap before
{Heap before GC invocations=2891 (full 4):
 PSYoungGen      total 12800K, used 12544K [0x00000000d5580000, 0x00000000d6800000, 0x0000000100000000)
  eden space 10752K, 100% used [0x00000000d5580000,0x00000000d6000000,0x00000000d6000000)
  from space 2048K, 87% used [0x00000000d6600000,0x00000000d67c0000,0x00000000d6800000)
  to   space 3584K, 0% used [0x00000000d6100000,0x00000000d6100000,0x00000000d6480000)
 ParOldGen       total 1240576K, used 740826K [0x0000000080000000, 0x00000000cbb80000, 0x00000000d5580000)
  object space 1240576K, 59% used [0x0000000080000000,0x00000000ad376930,0x00000000cbb80000)
 Metaspace       used 78598K, committed 84672K, reserved 1179648K
  class space    used 9182K, committed 12224K, reserved 1048576K
}
Event: 617.539 GC heap after
{Heap after GC invocations=2891 (full 4):
 PSYoungGen      total 14336K, used 448K [0x00000000d5580000, 0x00000000d6680000, 0x0000000100000000)
  eden space 10752K, 0% used [0x00000000d5580000,0x00000000d5580000,0x00000000d6000000)
  from space 3584K, 12% used [0x00000000d6100000,0x00000000d6170000,0x00000000d6480000)
  to   space 1536K, 0% used [0x00000000d6500000,0x00000000d6500000,0x00000000d6680000)
 ParOldGen       total 1240576K, used 740938K [0x0000000080000000, 0x00000000cbb80000, 0x00000000d5580000)
  object space 1240576K, 59% used [0x0000000080000000,0x00000000ad392970,0x00000000cbb80000)
 Metaspace       used 78598K, committed 84672K, reserved 1179648K
  class space    used 9182K, committed 12224K, reserved 1048576K
}
Event: 617.585 GC heap before
{Heap before GC invocations=2892 (full 4):
 PSYoungGen      total 14336K, used 11200K [0x00000000d5580000, 0x00000000d6680000, 0x0000000100000000)
  eden space 10752K, 100% used [0x00000000d5580000,0x00000000d6000000,0x00000000d6000000)
  from space 3584K, 12% used [0x00000000d6100000,0x00000000d6170000,0x00000000d6480000)
  to   space 1536K, 0% used [0x00000000d6500000,0x00000000d6500000,0x00000000d6680000)
 ParOldGen       total 1240576K, used 740938K [0x0000000080000000, 0x00000000cbb80000, 0x00000000d5580000)
  object space 1240576K, 59% used [0x0000000080000000,0x00000000ad392970,0x00000000cbb80000)
 Metaspace       used 78607K, committed 84672K, reserved 1179648K
  class space    used 9184K, committed 12224K, reserved 1048576K
}
Event: 617.590 GC heap after
{Heap after GC invocations=2892 (full 4):
 PSYoungGen      total 12288K, used 1520K [0x00000000d5580000, 0x00000000d6680000, 0x0000000100000000)
  eden space 10752K, 0% used [0x00000000d5580000,0x00000000d5580000,0x00000000d6000000)
  from space 1536K, 98% used [0x00000000d6500000,0x00000000d667c030,0x00000000d6680000)
  to   space 2560K, 0% used [0x00000000d6180000,0x00000000d6180000,0x00000000d6400000)
 ParOldGen       total 1240576K, used 741358K [0x0000000080000000, 0x00000000cbb80000, 0x00000000d5580000)
  object space 1240576K, 59% used [0x0000000080000000,0x00000000ad3fb9c0,0x00000000cbb80000)
 Metaspace       used 78607K, committed 84672K, reserved 1179648K
  class space    used 9184K, committed 12224K, reserved 1048576K
}
Event: 617.606 GC heap before
{Heap before GC invocations=2893 (full 4):
 PSYoungGen      total 12288K, used 12272K [0x00000000d5580000, 0x00000000d6680000, 0x0000000100000000)
  eden space 10752K, 100% used [0x00000000d5580000,0x00000000d6000000,0x00000000d6000000)
  from space 1536K, 98% used [0x00000000d6500000,0x00000000d667c030,0x00000000d6680000)
  to   space 2560K, 0% used [0x00000000d6180000,0x00000000d6180000,0x00000000d6400000)
 ParOldGen       total 1240576K, used 741358K [0x0000000080000000, 0x00000000cbb80000, 0x00000000d5580000)
  object space 1240576K, 59% used [0x0000000080000000,0x00000000ad3fb9c0,0x00000000cbb80000)
 Metaspace       used 78607K, committed 84672K, reserved 1179648K
  class space    used 9184K, committed 12224K, reserved 1048576K
}
Event: 617.614 GC heap after
{Heap after GC invocations=2893 (full 4):
 PSYoungGen      total 13312K, used 2530K [0x00000000d5580000, 0x00000000d6b00000, 0x0000000100000000)
  eden space 10752K, 0% used [0x00000000d5580000,0x00000000d5580000,0x00000000d6000000)
  from space 2560K, 98% used [0x00000000d6180000,0x00000000d63f8940,0x00000000d6400000)
  to   space 5632K, 0% used [0x00000000d6580000,0x00000000d6580000,0x00000000d6b00000)
 ParOldGen       total 1240576K, used 743502K [0x0000000080000000, 0x00000000cbb80000, 0x00000000d5580000)
  object space 1240576K, 59% used [0x0000000080000000,0x00000000ad613a30,0x00000000cbb80000)
 Metaspace       used 78607K, committed 84672K, reserved 1179648K
  class space    used 9184K, committed 12224K, reserved 1048576K
}
Event: 617.642 GC heap before
{Heap before GC invocations=2894 (full 4):
 PSYoungGen      total 13312K, used 13282K [0x00000000d5580000, 0x00000000d6b00000, 0x0000000100000000)
  eden space 10752K, 99% used [0x00000000d5580000,0x00000000d5fffff8,0x00000000d6000000)
  from space 2560K, 98% used [0x00000000d6180000,0x00000000d63f8940,0x00000000d6400000)
  to   space 5632K, 0% used [0x00000000d6580000,0x00000000d6580000,0x00000000d6b00000)
 ParOldGen       total 1240576K, used 743502K [0x0000000080000000, 0x00000000cbb80000, 0x00000000d5580000)
  object space 1240576K, 59% used [0x0000000080000000,0x00000000ad613a30,0x00000000cbb80000)
 Metaspace       used 78607K, committed 84672K, reserved 1179648K
  class space    used 9184K, committed 12224K, reserved 1048576K
}
Event: 617.647 GC heap after
{Heap after GC invocations=2894 (full 4):
 PSYoungGen      total 13312K, used 2483K [0x00000000d5580000, 0x00000000d6800000, 0x0000000100000000)
  eden space 10752K, 0% used [0x00000000d5580000,0x00000000d5580000,0x00000000d6000000)
  from space 2560K, 96% used [0x00000000d6580000,0x00000000d67ecca0,0x00000000d6800000)
  to   space 3584K, 0% used [0x00000000d6100000,0x00000000d6100000,0x00000000d6480000)
 ParOldGen       total 1240576K, used 743750K [0x0000000080000000, 0x00000000cbb80000, 0x00000000d5580000)
  object space 1240576K, 59% used [0x0000000080000000,0x00000000ad651aa0,0x00000000cbb80000)
 Metaspace       used 78607K, committed 84672K, reserved 1179648K
  class space    used 9184K, committed 12224K, reserved 1048576K
}

Dll operation events (20 events):
Event: 0.149 Attempting to load shared library C:\Users\Admin\.vscode\extensions\redhat.java-1.56.0-win32-x64\jre\21.0.12.1-win32-x86_64\bin\zip.dll
Event: 0.149 Loaded shared library C:\Users\Admin\.vscode\extensions\redhat.java-1.56.0-win32-x64\jre\21.0.12.1-win32-x86_64\bin\zip.dll
Event: 0.170 Attempting to load shared library C:\Users\Admin\.vscode\extensions\redhat.java-1.56.0-win32-x64\jre\21.0.12.1-win32-x86_64\bin\jimage.dll
Event: 0.170 Loaded shared library C:\Users\Admin\.vscode\extensions\redhat.java-1.56.0-win32-x64\jre\21.0.12.1-win32-x86_64\bin\jimage.dll
Event: 0.286 Attempting to load shared library c:\Users\Admin\.vscode\extensions\redhat.java-1.56.0-win32-x64\jre\21.0.12.1-win32-x86_64\bin\verify.dll
Event: 0.287 Loaded shared library c:\Users\Admin\.vscode\extensions\redhat.java-1.56.0-win32-x64\jre\21.0.12.1-win32-x86_64\bin\verify.dll
Event: 4.971 Attempting to load shared library C:\Users\Admin\AppData\Roaming\Code\User\globalStorage\redhat.java\1.56.0\config_win\org.eclipse.equinox.launcher\org.eclipse.equinox.launcher.win32.win32.x86_64_1.3.100.v20260804-1928\eclipse_11924.dll
Event: 5.019 Loaded shared library C:\Users\Admin\AppData\Roaming\Code\User\globalStorage\redhat.java\1.56.0\config_win\org.eclipse.equinox.launcher\org.eclipse.equinox.launcher.win32.win32.x86_64_1.3.100.v20260804-1928\eclipse_11924.dll
Event: 13.210 Attempting to load shared library C:\Users\Admin\AppData\Local\Temp\jna-63116079\jna1024840297054386948.dll
Event: 13.263 Loaded shared library C:\Users\Admin\AppData\Local\Temp\jna-63116079\jna1024840297054386948.dll
Event: 44.557 Attempting to load shared library C:\Users\Admin\.vscode\extensions\redhat.java-1.56.0-win32-x64\jre\21.0.12.1-win32-x86_64\bin\management.dll
Event: 44.558 Loaded shared library C:\Users\Admin\.vscode\extensions\redhat.java-1.56.0-win32-x64\jre\21.0.12.1-win32-x86_64\bin\management.dll
Event: 44.560 Attempting to load shared library C:\Users\Admin\.vscode\extensions\redhat.java-1.56.0-win32-x64\jre\21.0.12.1-win32-x86_64\bin\management_ext.dll
Event: 44.560 Loaded shared library C:\Users\Admin\.vscode\extensions\redhat.java-1.56.0-win32-x64\jre\21.0.12.1-win32-x86_64\bin\management_ext.dll
Event: 456.004 Attempting to load shared library C:\Users\Admin\.gradle\native\660c5614fbf4a5f2a75b1949f50a0caf5cd603558e7d8a26e50b933a0cfb79d1\windows-amd64\native-platform.dll
Event: 456.062 Loaded shared library C:\Users\Admin\.gradle\native\660c5614fbf4a5f2a75b1949f50a0caf5cd603558e7d8a26e50b933a0cfb79d1\windows-amd64\native-platform.dll
Event: 457.209 Attempting to load shared library C:\Users\Admin\.vscode\extensions\redhat.java-1.56.0-win32-x64\jre\21.0.12.1-win32-x86_64\bin\extnet.dll
Event: 457.244 Loaded shared library C:\Users\Admin\.vscode\extensions\redhat.java-1.56.0-win32-x64\jre\21.0.12.1-win32-x86_64\bin\extnet.dll
Event: 458.295 Attempting to load shared library C:\Users\Admin\.vscode\extensions\redhat.java-1.56.0-win32-x64\jre\21.0.12.1-win32-x86_64\bin\sunmscapi.dll
Event: 458.338 Loaded shared library C:\Users\Admin\.vscode\extensions\redhat.java-1.56.0-win32-x64\jre\21.0.12.1-win32-x86_64\bin\sunmscapi.dll

Deoptimization events (20 events):
Event: 617.553 Thread 0x0000017a84f12b40 DEOPT PACKING pc=0x0000017aae56c168 sp=0x0000002c927fe100
Event: 617.553 Thread 0x0000017a84f12b40 DEOPT UNPACKING pc=0x0000017aacec3aa2 sp=0x0000002c927fe0b8 mode 2
Event: 617.556 Thread 0x0000017a84f12b40 Uncommon trap: trap_request=0xffffffde fr.pc=0x0000017aad62dcd4 relative=0x00000000000001f4
Event: 617.556 Thread 0x0000017a84f12b40 Uncommon trap: reason=class_check action=maybe_recompile pc=0x0000017aad62dcd4 method=org.gradle.internal.dispatch.ProxyDispatchAdapter$DispatchingInvocationHandler.invoke(Ljava/lang/Object;Ljava/lang/reflect/Method;[Ljava/lang/Object;)Ljava/lang/Object; 
Event: 617.556 Thread 0x0000017a84f12b40 DEOPT PACKING pc=0x0000017aad62dcd4 sp=0x0000002c927fe3b0
Event: 617.556 Thread 0x0000017a84f12b40 DEOPT UNPACKING pc=0x0000017aacec3aa2 sp=0x0000002c927fe330 mode 2
Event: 617.617 Thread 0x0000017a8425dba0 DEOPT PACKING pc=0x0000017aa5d976c6 sp=0x0000002cff6ff620
Event: 617.617 Thread 0x0000017a8425dba0 DEOPT UNPACKING pc=0x0000017aacec4242 sp=0x0000002cff6feb18 mode 0
Event: 617.651 Thread 0x0000017a934cc240 Uncommon trap: trap_request=0xffffffde fr.pc=0x0000017aad62dcd4 relative=0x00000000000001f4
Event: 617.651 Thread 0x0000017a934cc240 Uncommon trap: reason=class_check action=maybe_recompile pc=0x0000017aad62dcd4 method=org.gradle.internal.dispatch.ProxyDispatchAdapter$DispatchingInvocationHandler.invoke(Ljava/lang/Object;Ljava/lang/reflect/Method;[Ljava/lang/Object;)Ljava/lang/Object; 
Event: 617.651 Thread 0x0000017a934cc240 DEOPT PACKING pc=0x0000017aad62dcd4 sp=0x0000002c883fe430
Event: 617.651 Thread 0x0000017a934cc240 DEOPT UNPACKING pc=0x0000017aacec3aa2 sp=0x0000002c883fe3b0 mode 2
Event: 617.654 Thread 0x0000017a86c78430 Uncommon trap: trap_request=0xffffffde fr.pc=0x0000017aad62dcd4 relative=0x00000000000001f4
Event: 617.654 Thread 0x0000017a86c78430 Uncommon trap: reason=class_check action=maybe_recompile pc=0x0000017aad62dcd4 method=org.gradle.internal.dispatch.ProxyDispatchAdapter$DispatchingInvocationHandler.invoke(Ljava/lang/Object;Ljava/lang/reflect/Method;[Ljava/lang/Object;)Ljava/lang/Object; 
Event: 617.654 Thread 0x0000017a86c78430 DEOPT PACKING pc=0x0000017aad62dcd4 sp=0x0000002c895fe740
Event: 617.654 Thread 0x0000017a86c78430 DEOPT UNPACKING pc=0x0000017aacec3aa2 sp=0x0000002c895fe6c0 mode 2
Event: 617.657 Thread 0x0000017a84988b20 Uncommon trap: trap_request=0xffffffde fr.pc=0x0000017aad62dcd4 relative=0x00000000000001f4
Event: 617.657 Thread 0x0000017a84988b20 Uncommon trap: reason=class_check action=maybe_recompile pc=0x0000017aad62dcd4 method=org.gradle.internal.dispatch.ProxyDispatchAdapter$DispatchingInvocationHandler.invoke(Ljava/lang/Object;Ljava/lang/reflect/Method;[Ljava/lang/Object;)Ljava/lang/Object; 
Event: 617.657 Thread 0x0000017a84988b20 DEOPT PACKING pc=0x0000017aad62dcd4 sp=0x0000002ca83fe400
Event: 617.657 Thread 0x0000017a84988b20 DEOPT UNPACKING pc=0x0000017aacec3aa2 sp=0x0000002ca83fe380 mode 2

Classes loaded (20 events):
Event: 460.812 Loading class java/io/ObjectStreamClass$1
Event: 460.813 Loading class java/io/ObjectStreamClass$1 done
Event: 460.813 Loading class java/io/ObjectStreamClass$MemberSignature
Event: 460.813 Loading class java/io/ObjectStreamClass$MemberSignature done
Event: 460.813 Loading class java/io/ObjectStreamClass$3
Event: 460.819 Loading class java/io/ObjectStreamClass$3 done
Event: 460.819 Loading class java/io/ObjectStreamClass$4
Event: 460.819 Loading class java/io/ObjectStreamClass$4 done
Event: 460.821 Loading class java/io/ObjectStreamClass$5
Event: 460.821 Loading class java/io/ObjectStreamClass$5 done
Event: 460.832 Loading class java/io/ObjectStreamClass$ExceptionInfo
Event: 460.832 Loading class java/io/ObjectStreamClass$ExceptionInfo done
Event: 480.427 Loading class java/util/regex/Matcher$ImmutableMatchResult
Event: 480.428 Loading class java/util/regex/Matcher$ImmutableMatchResult done
Event: 523.755 Loading class java/net/Proxy
Event: 523.756 Loading class java/net/Proxy done
Event: 524.905 Loading class sun/reflect/generics/tree/IntSignature
Event: 524.905 Loading class sun/reflect/generics/tree/IntSignature done
Event: 591.261 Loading class sun/net/util/SocketExceptions
Event: 591.261 Loading class sun/net/util/SocketExceptions done

Classes unloaded (20 events):
Event: 487.881 Thread 0x0000017aa28bf9b0 Unloading class 0x0000017abb6b1000 'java/lang/invoke/LambdaForm$DMH+0x0000017abb6b1000'
Event: 487.881 Thread 0x0000017aa28bf9b0 Unloading class 0x0000017abb6b0c00 'java/lang/invoke/LambdaForm$DMH+0x0000017abb6b0c00'
Event: 487.881 Thread 0x0000017aa28bf9b0 Unloading class 0x0000017abb6b0400 'java/lang/invoke/LambdaForm$MH+0x0000017abb6b0400'
Event: 487.881 Thread 0x0000017aa28bf9b0 Unloading class 0x0000017abb6b0000 'java/lang/invoke/LambdaForm$MH+0x0000017abb6b0000'
Event: 487.881 Thread 0x0000017aa28bf9b0 Unloading class 0x0000017abb6afc00 'java/lang/invoke/LambdaForm$MH+0x0000017abb6afc00'
Event: 487.881 Thread 0x0000017aa28bf9b0 Unloading class 0x0000017abb6af800 'java/lang/invoke/LambdaForm$MH+0x0000017abb6af800'
Event: 487.881 Thread 0x0000017aa28bf9b0 Unloading class 0x0000017abb6af400 'java/lang/invoke/LambdaForm$MH+0x0000017abb6af400'
Event: 487.881 Thread 0x0000017aa28bf9b0 Unloading class 0x0000017abb6af000 'java/lang/invoke/LambdaForm$MH+0x0000017abb6af000'
Event: 487.881 Thread 0x0000017aa28bf9b0 Unloading class 0x0000017abb6aec00 'java/lang/invoke/LambdaForm$MH+0x0000017abb6aec00'
Event: 487.881 Thread 0x0000017aa28bf9b0 Unloading class 0x0000017abb6ae800 'java/lang/invoke/LambdaForm$MH+0x0000017abb6ae800'
Event: 487.881 Thread 0x0000017aa28bf9b0 Unloading class 0x0000017abb6adc00 'java/lang/invoke/LambdaForm$MH+0x0000017abb6adc00'
Event: 487.881 Thread 0x0000017aa28bf9b0 Unloading class 0x0000017abb6ad400 'java/lang/invoke/LambdaForm$MH+0x0000017abb6ad400'
Event: 487.881 Thread 0x0000017aa28bf9b0 Unloading class 0x0000017abb6ad000 'java/lang/invoke/LambdaForm$MH+0x0000017abb6ad000'
Event: 487.881 Thread 0x0000017aa28bf9b0 Unloading class 0x0000017abb6acc00 'java/lang/invoke/LambdaForm$MH+0x0000017abb6acc00'
Event: 487.881 Thread 0x0000017aa28bf9b0 Unloading class 0x0000017abb6ac000 'java/lang/invoke/LambdaForm$DMH+0x0000017abb6ac000'
Event: 487.881 Thread 0x0000017aa28bf9b0 Unloading class 0x0000017abb6abc00 'java/lang/invoke/LambdaForm$MH+0x0000017abb6abc00'
Event: 487.881 Thread 0x0000017aa28bf9b0 Unloading class 0x0000017abb6ab800 'java/lang/invoke/LambdaForm$DMH+0x0000017abb6ab800'
Event: 487.881 Thread 0x0000017aa28bf9b0 Unloading class 0x0000017abb6aa800 'java/lang/invoke/LambdaForm$MH+0x0000017abb6aa800'
Event: 487.881 Thread 0x0000017aa28bf9b0 Unloading class 0x0000017abb6aa400 'java/lang/invoke/LambdaForm$MH+0x0000017abb6aa400'
Event: 487.881 Thread 0x0000017aa28bf9b0 Unloading class 0x0000017abb6aa000 'java/lang/invoke/LambdaForm$MH+0x0000017abb6aa000'

Classes redefined (0 events):
No events

Internal exceptions (20 events):
Event: 617.583 Thread 0x0000017a864a46a0 Exception <a 'sun/nio/fs/WindowsException'{0x00000000d5f49520}> (0x00000000d5f49520) 
thrown [s\src\hotspot\share\prims\jni.cpp, line 520]
Event: 617.594 Thread 0x0000017a864a8ed0 Exception <a 'sun/nio/fs/WindowsException'{0x00000000d57790f0}> (0x00000000d57790f0) 
thrown [s\src\hotspot\share\prims\jni.cpp, line 520]
Event: 617.594 Thread 0x0000017a864a8ed0 Exception <a 'sun/nio/fs/WindowsException'{0x00000000d57795f8}> (0x00000000d57795f8) 
thrown [s\src\hotspot\share\prims\jni.cpp, line 520]
Event: 617.594 Thread 0x0000017a864a8ed0 Exception <a 'sun/nio/fs/WindowsException'{0x00000000d5779ee8}> (0x00000000d5779ee8) 
thrown [s\src\hotspot\share\prims\jni.cpp, line 520]
Event: 617.594 Thread 0x0000017a864a8ed0 Exception <a 'sun/nio/fs/WindowsException'{0x00000000d577a3d0}> (0x00000000d577a3d0) 
thrown [s\src\hotspot\share\prims\jni.cpp, line 520]
Event: 617.595 Thread 0x0000017a864a8ed0 Exception <a 'sun/nio/fs/WindowsException'{0x00000000d577b640}> (0x00000000d577b640) 
thrown [s\src\hotspot\share\prims\jni.cpp, line 520]
Event: 617.595 Thread 0x0000017a864a8ed0 Exception <a 'sun/nio/fs/WindowsException'{0x00000000d577bb28}> (0x00000000d577bb28) 
thrown [s\src\hotspot\share\prims\jni.cpp, line 520]
Event: 617.597 Thread 0x0000017a864b4000 Exception <a 'sun/nio/fs/WindowsException'{0x00000000d577cfc8}> (0x00000000d577cfc8) 
thrown [s\src\hotspot\share\prims\jni.cpp, line 520]
Event: 617.597 Thread 0x0000017a864b4000 Exception <a 'sun/nio/fs/WindowsException'{0x00000000d577d4d0}> (0x00000000d577d4d0) 
thrown [s\src\hotspot\share\prims\jni.cpp, line 520]
Event: 617.597 Thread 0x0000017a864b4000 Exception <a 'sun/nio/fs/WindowsException'{0x00000000d577ddc0}> (0x00000000d577ddc0) 
thrown [s\src\hotspot\share\prims\jni.cpp, line 520]
Event: 617.597 Thread 0x0000017a864b4000 Exception <a 'sun/nio/fs/WindowsException'{0x00000000d577e2a8}> (0x00000000d577e2a8) 
thrown [s\src\hotspot\share\prims\jni.cpp, line 520]
Event: 617.598 Thread 0x0000017a864b4000 Exception <a 'sun/nio/fs/WindowsException'{0x00000000d5abf838}> (0x00000000d5abf838) 
thrown [s\src\hotspot\share\prims\jni.cpp, line 520]
Event: 617.598 Thread 0x0000017a864b4000 Exception <a 'sun/nio/fs/WindowsException'{0x00000000d5abfd20}> (0x00000000d5abfd20) 
thrown [s\src\hotspot\share\prims\jni.cpp, line 520]
Event: 617.655 Thread 0x0000017afeec2800 Exception <a 'java/net/ConnectException'{0x00000000d57d1b80}: Connection refused: getsockopt> (0x00000000d57d1b80) 
thrown [s\src\hotspot\share\prims\jni.cpp, line 539]
Event: 617.668 Thread 0x0000017a864b18a0 Exception <a 'sun/nio/fs/WindowsException'{0x00000000d5a46750}> (0x00000000d5a46750) 
thrown [s\src\hotspot\share\prims\jni.cpp, line 520]
Event: 617.668 Thread 0x0000017a864b18a0 Exception <a 'sun/nio/fs/WindowsException'{0x00000000d5a5d1f0}> (0x00000000d5a5d1f0) 
thrown [s\src\hotspot\share\prims\jni.cpp, line 520]
Event: 617.669 Thread 0x0000017a864b18a0 Exception <a 'sun/nio/fs/WindowsException'{0x00000000d5a5dae0}> (0x00000000d5a5dae0) 
thrown [s\src\hotspot\share\prims\jni.cpp, line 520]
Event: 617.669 Thread 0x0000017a864b18a0 Exception <a 'sun/nio/fs/WindowsException'{0x00000000d5a5dfc8}> (0x00000000d5a5dfc8) 
thrown [s\src\hotspot\share\prims\jni.cpp, line 520]
Event: 617.669 Thread 0x0000017a864b18a0 Exception <a 'sun/nio/fs/WindowsException'{0x00000000d5a613a0}> (0x00000000d5a613a0) 
thrown [s\src\hotspot\share\prims\jni.cpp, line 520]
Event: 617.669 Thread 0x0000017a864b18a0 Exception <a 'sun/nio/fs/WindowsException'{0x00000000d5a6c378}> (0x00000000d5a6c378) 
thrown [s\src\hotspot\share\prims\jni.cpp, line 520]

ZGC Phase Switch (0 events):
No events

VM Operations (20 events):
Event: 617.242 Executing safepoint VM operation: ParallelGCSystemGC (GCLocker Initiated GC) done
Event: 617.279 Executing safepoint VM operation: ParallelGCFailedAllocation (Allocation Failure)
Event: 617.285 Executing safepoint VM operation: ParallelGCFailedAllocation (Allocation Failure) done
Event: 617.315 Executing safepoint VM operation: ParallelGCFailedAllocation (Allocation Failure)
Event: 617.321 Executing safepoint VM operation: ParallelGCFailedAllocation (Allocation Failure) done
Event: 617.360 Executing safepoint VM operation: ParallelGCFailedAllocation (Allocation Failure)
Event: 617.385 Executing safepoint VM operation: ParallelGCFailedAllocation (Allocation Failure) done
Event: 617.409 Executing safepoint VM operation: ParallelGCFailedAllocation (Allocation Failure)
Event: 617.419 Executing safepoint VM operation: ParallelGCFailedAllocation (Allocation Failure) done
Event: 617.465 Executing safepoint VM operation: ParallelGCFailedAllocation (Allocation Failure)
Event: 617.472 Executing safepoint VM operation: ParallelGCFailedAllocation (Allocation Failure) done
Event: 617.534 Executing safepoint VM operation: ParallelGCFailedAllocation (Allocation Failure)
Event: 617.539 Executing safepoint VM operation: ParallelGCFailedAllocation (Allocation Failure) done
Event: 617.585 Executing safepoint VM operation: ParallelGCFailedAllocation (Allocation Failure)
Event: 617.590 Executing safepoint VM operation: ParallelGCFailedAllocation (Allocation Failure) done
Event: 617.601 Executing safepoint VM operation: ParallelGCFailedAllocation (Allocation Failure)
Event: 617.614 Executing safepoint VM operation: ParallelGCFailedAllocation (Allocation Failure) done
Event: 617.641 Executing safepoint VM operation: ParallelGCFailedAllocation (Allocation Failure)
Event: 617.647 Executing safepoint VM operation: ParallelGCFailedAllocation (Allocation Failure) done
Event: 617.678 Executing safepoint VM operation: ParallelGCFailedAllocation (Allocation Failure)

Memory protections (0 events):
No events

Nmethod flushes (20 events):
Event: 487.993 Thread 0x0000017aa28bf9b0 flushing  nmethod 0x0000017aa6c88e90
Event: 487.993 Thread 0x0000017aa28bf9b0 flushing  nmethod 0x0000017aa6c94f90
Event: 487.993 Thread 0x0000017aa28bf9b0 flushing  nmethod 0x0000017aa6c96410
Event: 487.993 Thread 0x0000017aa28bf9b0 flushing  nmethod 0x0000017aa6cbac90
Event: 487.993 Thread 0x0000017aa28bf9b0 flushing  nmethod 0x0000017aa6cf7710
Event: 487.993 Thread 0x0000017aa28bf9b0 flushing  nmethod 0x0000017aa6cf9810
Event: 487.993 Thread 0x0000017aa28bf9b0 flushing  nmethod 0x0000017aa6d04f90
Event: 487.993 Thread 0x0000017aa28bf9b0 flushing  nmethod 0x0000017aa6d07d90
Event: 487.993 Thread 0x0000017aa28bf9b0 flushing  nmethod 0x0000017aa6d09e10
Event: 487.993 Thread 0x0000017aa28bf9b0 flushing  nmethod 0x0000017aa6d20710
Event: 487.993 Thread 0x0000017aa28bf9b0 flushing  nmethod 0x0000017aa6d40210
Event: 487.993 Thread 0x0000017aa28bf9b0 flushing  nmethod 0x0000017aa6d40710
Event: 487.993 Thread 0x0000017aa28bf9b0 flushing  nmethod 0x0000017aa6d41010
Event: 487.993 Thread 0x0000017aa28bf9b0 flushing  nmethod 0x0000017aa6d54690
Event: 487.993 Thread 0x0000017aa28bf9b0 flushing  nmethod 0x0000017aa6d61f10
Event: 487.993 Thread 0x0000017aa28bf9b0 flushing  nmethod 0x0000017aa6db0b90
Event: 487.993 Thread 0x0000017aa28bf9b0 flushing  nmethod 0x0000017aa6dc2c90
Event: 487.993 Thread 0x0000017aa28bf9b0 flushing  nmethod 0x0000017aa6dcd690
Event: 487.993 Thread 0x0000017aa28bf9b0 flushing  nmethod 0x0000017aa6dce090
Event: 487.993 Thread 0x0000017aa28bf9b0 flushing  nmethod 0x0000017aa6e22690

Events (20 events):
Event: 617.617 Thread 0x0000017a864b7480 Thread exited: 0x0000017a864b7480
Event: 617.618 Thread 0x0000017a864b1f30 Thread exited: 0x0000017a864b1f30
Event: 617.618 Thread 0x0000017a85815370 Thread added: 0x0000017a864b1f30
Event: 617.621 Thread 0x0000017a86483310 Thread added: 0x0000017a864b7480
Event: 617.623 Thread 0x0000017a864b1f30 Thread added: 0x0000017a8647afd0
Event: 617.624 Thread 0x0000017a864b1f30 Thread added: 0x0000017a8647fe90
Event: 617.626 Thread 0x0000017a8647afd0 Thread exited: 0x0000017a8647afd0
Event: 617.628 Thread 0x0000017a86483310 Thread added: 0x0000017a8647afd0
Event: 617.629 Thread 0x0000017a864b7480 Thread exited: 0x0000017a864b7480
Event: 617.632 Thread 0x0000017a8647f800 Thread added: 0x0000017a864b7480
Event: 617.635 Thread 0x0000017a8647afd0 Thread added: 0x0000017a86484030
Event: 617.635 Thread 0x0000017a86483310 Thread exited: 0x0000017a86483310
Event: 617.638 Thread 0x0000017a86484030 Thread exited: 0x0000017a86484030
Event: 617.639 Thread 0x0000017a8647b660 Thread added: 0x0000017a86484030
Event: 617.649 Thread 0x0000017a85513bc0 Thread added: 0x0000017a86484d50
Event: 617.650 Thread 0x0000017a86484d50 Thread added: 0x0000017a86485a70
Event: 617.651 Thread 0x0000017a86485a70 Thread added: 0x0000017a86486100
Event: 617.652 Thread 0x0000017a86486100 Thread exited: 0x0000017a86486100
Event: 617.652 Thread 0x0000017a86485a70 Thread exited: 0x0000017a86485a70
Event: 617.667 Thread 0x0000017a864b18a0 Thread added: 0x0000017a86486100


Dynamic libraries:
0x00007ff667660000 - 0x00007ff66766e000 	c:\Users\Admin\.vscode\extensions\redhat.java-1.56.0-win32-x64\jre\21.0.12.1-win32-x86_64\bin\java.exe
0x00007ffd01280000 - 0x00007ffd014e6000 	C:\Windows\SYSTEM32\ntdll.dll
0x00007ffcff8c0000 - 0x00007ffcff989000 	C:\Windows\System32\KERNEL32.DLL
0x00007ffcfe810000 - 0x00007ffcfec0e000 	C:\Windows\System32\KERNELBASE.dll
0x00007ffcfed90000 - 0x00007ffcfeedc000 	C:\Windows\System32\ucrtbase.dll
0x00007ffcd2880000 - 0x00007ffcd289e000 	c:\Users\Admin\.vscode\extensions\redhat.java-1.56.0-win32-x64\jre\21.0.12.1-win32-x86_64\bin\VCRUNTIME140.dll
0x00007ffcd58b0000 - 0x00007ffcd58c8000 	c:\Users\Admin\.vscode\extensions\redhat.java-1.56.0-win32-x64\jre\21.0.12.1-win32-x86_64\bin\jli.dll
0x00007ffd006f0000 - 0x00007ffd008b7000 	C:\Windows\System32\USER32.dll
0x00007ffcfeef0000 - 0x00007ffcfef17000 	C:\Windows\System32\win32u.dll
0x00007ffce5290000 - 0x00007ffce5522000 	C:\Windows\WinSxS\amd64_microsoft.windows.common-controls_6595b64144ccf1df_6.0.26100.8875_none_3e0d5d42e32fe9dd\COMCTL32.dll
0x00007ffcff890000 - 0x00007ffcff8bb000 	C:\Windows\System32\GDI32.dll
0x00007ffcfefb0000 - 0x00007ffcff059000 	C:\Windows\System32\msvcrt.dll
0x00007ffcfe620000 - 0x00007ffcfe74a000 	C:\Windows\System32\gdi32full.dll
0x00007ffcfec20000 - 0x00007ffcfecc3000 	C:\Windows\System32\msvcp_win.dll
0x00007ffcff060000 - 0x00007ffcff092000 	C:\Windows\System32\IMM32.DLL
0x00007ffcfac60000 - 0x00007ffcfac6c000 	c:\Users\Admin\.vscode\extensions\redhat.java-1.56.0-win32-x64\jre\21.0.12.1-win32-x86_64\bin\vcruntime140_1.dll
0x00007ffcd0f50000 - 0x00007ffcd0fdd000 	c:\Users\Admin\.vscode\extensions\redhat.java-1.56.0-win32-x64\jre\21.0.12.1-win32-x86_64\bin\msvcp140.dll
0x00007ffc98c80000 - 0x00007ffc99a22000 	c:\Users\Admin\.vscode\extensions\redhat.java-1.56.0-win32-x64\jre\21.0.12.1-win32-x86_64\bin\server\jvm.dll
0x00007ffcffe00000 - 0x00007ffcffeb7000 	C:\Windows\System32\ADVAPI32.dll
0x00007ffcff560000 - 0x00007ffcff60a000 	C:\Windows\System32\sechost.dll
0x00007ffd00af0000 - 0x00007ffd00c08000 	C:\Windows\System32\RPCRT4.dll
0x00007ffcff7f0000 - 0x00007ffcff870000 	C:\Windows\System32\WS2_32.dll
0x00007ffcfe300000 - 0x00007ffcfe35e000 	C:\Windows\SYSTEM32\POWRPROF.dll
0x00007ffcf6130000 - 0x00007ffcf6166000 	C:\Windows\SYSTEM32\WINMM.dll
0x00007ffcf7eb0000 - 0x00007ffcf7ebb000 	C:\Windows\SYSTEM32\VERSION.dll
0x00007ffcfe2e0000 - 0x00007ffcfe2f4000 	C:\Windows\SYSTEM32\UMPDC.dll
0x00007ffcfd180000 - 0x00007ffcfd19b000 	C:\Windows\SYSTEM32\kernel.appcore.dll
0x00007ffcf30a0000 - 0x00007ffcf30aa000 	c:\Users\Admin\.vscode\extensions\redhat.java-1.56.0-win32-x64\jre\21.0.12.1-win32-x86_64\bin\jimage.dll
0x00007ffcfbbf0000 - 0x00007ffcfbe32000 	C:\Windows\SYSTEM32\DBGHELP.DLL
0x00007ffcff1d0000 - 0x00007ffcff553000 	C:\Windows\System32\combase.dll
0x00007ffcff9f0000 - 0x00007ffcffac9000 	C:\Windows\System32\OLEAUT32.dll
0x00007ffce75b0000 - 0x00007ffce75eb000 	C:\Windows\SYSTEM32\dbgcore.DLL
0x00007ffcfe750000 - 0x00007ffcfe7fc000 	C:\Windows\System32\bcryptPrimitives.dll
0x00007ffcdf480000 - 0x00007ffcdf48f000 	c:\Users\Admin\.vscode\extensions\redhat.java-1.56.0-win32-x64\jre\21.0.12.1-win32-x86_64\bin\instrument.dll
0x00007ffcd1dd0000 - 0x00007ffcd1df0000 	c:\Users\Admin\.vscode\extensions\redhat.java-1.56.0-win32-x64\jre\21.0.12.1-win32-x86_64\bin\java.dll
0x00007ffcffec0000 - 0x00007ffd00652000 	C:\Windows\System32\SHELL32.dll
0x00007ffcfbe40000 - 0x00007ffcfc6d2000 	C:\Windows\SYSTEM32\windows.storage.dll
0x00007ffcff610000 - 0x00007ffcff707000 	C:\Windows\System32\SHCORE.dll
0x00007ffd00a80000 - 0x00007ffd00ae7000 	C:\Windows\System32\shlwapi.dll
0x00007ffcfe3c0000 - 0x00007ffcfe3e9000 	C:\Windows\SYSTEM32\profapi.dll
0x00007ffcd1cc0000 - 0x00007ffcd1cd8000 	c:\Users\Admin\.vscode\extensions\redhat.java-1.56.0-win32-x64\jre\21.0.12.1-win32-x86_64\bin\zip.dll
0x00007ffcdf6f0000 - 0x00007ffcdf700000 	C:\Users\Admin\.vscode\extensions\redhat.java-1.56.0-win32-x64\jre\21.0.12.1-win32-x86_64\bin\net.dll
0x00007ffcf6170000 - 0x00007ffcf6297000 	C:\Windows\SYSTEM32\WINHTTP.dll
0x00007ffcfd730000 - 0x00007ffcfd79c000 	C:\Windows\system32\mswsock.dll
0x00007ffcd1ca0000 - 0x00007ffcd1cb6000 	C:\Users\Admin\.vscode\extensions\redhat.java-1.56.0-win32-x64\jre\21.0.12.1-win32-x86_64\bin\nio.dll
0x00007ffcdafb0000 - 0x00007ffcdafc0000 	c:\Users\Admin\.vscode\extensions\redhat.java-1.56.0-win32-x64\jre\21.0.12.1-win32-x86_64\bin\verify.dll
0x00007ffcd17b0000 - 0x00007ffcd17f5000 	C:\Users\Admin\AppData\Roaming\Code\User\globalStorage\redhat.java\1.56.0\config_win\org.eclipse.equinox.launcher\org.eclipse.equinox.launcher.win32.win32.x86_64_1.3.100.v20260804-1928\eclipse_11924.dll
0x00007ffd010a0000 - 0x00007ffd01239000 	C:\Windows\System32\ole32.dll
0x00007ffcfda30000 - 0x00007ffcfda4b000 	C:\Windows\SYSTEM32\CRYPTSP.dll
0x00007ffcfd0e0000 - 0x00007ffcfd119000 	C:\Windows\system32\rsaenh.dll
0x00007ffcfd7f0000 - 0x00007ffcfd822000 	C:\Windows\SYSTEM32\USERENV.dll
0x00007ffcfe390000 - 0x00007ffcfe3ba000 	C:\Windows\SYSTEM32\bcrypt.dll
0x00007ffcfda50000 - 0x00007ffcfda5c000 	C:\Windows\SYSTEM32\CRYPTBASE.dll
0x00007ffcfcb50000 - 0x00007ffcfcb83000 	C:\Windows\SYSTEM32\IPHLPAPI.DLL
0x00007ffcff760000 - 0x00007ffcff76a000 	C:\Windows\System32\NSI.dll
0x00007ffccbf00000 - 0x00007ffccbf49000 	C:\Users\Admin\AppData\Local\Temp\jna-63116079\jna1024840297054386948.dll
0x00007ffcff880000 - 0x00007ffcff888000 	C:\Windows\System32\PSAPI.DLL
0x00007ffcf5fd0000 - 0x00007ffcf5fed000 	C:\Windows\SYSTEM32\dhcpcsvc6.DLL
0x00007ffcf5b20000 - 0x00007ffcf5b45000 	C:\Windows\SYSTEM32\dhcpcsvc.DLL
0x00007ffcd7e30000 - 0x00007ffcd7e3a000 	C:\Users\Admin\.vscode\extensions\redhat.java-1.56.0-win32-x64\jre\21.0.12.1-win32-x86_64\bin\management.dll
0x00007ffcd5f00000 - 0x00007ffcd5f0c000 	C:\Users\Admin\.vscode\extensions\redhat.java-1.56.0-win32-x64\jre\21.0.12.1-win32-x86_64\bin\management_ext.dll
0x00007ffccfdc0000 - 0x00007ffccfde7000 	C:\Users\Admin\.gradle\native\660c5614fbf4a5f2a75b1949f50a0caf5cd603558e7d8a26e50b933a0cfb79d1\windows-amd64\native-platform.dll
0x00007ffcd3fd0000 - 0x00007ffcd3fd9000 	C:\Users\Admin\.vscode\extensions\redhat.java-1.56.0-win32-x64\jre\21.0.12.1-win32-x86_64\bin\extnet.dll
0x00007ffcf8d10000 - 0x00007ffcf8d1e000 	C:\Users\Admin\.vscode\extensions\redhat.java-1.56.0-win32-x64\jre\21.0.12.1-win32-x86_64\bin\sunmscapi.dll
0x00007ffcfe4a0000 - 0x00007ffcfe618000 	C:\Windows\System32\CRYPT32.dll
0x00007ffcfdc70000 - 0x00007ffcfdca0000 	C:\Windows\SYSTEM32\ncrypt.dll
0x00007ffcfdc20000 - 0x00007ffcfdc5f000 	C:\Windows\SYSTEM32\NTASN1.dll
0x00007ffcf8ce0000 - 0x00007ffcf8ce8000 	C:\Windows\system32\wshunix.dll

JVMTI agents:
c:\Users\Admin\.vscode\extensions\redhat.java-1.56.0-win32-x64\lombok\lombok-1.18.39-4050.jar path:c:\Users\Admin\.vscode\extensions\redhat.java-1.56.0-win32-x64\jre\21.0.12.1-win32-x86_64\bin\instrument.dll, loaded, initialized, instrumentlib options:none

dbghelp: loaded successfully - version: 4.0.5 - missing functions: none
symbol engine: initialized successfully - sym options: 0x614 - pdb path: .;c:\Users\Admin\.vscode\extensions\redhat.java-1.56.0-win32-x64\jre\21.0.12.1-win32-x86_64\bin;C:\Windows\SYSTEM32;C:\Windows\WinSxS\amd64_microsoft.windows.common-controls_6595b64144ccf1df_6.0.26100.8875_none_3e0d5d42e32fe9dd;c:\Users\Admin\.vscode\extensions\redhat.java-1.56.0-win32-x64\jre\21.0.12.1-win32-x86_64\bin\server;C:\Users\Admin\AppData\Roaming\Code\User\globalStorage\redhat.java\1.56.0\config_win\org.eclipse.equinox.launcher\org.eclipse.equinox.launcher.win32.win32.x86_64_1.3.100.v20260804-1928;C:\Users\Admin\AppData\Local\Temp\jna-63116079;C:\Users\Admin\.gradle\native\660c5614fbf4a5f2a75b1949f50a0caf5cd603558e7d8a26e50b933a0cfb79d1\windows-amd64

VM Arguments:
jvm_args: --add-modules=ALL-SYSTEM --add-opens=java.base/java.util=ALL-UNNAMED --add-opens=java.base/java.lang=ALL-UNNAMED --add-opens=java.base/sun.nio.fs=ALL-UNNAMED -Declipse.application=org.eclipse.jdt.ls.core.id1 -Dosgi.bundles.defaultStartLevel=4 -Declipse.product=org.eclipse.jdt.ls.core.product -Djava.import.generatesMetadataFilesAtProjectRoot=false -Dm2e.project.cache.size=50 -DDetectVMInstallationsJob.disabled=true -Dfile.encoding=utf8 -XX:+UseParallelGC -XX:GCTimeRatio=4 -XX:AdaptiveSizePolicyWeight=90 -Dsun.zip.disableMemoryMapping=true -Xmx2G -Xms100m -Xlog:disable -javaagent:c:\Users\Admin\.vscode\extensions\redhat.java-1.56.0-win32-x64\lombok\lombok-1.18.39-4050.jar -XX:+HeapDumpOnOutOfMemoryError -XX:HeapDumpPath=c:\Users\Admin\AppData\Roaming\Code\User\workspaceStorage\fe9b7e4859be01d7a7f14db2855ea8b4\redhat.java -Daether.dependencyCollector.impl=bf 
java_command: c:\Users\Admin\.vscode\extensions\redhat.java-1.56.0-win32-x64\server\plugins\org.eclipse.equinox.launcher_1.8.0.v20260804-1928.jar -configuration c:\Users\Admin\AppData\Roaming\Code\User\globalStorage\redhat.java\1.56.0\config_win -data c:\Users\Admin\AppData\Roaming\Code\User\workspaceStorage\fe9b7e4859be01d7a7f14db2855ea8b4\redhat.java\jdt_ws --pipe=\\.\pipe\lsp-9eaeca19c94a6c9676806071df221450-sock
java_class_path (initial): c:\Users\Admin\.vscode\extensions\redhat.java-1.56.0-win32-x64\server\plugins\org.eclipse.equinox.launcher_1.8.0.v20260804-1928.jar
Launcher Type: SUN_STANDARD

[Global flags]
    uintx AdaptiveSizePolicyWeight                 = 90                                        {product} {command line}
     intx CICompilerCount                          = 12                                        {product} {ergonomic}
    uintx GCTimeRatio                              = 4                                         {product} {command line}
     bool HeapDumpOnOutOfMemoryError               = true                                   {manageable} {command line}
    ccstr HeapDumpPath                             = c:\Users\Admin\AppData\Roaming\Code\User\workspaceStorage\fe9b7e4859be01d7a7f14db2855ea8b4\redhat.java         {manageable} {command line}
   size_t InitialHeapSize                          = 104857600                                 {product} {command line}
   size_t MaxHeapSize                              = 2147483648                                {product} {command line}
   size_t MaxNewSize                               = 715653120                                 {product} {ergonomic}
   size_t MinHeapDeltaBytes                        = 524288                                    {product} {ergonomic}
   size_t MinHeapSize                              = 104857600                                 {product} {command line}
   size_t NewSize                                  = 34603008                                  {product} {ergonomic}
    uintx NonNMethodCodeHeapSize                   = 7602480                                {pd product} {ergonomic}
    uintx NonProfiledCodeHeapSize                  = 122027880                              {pd product} {ergonomic}
   size_t OldSize                                  = 70254592                                  {product} {ergonomic}
    uintx ProfiledCodeHeapSize                     = 122027880                              {pd product} {ergonomic}
    uintx ReservedCodeCacheSize                    = 251658240                              {pd product} {ergonomic}
     bool SegmentedCodeCache                       = true                                      {product} {ergonomic}
   size_t SoftMaxHeapSize                          = 2147483648                             {manageable} {ergonomic}
     bool UseCompressedOops                        = true                           {product lp64_product} {ergonomic}
     bool UseLargePagesIndividualAllocation        = false                                  {pd product} {ergonomic}
     bool UseParallelGC                            = true                                      {product} {command line}

Logging:
Log output configuration:
 #0: stdout all=off uptime,level,tags foldmultilines=false
 #1: stderr all=off uptime,level,tags foldmultilines=false

Release file:
JAVA_VERSION="21.0.12.1" 
MODULES="java.base java.compiler java.datatransfer java.xml java.prefs java.desktop java.instrument java.logging java.management java.security.sasl java.naming java.rmi java.management.rmi java.net.http java.scripting java.security.jgss java.transaction.xa java.sql java.sql.rowset java.xml.crypto java.se java.smartcardio jdk.accessibility jdk.internal.jvmstat jdk.attach jdk.charsets jdk.internal.opt jdk.zipfs jdk.compiler jdk.crypto.ec jdk.crypto.cryptoki jdk.crypto.mscapi jdk.dynalink jdk.internal.ed jdk.editpad jdk.hotspot.agent jdk.httpserver jdk.internal.le jdk.internal.vm.ci jdk.internal.vm.compiler jdk.internal.vm.compiler.management jdk.jartool jdk.javadoc jdk.jcmd jdk.management jdk.management.agent jdk.jconsole jdk.jdeps jdk.jdwp.agent jdk.jdi jdk.jfr jdk.jshell jdk.jsobject jdk.jstatd jdk.localedata jdk.management.jfr jdk.naming.dns jdk.naming.rmi jdk.net jdk.nio.mapmode jdk.random jdk.sctp jdk.security.auth jdk.security.jgss jdk.unsupported jdk.unsupported.desktop jdk.xml.dom" 

Environment Variables:
PATH=C:\Program Files\Eclipse Adoptium\jdk-17.0.20.8-hotspot\bin;C:\Windows\system32;C:\Windows;C:\Windows\System32\Wbem;C:\Windows\System32\WindowsPowerShell\v1.0\;C:\Windows\System32\OpenSSH\;C:\Program Files\Git\cmd;C:\Users\Admin\AppData\Local\Microsoft\WindowsApps;C:\Users\Admin\AppData\Local\Programs\Microsoft VS Code\bin;C:\Program Files\swipl\bin;C:\Program Files (x86)\flutter\bin;
USERNAME=Admin
OS=Windows_NT
PROCESSOR_IDENTIFIER=AMD64 Family 25 Model 80 Stepping 0, AuthenticAMD
TMP=C:\Users\Admin\AppData\Local\Temp
TEMP=C:\Users\Admin\AppData\Local\Temp




Periodic native trim disabled

---------------  S Y S T E M  ---------------

OS:
 Windows 11 , 64 bit Build 26100 (10.0.26100.8875)
OS uptime: 0 days 0:12 hours

CPU: total 16 (initial active 16) (16 cores per cpu, 2 threads per core) family 25 model 80 stepping 0 microcode 0xa500011, cx8, cmov, fxsr, ht, mmx, 3dnowpref, sse, sse2, sse3, ssse3, sse4a, sse4.1, sse4.2, popcnt, lzcnt, tsc, tscinvbit, avx, avx2, aes, erms, clmul, bmi1, bmi2, adx, sha, fma, vzeroupper, clflush, clflushopt, rdtscp, rdpid, fsrm, f16c, pku, cet_ss
Processor Information for processor 0
  Max Mhz: 3201, Current Mhz: 3201, Mhz Limit: 3201
Processor Information for processor 1
  Max Mhz: 3201, Current Mhz: 3201, Mhz Limit: 3201
Processor Information for processor 2
  Max Mhz: 3201, Current Mhz: 3201, Mhz Limit: 3201
Processor Information for processor 3
  Max Mhz: 3201, Current Mhz: 3201, Mhz Limit: 3201
Processor Information for processor 4
  Max Mhz: 3201, Current Mhz: 3201, Mhz Limit: 3201
Processor Information for processor 5
  Max Mhz: 3201, Current Mhz: 3201, Mhz Limit: 3201
Processor Information for processor 6
  Max Mhz: 3201, Current Mhz: 3201, Mhz Limit: 3201
Processor Information for processor 7
  Max Mhz: 3201, Current Mhz: 3201, Mhz Limit: 3201
Processor Information for processor 8
  Max Mhz: 3201, Current Mhz: 3201, Mhz Limit: 3201
Processor Information for processor 9
  Max Mhz: 3201, Current Mhz: 3201, Mhz Limit: 3201
Processor Information for processor 10
  Max Mhz: 3201, Current Mhz: 3201, Mhz Limit: 3201
Processor Information for processor 11
  Max Mhz: 3201, Current Mhz: 1990, Mhz Limit: 3201
Processor Information for processor 12
  Max Mhz: 3201, Current Mhz: 3201, Mhz Limit: 3201
Processor Information for processor 13
  Max Mhz: 3201, Current Mhz: 3201, Mhz Limit: 3201
Processor Information for processor 14
  Max Mhz: 3201, Current Mhz: 3201, Mhz Limit: 3201
Processor Information for processor 15
  Max Mhz: 3201, Current Mhz: 3201, Mhz Limit: 3201

Memory: 4k page, system-wide physical 14182M (1150M free)
TotalPageFile size 42805M (AvailPageFile size 2M)
current process WorkingSet (physical memory assigned to process): 1111M, peak: 1622M
current process commit charge ("private bytes"): 1798M, peak: 1803M

vm_info: OpenJDK 64-Bit Server VM (21.0.12.1+1-LTS) for windows-amd64 JRE (21.0.12.1+1-LTS), built on 2026-08-18T00:00:00Z by "admin" with MS VC++ 17.12 (VS2022)

END.
