#
# There is insufficient memory for the Java Runtime Environment to continue.
# Native memory allocation (malloc) failed to allocate 784816 bytes. Error detail: Chunk::new
# Possible reasons:
#   The system is out of physical RAM or swap space
#   This process is running with CompressedOops enabled, and the Java Heap may be blocking the growth of the native heap
# Possible solutions:
#   Reduce memory load on the system
#   Increase physical memory or swap space
#   Check if swap backing store is full
#   Decrease Java heap size (-Xmx/-Xms)
#   Decrease number of Java threads
#   Decrease Java thread stack sizes (-Xss)
#   Set larger code cache with -XX:ReservedCodeCacheSize=
#   JVM is running with Unscaled Compressed Oops mode in which the Java heap is
#     placed in the first 4GB address space. The Java Heap base address is the
#     maximum limit for the native heap growth. Please use -XX:HeapBaseMinAddress
#     to set the Java Heap base and to place the Java Heap above 4GB virtual address.
# This output file may be truncated or incomplete.
#
#  Out of Memory Error (arena.cpp:168), pid=50540, tid=45920
#
# JRE version: OpenJDK Runtime Environment Temurin-21.0.12.1+1 (21.0.12.1+1) (build 21.0.12.1+1-LTS)
# Java VM: OpenJDK 64-Bit Server VM Temurin-21.0.12.1+1 (21.0.12.1+1-LTS, mixed mode, sharing, tiered, compressed oops, compressed class ptrs, g1 gc, windows-amd64)
# No core dump will be written. Minidumps are not enabled by default on client versions of Windows
#

---------------  S U M M A R Y ------------

Command Line: --add-opens=java.base/java.lang=ALL-UNNAMED --add-opens=java.base/java.lang.invoke=ALL-UNNAMED --add-opens=java.base/java.util=ALL-UNNAMED --add-opens=java.prefs/java.util.prefs=ALL-UNNAMED --add-exports=jdk.compiler/com.sun.tools.javac.api=ALL-UNNAMED --add-exports=jdk.compiler/com.sun.tools.javac.util=ALL-UNNAMED --add-opens=java.base/java.nio.charset=ALL-UNNAMED --add-opens=java.base/java.net=ALL-UNNAMED --add-opens=java.base/java.util.concurrent=ALL-UNNAMED --add-opens=java.base/java.util.concurrent.atomic=ALL-UNNAMED --add-opens=java.xml/javax.xml.namespace=ALL-UNNAMED --add-opens=java.base/java.time=ALL-UNNAMED -XX:MaxMetaspaceSize=384m -XX:+HeapDumpOnOutOfMemoryError -Xms256m -Xmx512m -Dfile.encoding=UTF-8 -Duser.country=US -Duser.language=en -Duser.variant -javaagent:C:\Users\Admin\.gradle\wrapper\dists\gradle-9.5.1-bin\iq79hdu3mqx29lgffhp8bfmx\gradle-9.5.1\lib\agents\gradle-instrumentation-agent-9.5.1.jar org.gradle.launcher.daemon.bootstrap.GradleDaemon 9.5.1

Host: AMD Ryzen 7 5800H with Radeon Graphics         , 16 cores, 13G,  Windows 11 , 64 bit Build 26100 (10.0.26100.8875)
Time: Sat Oct  3 22:08:12 2026 SE Asia Standard Time elapsed time: 88.474037 seconds (0d 0h 1m 28s)

---------------  T H R E A D  ---------------

Current thread (0x000001c37a037360):  JavaThread "C2 CompilerThread0" daemon [_thread_in_native, id=45920, stack(0x000000b5f1300000,0x000000b5f1400000) (1024K)]


Current CompileTask:
C2:88474 5976   !   4       sun.reflect.annotation.AnnotationParser::parseAnnotations (37 bytes)

Stack: [0x000000b5f1300000,0x000000b5f1400000]
Native frames: (J=compiled Java code, j=interpreted, Vv=VM code, C=native code)
V  [jvm.dll+0x6d83e9]
V  [jvm.dll+0x8b5736]
V  [jvm.dll+0x8b7cee]
V  [jvm.dll+0x8b83d3]
V  [jvm.dll+0x284596]
V  [jvm.dll+0xc685d]
V  [jvm.dll+0xc6da1]
V  [jvm.dll+0x2fb5ae]
V  [jvm.dll+0x5fee94]
V  [jvm.dll+0x255d67]
V  [jvm.dll+0x24e0f4]
V  [jvm.dll+0x24bbe6]
V  [jvm.dll+0x1cb4ae]
V  [jvm.dll+0x25baad]
V  [jvm.dll+0x25a03a]
V  [jvm.dll+0x3f8aae]
V  [jvm.dll+0x8600cd]
V  [jvm.dll+0x6d6c1d]
C  [ucrtbase.dll+0x2cd30]
C  [KERNEL32.DLL+0x2e957]
C  [ntdll.dll+0xaad6c]


---------------  P R O C E S S  ---------------

Threads class SMR info:
_java_thread_list=0x000001c37a40d280, length=87, elements={
0x000001c34aab2c50, 0x000001c37a008ed0, 0x000001c37a00d950, 0x000001c37a00f0d0,
0x000001c37a02fb40, 0x000001c37a0325b0, 0x000001c37a033010, 0x000001c37a037360,
0x000001c37a031a60, 0x000001c37a2bcc50, 0x000001c37a32c9f0, 0x000001c37b11b1a0,
0x000001c37c2ac050, 0x000001c37a2b8540, 0x000001c37a5437e0, 0x000001c37a55bfc0,
0x000001c37b80a1c0, 0x000001c37b806d40, 0x000001c37b8073d0, 0x000001c37b8080f0,
0x000001c37c95c830, 0x000001c37c95d550, 0x000001c37c95dbe0, 0x000001c37c95bb10,
0x000001c37c95f620, 0x000001c37c95e270, 0x000001c37c95c1a0, 0x000001c37c95e900,
0x000001c37c960340, 0x000001c37c95ef90, 0x000001c37c95cec0, 0x000001c37c9609d0,
0x000001c37c963130, 0x000001c37c962410, 0x000001c37c962aa0, 0x000001c37b809b30,
0x000001c37a137700, 0x000001c37a138420, 0x000001c37a138ab0, 0x000001c37a13a4f0,
0x000001c37a137d90, 0x000001c37a13bf30, 0x000001c37a13cc50, 0x000001c37a13d2e0,
0x000001c37a13ed20, 0x000001c37f93b740, 0x000001c37f939d00, 0x000001c37f9382c0,
0x000001c37f938950, 0x000001c37f93c460, 0x000001c37f93d180, 0x000001c37df8d510,
0x000001c37df8bad0, 0x000001c37df8c160, 0x000001c37df90300, 0x000001c37df8f5e0,
0x000001c37df916b0, 0x000001c30117e1c0, 0x000001c30117e850, 0x000001c301180290,
0x000001c37d7a1480, 0x000001c37d7a4270, 0x000001c37d7a8410, 0x000001c37d7a8aa0,
0x000001c37d7a6340, 0x000001c37d7a7060, 0x000001c37a13e000, 0x000001c37f9375a0,
0x000001c37f938fe0, 0x000001c37f939670, 0x000001c37f936880, 0x000001c30117c780,
0x000001c30117ce10, 0x000001c30117db30, 0x000001c301180920, 0x000001c30117d4a0,
0x000001c301182360, 0x000001c301181640, 0x000001c37df8ce80, 0x000001c37df8a090,
0x000001c37df8c7f0, 0x000001c37df8a720, 0x000001c37df8adb0, 0x000001c37df8dba0,
0x000001c37df8e230, 0x000001c37aea5fa0, 0x000001c37aea58d0
}

Java Threads: ( => current thread )
  0x000001c34aab2c50 JavaThread "main"                              [_thread_in_native, id=43348, stack(0x000000b5f0400000,0x000000b5f0500000) (1024K)]
  0x000001c37a008ed0 JavaThread "Reference Handler"          daemon [_thread_blocked, id=13780, stack(0x000000b5f0d00000,0x000000b5f0e00000) (1024K)]
  0x000001c37a00d950 JavaThread "Finalizer"                  daemon [_thread_blocked, id=23176, stack(0x000000b5f0e00000,0x000000b5f0f00000) (1024K)]
  0x000001c37a00f0d0 JavaThread "Signal Dispatcher"          daemon [_thread_blocked, id=19272, stack(0x000000b5f0f00000,0x000000b5f1000000) (1024K)]
  0x000001c37a02fb40 JavaThread "Attach Listener"            daemon [_thread_blocked, id=47100, stack(0x000000b5f1000000,0x000000b5f1100000) (1024K)]
  0x000001c37a0325b0 JavaThread "Service Thread"             daemon [_thread_blocked, id=56128, stack(0x000000b5f1100000,0x000000b5f1200000) (1024K)]
  0x000001c37a033010 JavaThread "Monitor Deflation Thread"   daemon [_thread_blocked, id=4232, stack(0x000000b5f1200000,0x000000b5f1300000) (1024K)]
=>0x000001c37a037360 JavaThread "C2 CompilerThread0"         daemon [_thread_in_native, id=45920, stack(0x000000b5f1300000,0x000000b5f1400000) (1024K)]
  0x000001c37a031a60 JavaThread "C1 CompilerThread0"         daemon [_thread_blocked, id=49840, stack(0x000000b5f1400000,0x000000b5f1500000) (1024K)]
  0x000001c37a2bcc50 JavaThread "Common-Cleaner"             daemon [_thread_blocked, id=57820, stack(0x000000b5f1800000,0x000000b5f1900000) (1024K)]
  0x000001c37a32c9f0 JavaThread "Notification Thread"        daemon [_thread_blocked, id=18260, stack(0x000000b5f1900000,0x000000b5f1a00000) (1024K)]
  0x000001c37b11b1a0 JavaThread "Daemon health stats"               [_thread_blocked, id=29404, stack(0x000000b5f1700000,0x000000b5f1800000) (1024K)]
  0x000001c37c2ac050 JavaThread "Incoming local TCP Connector on port 59140"        [_thread_in_native, id=54888, stack(0x000000b5f2000000,0x000000b5f2100000) (1024K)]
  0x000001c37a2b8540 JavaThread "Daemon periodic checks"            [_thread_blocked, id=51176, stack(0x000000b5f2100000,0x000000b5f2200000) (1024K)]
  0x000001c37a5437e0 JavaThread "Daemon"                            [_thread_blocked, id=56636, stack(0x000000b5f1f00000,0x000000b5f2000000) (1024K)]
  0x000001c37a55bfc0 JavaThread "Daemon worker"                     [_thread_in_vm, id=18852, stack(0x000000b5f1600000,0x000000b5f1700000) (1024K)]
  0x000001c37b80a1c0 JavaThread "Cache worker for journal cache (C:\Users\Admin\.gradle\caches\journal-1)"        [_thread_blocked, id=27984, stack(0x000000b5f2700000,0x000000b5f2800000) (1024K)]
  0x000001c37b806d40 JavaThread "File lock request listener"        [_thread_in_native, id=23844, stack(0x000000b5f2800000,0x000000b5f2900000) (1024K)]
  0x000001c37b8073d0 JavaThread "Cache worker for file hash cache (C:\Users\Admin\.gradle\caches\9.5.1\fileHashes)"        [_thread_blocked, id=16664, stack(0x000000b5f2900000,0x000000b5f2a00000) (1024K)]
  0x000001c37b8080f0 JavaThread "File lock release action executor"        [_thread_blocked, id=47040, stack(0x000000b5f3400000,0x000000b5f3500000) (1024K)]
  0x000001c37c95c830 JavaThread "File watcher server"        daemon [_thread_in_native, id=37452, stack(0x000000b5f3500000,0x000000b5f3600000) (1024K)]
  0x000001c37c95d550 JavaThread "File watcher consumer"      daemon [_thread_blocked, id=37312, stack(0x000000b5f2300000,0x000000b5f2400000) (1024K)]
  0x000001c37c95dbe0 JavaThread "Cache worker for file content cache (C:\Users\Admin\.gradle\caches\9.5.1\fileContent)"        [_thread_blocked, id=20532, stack(0x000000b5f2600000,0x000000b5f2700000) (1024K)]
  0x000001c37c95bb10 JavaThread "jar transforms"                    [_thread_blocked, id=35964, stack(0x000000b5f3a00000,0x000000b5f3b00000) (1024K)]
  0x000001c37c95f620 JavaThread "jar transforms Thread 2"           [_thread_blocked, id=4080, stack(0x000000b5f3f00000,0x000000b5f4000000) (1024K)]
  0x000001c37c95e270 JavaThread "VFS cleanup"                       [_thread_blocked, id=20112, stack(0x000000b5f2400000,0x000000b5f2500000) (1024K)]
  0x000001c37c95c1a0 JavaThread "Daemon Thread 2"                   [_thread_blocked, id=14348, stack(0x000000b5f0300000,0x000000b5f0400000) (1024K)]
  0x000001c37c95e900 JavaThread "Daemon Thread 3"                   [_thread_blocked, id=43616, stack(0x000000b5f0500000,0x000000b5f0600000) (1024K)]
  0x000001c37c960340 JavaThread "Handler for socket connection from /127.0.0.1:59140 to /127.0.0.1:51042"        [_thread_blocked, id=49724, stack(0x000000b5f2200000,0x000000b5f2300000) (1024K)]
  0x000001c37c95ef90 JavaThread "Daemon Thread 4"                   [_thread_blocked, id=33804, stack(0x000000b5f2500000,0x000000b5f2600000) (1024K)]
  0x000001c37c95cec0 JavaThread "Daemon Thread 5"                   [_thread_blocked, id=9736, stack(0x000000b5f2a00000,0x000000b5f2b00000) (1024K)]
  0x000001c37c9609d0 JavaThread "Daemon Thread 6"                   [_thread_blocked, id=27360, stack(0x000000b5f3800000,0x000000b5f3900000) (1024K)]
  0x000001c37c963130 JavaThread "Daemon Thread 7"                   [_thread_blocked, id=33020, stack(0x000000b5f3b00000,0x000000b5f3c00000) (1024K)]
  0x000001c37c962410 JavaThread "Daemon Thread 8"                   [_thread_blocked, id=22188, stack(0x000000b5f3c00000,0x000000b5f3d00000) (1024K)]
  0x000001c37c962aa0 JavaThread "Daemon Thread 9"                   [_thread_blocked, id=25556, stack(0x000000b5f3d00000,0x000000b5f3e00000) (1024K)]
  0x000001c37b809b30 JavaThread "Daemon Thread 10"                  [_thread_blocked, id=5856, stack(0x000000b5f4000000,0x000000b5f4100000) (1024K)]
  0x000001c37a137700 JavaThread "Daemon Thread 11"                  [_thread_blocked, id=56844, stack(0x000000b5f4200000,0x000000b5f4300000) (1024K)]
  0x000001c37a138420 JavaThread "Daemon Thread 12"                  [_thread_blocked, id=44728, stack(0x000000b5f4400000,0x000000b5f4500000) (1024K)]
  0x000001c37a138ab0 JavaThread "Daemon Thread 13"                  [_thread_blocked, id=14452, stack(0x000000b5f4500000,0x000000b5f4600000) (1024K)]
  0x000001c37a13a4f0 JavaThread "Daemon Thread 14"                  [_thread_blocked, id=54728, stack(0x000000b5f4700000,0x000000b5f4800000) (1024K)]
  0x000001c37a137d90 JavaThread "Daemon Thread 15"                  [_thread_blocked, id=31756, stack(0x000000b5f4b00000,0x000000b5f4c00000) (1024K)]
  0x000001c37a13bf30 JavaThread "Daemon Thread 16"                  [_thread_blocked, id=54764, stack(0x000000b5f4c00000,0x000000b5f4d00000) (1024K)]
  0x000001c37a13cc50 JavaThread "Daemon Thread 17"                  [_thread_blocked, id=10456, stack(0x000000b5f4f00000,0x000000b5f5000000) (1024K)]
  0x000001c37a13d2e0 JavaThread "Cancel handler"                    [_thread_blocked, id=50192, stack(0x000000b5f5000000,0x000000b5f5100000) (1024K)]
  0x000001c37a13ed20 JavaThread "Daemon Thread 18"                  [_thread_blocked, id=16348, stack(0x000000b5f5200000,0x000000b5f5300000) (1024K)]
  0x000001c37f93b740 JavaThread "Daemon Thread 19"                  [_thread_blocked, id=39512, stack(0x000000b5f5f00000,0x000000b5f6000000) (1024K)]
  0x000001c37f939d00 JavaThread "Daemon Thread 20"                  [_thread_blocked, id=35304, stack(0x000000b5f6000000,0x000000b5f6100000) (1024K)]
  0x000001c37f9382c0 JavaThread "Daemon Thread 21"                  [_thread_blocked, id=14600, stack(0x000000b5f6300000,0x000000b5f6400000) (1024K)]
  0x000001c37f938950 JavaThread "Daemon Thread 22"                  [_thread_blocked, id=56552, stack(0x000000b5f6600000,0x000000b5f6700000) (1024K)]
  0x000001c37f93c460 JavaThread "Daemon Thread 23"                  [_thread_blocked, id=19344, stack(0x000000b5f6700000,0x000000b5f6800000) (1024K)]
  0x000001c37f93d180 JavaThread "Daemon Thread 24"                  [_thread_blocked, id=21484, stack(0x000000b5f6900000,0x000000b5f6a00000) (1024K)]
  0x000001c37df8d510 JavaThread "Daemon Thread 25"                  [_thread_blocked, id=53588, stack(0x000000b5f6c00000,0x000000b5f6d00000) (1024K)]
  0x000001c37df8bad0 JavaThread "Daemon Thread 26"                  [_thread_blocked, id=37172, stack(0x000000b5f6e00000,0x000000b5f6f00000) (1024K)]
  0x000001c37df8c160 JavaThread "Daemon Thread 27"                  [_thread_blocked, id=34168, stack(0x000000b5f7000000,0x000000b5f7100000) (1024K)]
  0x000001c37df90300 JavaThread "Daemon Thread 28"                  [_thread_blocked, id=9340, stack(0x000000b5f7300000,0x000000b5f7400000) (1024K)]
  0x000001c37df8f5e0 JavaThread "Daemon Thread 29"                  [_thread_blocked, id=55036, stack(0x000000b5f7600000,0x000000b5f7700000) (1024K)]
  0x000001c37df916b0 JavaThread "Daemon Thread 30"                  [_thread_blocked, id=10668, stack(0x000000b5f7d00000,0x000000b5f7e00000) (1024K)]
  0x000001c30117e1c0 JavaThread "Daemon Thread 31"                  [_thread_blocked, id=34220, stack(0x000000b5f8000000,0x000000b5f8100000) (1024K)]
  0x000001c30117e850 JavaThread "Daemon Thread 32"                  [_thread_blocked, id=46368, stack(0x000000b5f8200000,0x000000b5f8300000) (1024K)]
  0x000001c301180290 JavaThread "Daemon Thread 33"                  [_thread_blocked, id=52584, stack(0x000000b5f8c00000,0x000000b5f8d00000) (1024K)]
  0x000001c37d7a1480 JavaThread "Daemon Thread 34"                  [_thread_blocked, id=50140, stack(0x000000b5f9200000,0x000000b5f9300000) (1024K)]
  0x000001c37d7a4270 JavaThread "Daemon Thread 35"                  [_thread_blocked, id=29204, stack(0x000000b5f9400000,0x000000b5f9500000) (1024K)]
  0x000001c37d7a8410 JavaThread "Stdin handler"                     [_thread_blocked, id=14404, stack(0x000000b5f9d00000,0x000000b5f9e00000) (1024K)]
  0x000001c37d7a8aa0 JavaThread "Daemon Thread 36"                  [_thread_blocked, id=35952, stack(0x000000b5f9e00000,0x000000b5f9f00000) (1024K)]
  0x000001c37d7a6340 JavaThread "VFS cleanup Thread 2"              [_thread_blocked, id=46652, stack(0x000000b5fa000000,0x000000b5fa100000) (1024K)]
  0x000001c37d7a7060 JavaThread "VFS cleanup Thread 3"              [_thread_blocked, id=11260, stack(0x000000b5f5100000,0x000000b5f5200000) (1024K)]
  0x000001c37a13e000 JavaThread "VFS cleanup Thread 4"              [_thread_blocked, id=13376, stack(0x000000b5f7a00000,0x000000b5f7b00000) (1024K)]
  0x000001c37f9375a0 JavaThread "VFS cleanup Thread 5"              [_thread_blocked, id=29424, stack(0x000000b5f5800000,0x000000b5f5900000) (1024K)]
  0x000001c37f938fe0 JavaThread "Daemon Thread 37"                  [_thread_blocked, id=24512, stack(0x000000b5f5d00000,0x000000b5f5e00000) (1024K)]
  0x000001c37f939670 JavaThread "Daemon client event forwarder"        [_thread_blocked, id=41464, stack(0x000000b5f8b00000,0x000000b5f8c00000) (1024K)]
  0x000001c37f936880 JavaThread "VFS cleanup Thread 6"              [_thread_blocked, id=4440, stack(0x000000b5f5900000,0x000000b5f5a00000) (1024K)]
  0x000001c30117c780 JavaThread "VFS cleanup Thread 7"              [_thread_blocked, id=1476, stack(0x000000b5f7100000,0x000000b5f7200000) (1024K)]
  0x000001c30117ce10 JavaThread "VFS cleanup Thread 8"              [_thread_blocked, id=36124, stack(0x000000b5f1500000,0x000000b5f1600000) (1024K)]
  0x000001c30117db30 JavaThread "VFS cleanup Thread 9"              [_thread_blocked, id=56760, stack(0x000000b5f4300000,0x000000b5f4400000) (1024K)]
  0x000001c301180920 JavaThread "VFS cleanup Thread 10"             [_thread_blocked, id=18972, stack(0x000000b5f4600000,0x000000b5f4700000) (1024K)]
  0x000001c30117d4a0 JavaThread "VFS cleanup Thread 11"             [_thread_blocked, id=32244, stack(0x000000b5f4800000,0x000000b5f4900000) (1024K)]
  0x000001c301182360 JavaThread "VFS cleanup Thread 12"             [_thread_blocked, id=48356, stack(0x000000b5f4e00000,0x000000b5f4f00000) (1024K)]
  0x000001c301181640 JavaThread "VFS cleanup Thread 13"             [_thread_blocked, id=32032, stack(0x000000b5f4d00000,0x000000b5f4e00000) (1024K)]
  0x000001c37df8ce80 JavaThread "VFS cleanup Thread 14"             [_thread_blocked, id=20444, stack(0x000000b5f5400000,0x000000b5f5500000) (1024K)]
  0x000001c37df8a090 JavaThread "Cache worker for file hash cache (C:\Users\Admin\Downloads\mini-banking\.gradle\9.5.1\fileHashes)"        [_thread_blocked, id=20124, stack(0x000000b5f3600000,0x000000b5f3700000) (1024K)]
  0x000001c37df8c7f0 JavaThread "Cache worker for Build Output Cleanup Cache (C:\Users\Admin\Downloads\mini-banking\.gradle\buildOutputCleanup)"        [_thread_blocked, id=40476, stack(0x000000b5f3700000,0x000000b5f3800000) (1024K)]
  0x000001c37df8a720 JavaThread "Cache worker for checksums cache (C:\Users\Admin\Downloads\mini-banking\.gradle\9.5.1\checksums)"        [_thread_blocked, id=53072, stack(0x000000b5f3900000,0x000000b5f3a00000) (1024K)]
  0x000001c37df8adb0 JavaThread "Cache worker for cache directory md-supplier (C:\Users\Admin\.gradle\caches\9.5.1\md-supplier)"        [_thread_blocked, id=42084, stack(0x000000b5f3e00000,0x000000b5f3f00000) (1024K)]
  0x000001c37df8dba0 JavaThread "Cache worker for cache directory md-rule (C:\Users\Admin\.gradle\caches\9.5.1\md-rule)"        [_thread_blocked, id=34664, stack(0x000000b5f4100000,0x000000b5f4200000) (1024K)]
  0x000001c37df8e230 JavaThread "jar transforms Thread 3"           [_thread_blocked, id=16992, stack(0x000000b5f5300000,0x000000b5f5400000) (1024K)]
  0x000001c37aea5fa0 JavaThread "C2 CompilerThread1"         daemon [_thread_in_native, id=39728, stack(0x000000b5f4900000,0x000000b5f4a00000) (1024K)]
  0x000001c37aea58d0 JavaThread "C2 CompilerThread2"         daemon [_thread_blocked, id=45968, stack(0x000000b5f4a00000,0x000000b5f4b00000) (1024K)]
Total: 87

Other Threads:
  0x000001c360f082f0 VMThread "VM Thread"                           [id=35540, stack(0x000000b5f0c00000,0x000000b5f0d00000) (1024K)]
  0x000001c360efc0c0 WatcherThread "VM Periodic Task Thread"        [id=36696, stack(0x000000b5f0b00000,0x000000b5f0c00000) (1024K)]
  0x000001c34aadd2d0 WorkerThread "GC Thread#0"                     [id=31596, stack(0x000000b5f0600000,0x000000b5f0700000) (1024K)]
  0x000001c37add94d0 WorkerThread "GC Thread#1"                     [id=16252, stack(0x000000b5f1a00000,0x000000b5f1b00000) (1024K)]
  0x000001c37add9880 WorkerThread "GC Thread#2"                     [id=36684, stack(0x000000b5f1b00000,0x000000b5f1c00000) (1024K)]
  0x000001c37add9c30 WorkerThread "GC Thread#3"                     [id=56924, stack(0x000000b5f1c00000,0x000000b5f1d00000) (1024K)]
  0x000001c37adf19d0 WorkerThread "GC Thread#4"                     [id=58260, stack(0x000000b5f1d00000,0x000000b5f1e00000) (1024K)]
  0x000001c37adf1d80 WorkerThread "GC Thread#5"                     [id=46596, stack(0x000000b5f1e00000,0x000000b5f1f00000) (1024K)]
  0x000001c37a3e6780 WorkerThread "GC Thread#6"                     [id=24224, stack(0x000000b5f2b00000,0x000000b5f2c00000) (1024K)]
  0x000001c37a3e7640 WorkerThread "GC Thread#7"                     [id=1544, stack(0x000000b5f2c00000,0x000000b5f2d00000) (1024K)]
  0x000001c37a3e7290 WorkerThread "GC Thread#8"                     [id=51492, stack(0x000000b5f2d00000,0x000000b5f2e00000) (1024K)]
  0x000001c37a3e79f0 WorkerThread "GC Thread#9"                     [id=37592, stack(0x000000b5f2e00000,0x000000b5f2f00000) (1024K)]
  0x000001c37a3e7da0 WorkerThread "GC Thread#10"                    [id=20644, stack(0x000000b5f2f00000,0x000000b5f3000000) (1024K)]
  0x000001c37a3e6b30 WorkerThread "GC Thread#11"                    [id=37216, stack(0x000000b5f3000000,0x000000b5f3100000) (1024K)]
  0x000001c37a3e6ee0 WorkerThread "GC Thread#12"                    [id=20160, stack(0x000000b5f3100000,0x000000b5f3200000) (1024K)]
  0x000001c34aae01b0 ConcurrentGCThread "G1 Main Marker"            [id=22588, stack(0x000000b5f0700000,0x000000b5f0800000) (1024K)]
  0x000001c34aae0bd0 WorkerThread "G1 Conc#0"                       [id=14380, stack(0x000000b5f0800000,0x000000b5f0900000) (1024K)]
  0x000001c37e149f80 WorkerThread "G1 Conc#1"                       [id=21844, stack(0x000000b5f3200000,0x000000b5f3300000) (1024K)]
  0x000001c37e14ae40 WorkerThread "G1 Conc#2"                       [id=49624, stack(0x000000b5f3300000,0x000000b5f3400000) (1024K)]
  0x000001c360dcfa50 ConcurrentGCThread "G1 Refine#0"               [id=13704, stack(0x000000b5f0900000,0x000000b5f0a00000) (1024K)]
  0x000001c360dd0280 ConcurrentGCThread "G1 Service"                [id=28232, stack(0x000000b5f0a00000,0x000000b5f0b00000) (1024K)]
Total: 21

Threads with active compile tasks:
C2 CompilerThread0  88625 5976   !   4       sun.reflect.annotation.AnnotationParser::parseAnnotations (37 bytes)
C2 CompilerThread1  88625 5997       4       org.objectweb.asm.SymbolTable::addConstantMemberReference (147 bytes)
Total: 2

VM state: not at safepoint (normal execution)

VM Mutex/Monitor currently owned by a thread:  ([mutex/lock_event])
[0x00007ffb8a7dd530] Metaspace_lock - owner thread: 0x000001c37a55bfc0

Heap address: 0x00000000e0000000, size: 512 MB, Compressed Oops mode: 32-bit

CDS archive(s) mapped at: [0x000001c361000000-0x000001c361ba0000-0x000001c361ba0000), size 12189696, SharedBaseAddress: 0x000001c361000000, ArchiveRelocationMode: 1.
Compressed class space mapped at: 0x000001c362000000-0x000001c376000000, reserved size: 335544320
Narrow klass base: 0x000001c361000000, Narrow klass shift: 0, Narrow klass range: 0x100000000

GC Precious Log:
 CardTable entry size: 512
 Card Set container configuration: InlinePtr #cards 5 size 8 Array Of Cards #cards 12 size 40 Howl #buckets 4 coarsen threshold 1843 Howl Bitmap #cards 512 size 80 coarsen threshold 460 Card regions per heap region 1 cards per card region 2048
 CPUs: 16 total, 16 available
 Memory: 14182M
 Large Page Support: Disabled
 NUMA Support: Disabled
 Compressed Oops: Enabled (32-bit)
 Heap Region Size: 1M
 Heap Min Capacity: 256M
 Heap Initial Capacity: 256M
 Heap Max Capacity: 512M
 Pre-touch: Disabled
 Parallel Workers: 13
 Concurrent Workers: 3
 Concurrent Refinement Workers: 13
 Periodic GC: Disabled

Heap:
 garbage-first heap   total 262144K, used 175371K [0x00000000e0000000, 0x0000000100000000)
  region size 1024K, 151 young (154624K), 10 survivors (10240K)
 Metaspace       used 46478K, committed 48320K, reserved 393216K
  class space    used 6977K, committed 7872K, reserved 327680K

Heap Regions: E=young(eden), S=young(survivor), O=old, HS=humongous(starts), HC=humongous(continues), CS=collection set, F=free, TAMS=top-at-mark-start, PB=parsable bottom
|   0|0x00000000e0000000, 0x00000000e0100000, 0x00000000e0100000|100%|HS|  |TAMS 0x00000000e0000000| PB 0x00000000e0000000| Complete 
|   1|0x00000000e0100000, 0x00000000e0200000, 0x00000000e0200000|100%|HC|  |TAMS 0x00000000e0100000| PB 0x00000000e0100000| Complete 
|   2|0x00000000e0200000, 0x00000000e0300000, 0x00000000e0300000|100%|HC|  |TAMS 0x00000000e0200000| PB 0x00000000e0200000| Complete 
|   3|0x00000000e0300000, 0x00000000e0400000, 0x00000000e0400000|100%|HC|  |TAMS 0x00000000e0300000| PB 0x00000000e0300000| Complete 
|   4|0x00000000e0400000, 0x00000000e0500000, 0x00000000e0500000|100%| O|  |TAMS 0x00000000e0400000| PB 0x00000000e0400000| Untracked 
|   5|0x00000000e0500000, 0x00000000e0600000, 0x00000000e0600000|100%| O|  |TAMS 0x00000000e0500000| PB 0x00000000e0500000| Untracked 
|   6|0x00000000e0600000, 0x00000000e0700000, 0x00000000e0700000|100%| O|  |TAMS 0x00000000e0600000| PB 0x00000000e0600000| Untracked 
|   7|0x00000000e0700000, 0x00000000e0800000, 0x00000000e0800000|100%| O|  |TAMS 0x00000000e0700000| PB 0x00000000e0700000| Untracked 
|   8|0x00000000e0800000, 0x00000000e0900000, 0x00000000e0900000|100%|HS|  |TAMS 0x00000000e0800000| PB 0x00000000e0800000| Complete 
|   9|0x00000000e0900000, 0x00000000e0a00000, 0x00000000e0a00000|100%| O|  |TAMS 0x00000000e0900000| PB 0x00000000e0900000| Untracked 
|  10|0x00000000e0a00000, 0x00000000e0b00000, 0x00000000e0b00000|100%| O|  |TAMS 0x00000000e0a00000| PB 0x00000000e0a00000| Untracked 
|  11|0x00000000e0b00000, 0x00000000e0b00000, 0x00000000e0c00000|  0%| F|  |TAMS 0x00000000e0b00000| PB 0x00000000e0b00000| Untracked 
|  12|0x00000000e0c00000, 0x00000000e0d00000, 0x00000000e0d00000|100%| O|  |TAMS 0x00000000e0c00000| PB 0x00000000e0c00000| Untracked 
|  13|0x00000000e0d00000, 0x00000000e0e00000, 0x00000000e0e00000|100%| O|  |TAMS 0x00000000e0d00000| PB 0x00000000e0d00000| Untracked 
|  14|0x00000000e0e00000, 0x00000000e0f00000, 0x00000000e0f00000|100%| O|  |TAMS 0x00000000e0e00000| PB 0x00000000e0e00000| Untracked 
|  15|0x00000000e0f00000, 0x00000000e1000000, 0x00000000e1000000|100%| O|  |TAMS 0x00000000e0f00000| PB 0x00000000e0f00000| Untracked 
|  16|0x00000000e1000000, 0x00000000e1100000, 0x00000000e1100000|100%| O|  |TAMS 0x00000000e1000000| PB 0x00000000e1000000| Untracked 
|  17|0x00000000e1100000, 0x00000000e1200000, 0x00000000e1200000|100%| O|  |TAMS 0x00000000e1100000| PB 0x00000000e1100000| Untracked 
|  18|0x00000000e1200000, 0x00000000e1300000, 0x00000000e1300000|100%| O|  |TAMS 0x00000000e1200000| PB 0x00000000e1200000| Untracked 
|  19|0x00000000e1300000, 0x00000000e1400000, 0x00000000e1400000|100%| O|  |TAMS 0x00000000e1300000| PB 0x00000000e1300000| Untracked 
|  20|0x00000000e1400000, 0x00000000e1500000, 0x00000000e1500000|100%| O|  |TAMS 0x00000000e1400000| PB 0x00000000e1400000| Untracked 
|  21|0x00000000e1500000, 0x00000000e1600000, 0x00000000e1600000|100%| O|Cm|TAMS 0x00000000e1500000| PB 0x00000000e1500000| Complete 
|  22|0x00000000e1600000, 0x00000000e16ce308, 0x00000000e1700000| 80%| O|  |TAMS 0x00000000e1600000| PB 0x00000000e1600000| Untracked 
|  23|0x00000000e1700000, 0x00000000e1700000, 0x00000000e1800000|  0%| F|  |TAMS 0x00000000e1700000| PB 0x00000000e1700000| Untracked 
|  24|0x00000000e1800000, 0x00000000e1800000, 0x00000000e1900000|  0%| F|  |TAMS 0x00000000e1800000| PB 0x00000000e1800000| Untracked 
|  25|0x00000000e1900000, 0x00000000e1900000, 0x00000000e1a00000|  0%| F|  |TAMS 0x00000000e1900000| PB 0x00000000e1900000| Untracked 
|  26|0x00000000e1a00000, 0x00000000e1a00000, 0x00000000e1b00000|  0%| F|  |TAMS 0x00000000e1a00000| PB 0x00000000e1a00000| Untracked 
|  27|0x00000000e1b00000, 0x00000000e1b00000, 0x00000000e1c00000|  0%| F|  |TAMS 0x00000000e1b00000| PB 0x00000000e1b00000| Untracked 
|  28|0x00000000e1c00000, 0x00000000e1c00000, 0x00000000e1d00000|  0%| F|  |TAMS 0x00000000e1c00000| PB 0x00000000e1c00000| Untracked 
|  29|0x00000000e1d00000, 0x00000000e1d00000, 0x00000000e1e00000|  0%| F|  |TAMS 0x00000000e1d00000| PB 0x00000000e1d00000| Untracked 
|  30|0x00000000e1e00000, 0x00000000e1e00000, 0x00000000e1f00000|  0%| F|  |TAMS 0x00000000e1e00000| PB 0x00000000e1e00000| Untracked 
|  31|0x00000000e1f00000, 0x00000000e1f00000, 0x00000000e2000000|  0%| F|  |TAMS 0x00000000e1f00000| PB 0x00000000e1f00000| Untracked 
|  32|0x00000000e2000000, 0x00000000e2000000, 0x00000000e2100000|  0%| F|  |TAMS 0x00000000e2000000| PB 0x00000000e2000000| Untracked 
|  33|0x00000000e2100000, 0x00000000e2100000, 0x00000000e2200000|  0%| F|  |TAMS 0x00000000e2100000| PB 0x00000000e2100000| Untracked 
|  34|0x00000000e2200000, 0x00000000e2200000, 0x00000000e2300000|  0%| F|  |TAMS 0x00000000e2200000| PB 0x00000000e2200000| Untracked 
|  35|0x00000000e2300000, 0x00000000e2300000, 0x00000000e2400000|  0%| F|  |TAMS 0x00000000e2300000| PB 0x00000000e2300000| Untracked 
|  36|0x00000000e2400000, 0x00000000e2400000, 0x00000000e2500000|  0%| F|  |TAMS 0x00000000e2400000| PB 0x00000000e2400000| Untracked 
|  37|0x00000000e2500000, 0x00000000e2500000, 0x00000000e2600000|  0%| F|  |TAMS 0x00000000e2500000| PB 0x00000000e2500000| Untracked 
|  38|0x00000000e2600000, 0x00000000e2600000, 0x00000000e2700000|  0%| F|  |TAMS 0x00000000e2600000| PB 0x00000000e2600000| Untracked 
|  39|0x00000000e2700000, 0x00000000e2700000, 0x00000000e2800000|  0%| F|  |TAMS 0x00000000e2700000| PB 0x00000000e2700000| Untracked 
|  40|0x00000000e2800000, 0x00000000e2800000, 0x00000000e2900000|  0%| F|  |TAMS 0x00000000e2800000| PB 0x00000000e2800000| Untracked 
|  41|0x00000000e2900000, 0x00000000e2900000, 0x00000000e2a00000|  0%| F|  |TAMS 0x00000000e2900000| PB 0x00000000e2900000| Untracked 
|  42|0x00000000e2a00000, 0x00000000e2a00000, 0x00000000e2b00000|  0%| F|  |TAMS 0x00000000e2a00000| PB 0x00000000e2a00000| Untracked 
|  43|0x00000000e2b00000, 0x00000000e2b00000, 0x00000000e2c00000|  0%| F|  |TAMS 0x00000000e2b00000| PB 0x00000000e2b00000| Untracked 
|  44|0x00000000e2c00000, 0x00000000e2c00000, 0x00000000e2d00000|  0%| F|  |TAMS 0x00000000e2c00000| PB 0x00000000e2c00000| Untracked 
|  45|0x00000000e2d00000, 0x00000000e2d00000, 0x00000000e2e00000|  0%| F|  |TAMS 0x00000000e2d00000| PB 0x00000000e2d00000| Untracked 
|  46|0x00000000e2e00000, 0x00000000e2e00000, 0x00000000e2f00000|  0%| F|  |TAMS 0x00000000e2e00000| PB 0x00000000e2e00000| Untracked 
|  47|0x00000000e2f00000, 0x00000000e2f00000, 0x00000000e3000000|  0%| F|  |TAMS 0x00000000e2f00000| PB 0x00000000e2f00000| Untracked 
|  48|0x00000000e3000000, 0x00000000e3000000, 0x00000000e3100000|  0%| F|  |TAMS 0x00000000e3000000| PB 0x00000000e3000000| Untracked 
|  49|0x00000000e3100000, 0x00000000e3100000, 0x00000000e3200000|  0%| F|  |TAMS 0x00000000e3100000| PB 0x00000000e3100000| Untracked 
|  50|0x00000000e3200000, 0x00000000e3200000, 0x00000000e3300000|  0%| F|  |TAMS 0x00000000e3200000| PB 0x00000000e3200000| Untracked 
|  51|0x00000000e3300000, 0x00000000e3300000, 0x00000000e3400000|  0%| F|  |TAMS 0x00000000e3300000| PB 0x00000000e3300000| Untracked 
|  52|0x00000000e3400000, 0x00000000e3400000, 0x00000000e3500000|  0%| F|  |TAMS 0x00000000e3400000| PB 0x00000000e3400000| Untracked 
|  53|0x00000000e3500000, 0x00000000e3500000, 0x00000000e3600000|  0%| F|  |TAMS 0x00000000e3500000| PB 0x00000000e3500000| Untracked 
|  54|0x00000000e3600000, 0x00000000e3600000, 0x00000000e3700000|  0%| F|  |TAMS 0x00000000e3600000| PB 0x00000000e3600000| Untracked 
|  55|0x00000000e3700000, 0x00000000e3700000, 0x00000000e3800000|  0%| F|  |TAMS 0x00000000e3700000| PB 0x00000000e3700000| Untracked 
|  56|0x00000000e3800000, 0x00000000e3800000, 0x00000000e3900000|  0%| F|  |TAMS 0x00000000e3800000| PB 0x00000000e3800000| Untracked 
|  57|0x00000000e3900000, 0x00000000e3900000, 0x00000000e3a00000|  0%| F|  |TAMS 0x00000000e3900000| PB 0x00000000e3900000| Untracked 
|  58|0x00000000e3a00000, 0x00000000e3a00000, 0x00000000e3b00000|  0%| F|  |TAMS 0x00000000e3a00000| PB 0x00000000e3a00000| Untracked 
|  59|0x00000000e3b00000, 0x00000000e3b00000, 0x00000000e3c00000|  0%| F|  |TAMS 0x00000000e3b00000| PB 0x00000000e3b00000| Untracked 
|  60|0x00000000e3c00000, 0x00000000e3c00000, 0x00000000e3d00000|  0%| F|  |TAMS 0x00000000e3c00000| PB 0x00000000e3c00000| Untracked 
|  61|0x00000000e3d00000, 0x00000000e3d00000, 0x00000000e3e00000|  0%| F|  |TAMS 0x00000000e3d00000| PB 0x00000000e3d00000| Untracked 
|  62|0x00000000e3e00000, 0x00000000e3e00000, 0x00000000e3f00000|  0%| F|  |TAMS 0x00000000e3e00000| PB 0x00000000e3e00000| Untracked 
|  63|0x00000000e3f00000, 0x00000000e3f00000, 0x00000000e4000000|  0%| F|  |TAMS 0x00000000e3f00000| PB 0x00000000e3f00000| Untracked 
|  64|0x00000000e4000000, 0x00000000e4000000, 0x00000000e4100000|  0%| F|  |TAMS 0x00000000e4000000| PB 0x00000000e4000000| Untracked 
|  65|0x00000000e4100000, 0x00000000e4100000, 0x00000000e4200000|  0%| F|  |TAMS 0x00000000e4100000| PB 0x00000000e4100000| Untracked 
|  66|0x00000000e4200000, 0x00000000e4200000, 0x00000000e4300000|  0%| F|  |TAMS 0x00000000e4200000| PB 0x00000000e4200000| Untracked 
|  67|0x00000000e4300000, 0x00000000e4300000, 0x00000000e4400000|  0%| F|  |TAMS 0x00000000e4300000| PB 0x00000000e4300000| Untracked 
|  68|0x00000000e4400000, 0x00000000e4400000, 0x00000000e4500000|  0%| F|  |TAMS 0x00000000e4400000| PB 0x00000000e4400000| Untracked 
|  69|0x00000000e4500000, 0x00000000e4500000, 0x00000000e4600000|  0%| F|  |TAMS 0x00000000e4500000| PB 0x00000000e4500000| Untracked 
|  70|0x00000000e4600000, 0x00000000e4600000, 0x00000000e4700000|  0%| F|  |TAMS 0x00000000e4600000| PB 0x00000000e4600000| Untracked 
|  71|0x00000000e4700000, 0x00000000e4700000, 0x00000000e4800000|  0%| F|  |TAMS 0x00000000e4700000| PB 0x00000000e4700000| Untracked 
|  72|0x00000000e4800000, 0x00000000e4800000, 0x00000000e4900000|  0%| F|  |TAMS 0x00000000e4800000| PB 0x00000000e4800000| Untracked 
|  73|0x00000000e4900000, 0x00000000e4900000, 0x00000000e4a00000|  0%| F|  |TAMS 0x00000000e4900000| PB 0x00000000e4900000| Untracked 
|  74|0x00000000e4a00000, 0x00000000e4a00000, 0x00000000e4b00000|  0%| F|  |TAMS 0x00000000e4a00000| PB 0x00000000e4a00000| Untracked 
|  75|0x00000000e4b00000, 0x00000000e4b00000, 0x00000000e4c00000|  0%| F|  |TAMS 0x00000000e4b00000| PB 0x00000000e4b00000| Untracked 
|  76|0x00000000e4c00000, 0x00000000e4c00000, 0x00000000e4d00000|  0%| F|  |TAMS 0x00000000e4c00000| PB 0x00000000e4c00000| Untracked 
|  77|0x00000000e4d00000, 0x00000000e4d00000, 0x00000000e4e00000|  0%| F|  |TAMS 0x00000000e4d00000| PB 0x00000000e4d00000| Untracked 
|  78|0x00000000e4e00000, 0x00000000e4e00000, 0x00000000e4f00000|  0%| F|  |TAMS 0x00000000e4e00000| PB 0x00000000e4e00000| Untracked 
|  79|0x00000000e4f00000, 0x00000000e4f00000, 0x00000000e5000000|  0%| F|  |TAMS 0x00000000e4f00000| PB 0x00000000e4f00000| Untracked 
|  80|0x00000000e5000000, 0x00000000e5000000, 0x00000000e5100000|  0%| F|  |TAMS 0x00000000e5000000| PB 0x00000000e5000000| Untracked 
|  81|0x00000000e5100000, 0x00000000e5100000, 0x00000000e5200000|  0%| F|  |TAMS 0x00000000e5100000| PB 0x00000000e5100000| Untracked 
|  82|0x00000000e5200000, 0x00000000e5200000, 0x00000000e5300000|  0%| F|  |TAMS 0x00000000e5200000| PB 0x00000000e5200000| Untracked 
|  83|0x00000000e5300000, 0x00000000e5300000, 0x00000000e5400000|  0%| F|  |TAMS 0x00000000e5300000| PB 0x00000000e5300000| Untracked 
|  84|0x00000000e5400000, 0x00000000e5400000, 0x00000000e5500000|  0%| F|  |TAMS 0x00000000e5400000| PB 0x00000000e5400000| Untracked 
|  85|0x00000000e5500000, 0x00000000e5500000, 0x00000000e5600000|  0%| F|  |TAMS 0x00000000e5500000| PB 0x00000000e5500000| Untracked 
|  86|0x00000000e5600000, 0x00000000e5600000, 0x00000000e5700000|  0%| F|  |TAMS 0x00000000e5600000| PB 0x00000000e5600000| Untracked 
|  87|0x00000000e5700000, 0x00000000e5700000, 0x00000000e5800000|  0%| F|  |TAMS 0x00000000e5700000| PB 0x00000000e5700000| Untracked 
|  88|0x00000000e5800000, 0x00000000e5800000, 0x00000000e5900000|  0%| F|  |TAMS 0x00000000e5800000| PB 0x00000000e5800000| Untracked 
|  89|0x00000000e5900000, 0x00000000e5900000, 0x00000000e5a00000|  0%| F|  |TAMS 0x00000000e5900000| PB 0x00000000e5900000| Untracked 
|  90|0x00000000e5a00000, 0x00000000e5a00000, 0x00000000e5b00000|  0%| F|  |TAMS 0x00000000e5a00000| PB 0x00000000e5a00000| Untracked 
|  91|0x00000000e5b00000, 0x00000000e5b00000, 0x00000000e5c00000|  0%| F|  |TAMS 0x00000000e5b00000| PB 0x00000000e5b00000| Untracked 
|  92|0x00000000e5c00000, 0x00000000e5c00000, 0x00000000e5d00000|  0%| F|  |TAMS 0x00000000e5c00000| PB 0x00000000e5c00000| Untracked 
|  93|0x00000000e5d00000, 0x00000000e5d00000, 0x00000000e5e00000|  0%| F|  |TAMS 0x00000000e5d00000| PB 0x00000000e5d00000| Untracked 
|  94|0x00000000e5e00000, 0x00000000e5e00000, 0x00000000e5f00000|  0%| F|  |TAMS 0x00000000e5e00000| PB 0x00000000e5e00000| Untracked 
|  95|0x00000000e5f00000, 0x00000000e5f00000, 0x00000000e6000000|  0%| F|  |TAMS 0x00000000e5f00000| PB 0x00000000e5f00000| Untracked 
|  96|0x00000000e6000000, 0x00000000e6000000, 0x00000000e6100000|  0%| F|  |TAMS 0x00000000e6000000| PB 0x00000000e6000000| Untracked 
|  97|0x00000000e6100000, 0x00000000e6100000, 0x00000000e6200000|  0%| F|  |TAMS 0x00000000e6100000| PB 0x00000000e6100000| Untracked 
|  98|0x00000000e6200000, 0x00000000e6200000, 0x00000000e6300000|  0%| F|  |TAMS 0x00000000e6200000| PB 0x00000000e6200000| Untracked 
|  99|0x00000000e6300000, 0x00000000e6300000, 0x00000000e6400000|  0%| F|  |TAMS 0x00000000e6300000| PB 0x00000000e6300000| Untracked 
| 100|0x00000000e6400000, 0x00000000e6400000, 0x00000000e6500000|  0%| F|  |TAMS 0x00000000e6400000| PB 0x00000000e6400000| Untracked 
| 101|0x00000000e6500000, 0x00000000e6500000, 0x00000000e6600000|  0%| F|  |TAMS 0x00000000e6500000| PB 0x00000000e6500000| Untracked 
| 102|0x00000000e6600000, 0x00000000e6600000, 0x00000000e6700000|  0%| F|  |TAMS 0x00000000e6600000| PB 0x00000000e6600000| Untracked 
| 103|0x00000000e6700000, 0x00000000e6700000, 0x00000000e6800000|  0%| F|  |TAMS 0x00000000e6700000| PB 0x00000000e6700000| Untracked 
| 104|0x00000000e6800000, 0x00000000e6800000, 0x00000000e6900000|  0%| F|  |TAMS 0x00000000e6800000| PB 0x00000000e6800000| Untracked 
| 105|0x00000000e6900000, 0x00000000e6a00000, 0x00000000e6a00000|100%| E|  |TAMS 0x00000000e6900000| PB 0x00000000e6900000| Complete 
| 106|0x00000000e6a00000, 0x00000000e6b00000, 0x00000000e6b00000|100%| E|CS|TAMS 0x00000000e6a00000| PB 0x00000000e6a00000| Complete 
| 107|0x00000000e6b00000, 0x00000000e6c00000, 0x00000000e6c00000|100%| E|CS|TAMS 0x00000000e6b00000| PB 0x00000000e6b00000| Complete 
| 108|0x00000000e6c00000, 0x00000000e6d00000, 0x00000000e6d00000|100%| E|CS|TAMS 0x00000000e6c00000| PB 0x00000000e6c00000| Complete 
| 109|0x00000000e6d00000, 0x00000000e6e00000, 0x00000000e6e00000|100%| E|CS|TAMS 0x00000000e6d00000| PB 0x00000000e6d00000| Complete 
| 110|0x00000000e6e00000, 0x00000000e6f00000, 0x00000000e6f00000|100%| E|CS|TAMS 0x00000000e6e00000| PB 0x00000000e6e00000| Complete 
| 111|0x00000000e6f00000, 0x00000000e7000000, 0x00000000e7000000|100%| E|CS|TAMS 0x00000000e6f00000| PB 0x00000000e6f00000| Complete 
| 112|0x00000000e7000000, 0x00000000e7100000, 0x00000000e7100000|100%| E|CS|TAMS 0x00000000e7000000| PB 0x00000000e7000000| Complete 
| 113|0x00000000e7100000, 0x00000000e7200000, 0x00000000e7200000|100%| E|CS|TAMS 0x00000000e7100000| PB 0x00000000e7100000| Complete 
| 114|0x00000000e7200000, 0x00000000e7300000, 0x00000000e7300000|100%| E|CS|TAMS 0x00000000e7200000| PB 0x00000000e7200000| Complete 
| 115|0x00000000e7300000, 0x00000000e7400000, 0x00000000e7400000|100%| E|CS|TAMS 0x00000000e7300000| PB 0x00000000e7300000| Complete 
| 116|0x00000000e7400000, 0x00000000e7500000, 0x00000000e7500000|100%| E|CS|TAMS 0x00000000e7400000| PB 0x00000000e7400000| Complete 
| 117|0x00000000e7500000, 0x00000000e7600000, 0x00000000e7600000|100%| E|CS|TAMS 0x00000000e7500000| PB 0x00000000e7500000| Complete 
| 118|0x00000000e7600000, 0x00000000e7700000, 0x00000000e7700000|100%| E|CS|TAMS 0x00000000e7600000| PB 0x00000000e7600000| Complete 
| 119|0x00000000e7700000, 0x00000000e7800000, 0x00000000e7800000|100%| E|CS|TAMS 0x00000000e7700000| PB 0x00000000e7700000| Complete 
| 120|0x00000000e7800000, 0x00000000e7900000, 0x00000000e7900000|100%| E|CS|TAMS 0x00000000e7800000| PB 0x00000000e7800000| Complete 
| 121|0x00000000e7900000, 0x00000000e7a00000, 0x00000000e7a00000|100%| E|CS|TAMS 0x00000000e7900000| PB 0x00000000e7900000| Complete 
| 122|0x00000000e7a00000, 0x00000000e7b00000, 0x00000000e7b00000|100%| E|CS|TAMS 0x00000000e7a00000| PB 0x00000000e7a00000| Complete 
| 123|0x00000000e7b00000, 0x00000000e7c00000, 0x00000000e7c00000|100%| E|CS|TAMS 0x00000000e7b00000| PB 0x00000000e7b00000| Complete 
| 124|0x00000000e7c00000, 0x00000000e7d00000, 0x00000000e7d00000|100%| E|CS|TAMS 0x00000000e7c00000| PB 0x00000000e7c00000| Complete 
| 125|0x00000000e7d00000, 0x00000000e7e00000, 0x00000000e7e00000|100%| E|CS|TAMS 0x00000000e7d00000| PB 0x00000000e7d00000| Complete 
| 126|0x00000000e7e00000, 0x00000000e7f00000, 0x00000000e7f00000|100%| E|CS|TAMS 0x00000000e7e00000| PB 0x00000000e7e00000| Complete 
| 127|0x00000000e7f00000, 0x00000000e8000000, 0x00000000e8000000|100%| E|CS|TAMS 0x00000000e7f00000| PB 0x00000000e7f00000| Complete 
| 128|0x00000000e8000000, 0x00000000e8100000, 0x00000000e8100000|100%| E|CS|TAMS 0x00000000e8000000| PB 0x00000000e8000000| Complete 
| 129|0x00000000e8100000, 0x00000000e8200000, 0x00000000e8200000|100%| E|CS|TAMS 0x00000000e8100000| PB 0x00000000e8100000| Complete 
| 130|0x00000000e8200000, 0x00000000e8300000, 0x00000000e8300000|100%| E|CS|TAMS 0x00000000e8200000| PB 0x00000000e8200000| Complete 
| 131|0x00000000e8300000, 0x00000000e8400000, 0x00000000e8400000|100%| E|CS|TAMS 0x00000000e8300000| PB 0x00000000e8300000| Complete 
| 132|0x00000000e8400000, 0x00000000e8500000, 0x00000000e8500000|100%| E|CS|TAMS 0x00000000e8400000| PB 0x00000000e8400000| Complete 
| 133|0x00000000e8500000, 0x00000000e8600000, 0x00000000e8600000|100%| E|CS|TAMS 0x00000000e8500000| PB 0x00000000e8500000| Complete 
| 134|0x00000000e8600000, 0x00000000e8700000, 0x00000000e8700000|100%| E|CS|TAMS 0x00000000e8600000| PB 0x00000000e8600000| Complete 
| 135|0x00000000e8700000, 0x00000000e8800000, 0x00000000e8800000|100%| E|CS|TAMS 0x00000000e8700000| PB 0x00000000e8700000| Complete 
| 136|0x00000000e8800000, 0x00000000e8900000, 0x00000000e8900000|100%| E|CS|TAMS 0x00000000e8800000| PB 0x00000000e8800000| Complete 
| 137|0x00000000e8900000, 0x00000000e8a00000, 0x00000000e8a00000|100%| E|CS|TAMS 0x00000000e8900000| PB 0x00000000e8900000| Complete 
| 138|0x00000000e8a00000, 0x00000000e8b00000, 0x00000000e8b00000|100%| E|CS|TAMS 0x00000000e8a00000| PB 0x00000000e8a00000| Complete 
| 139|0x00000000e8b00000, 0x00000000e8c00000, 0x00000000e8c00000|100%| E|CS|TAMS 0x00000000e8b00000| PB 0x00000000e8b00000| Complete 
| 140|0x00000000e8c00000, 0x00000000e8d00000, 0x00000000e8d00000|100%| E|CS|TAMS 0x00000000e8c00000| PB 0x00000000e8c00000| Complete 
| 141|0x00000000e8d00000, 0x00000000e8e00000, 0x00000000e8e00000|100%| E|CS|TAMS 0x00000000e8d00000| PB 0x00000000e8d00000| Complete 
| 142|0x00000000e8e00000, 0x00000000e8f00000, 0x00000000e8f00000|100%| E|CS|TAMS 0x00000000e8e00000| PB 0x00000000e8e00000| Complete 
| 143|0x00000000e8f00000, 0x00000000e9000000, 0x00000000e9000000|100%| E|CS|TAMS 0x00000000e8f00000| PB 0x00000000e8f00000| Complete 
| 144|0x00000000e9000000, 0x00000000e9100000, 0x00000000e9100000|100%| E|CS|TAMS 0x00000000e9000000| PB 0x00000000e9000000| Complete 
| 145|0x00000000e9100000, 0x00000000e9200000, 0x00000000e9200000|100%| E|CS|TAMS 0x00000000e9100000| PB 0x00000000e9100000| Complete 
| 146|0x00000000e9200000, 0x00000000e9300000, 0x00000000e9300000|100%| E|CS|TAMS 0x00000000e9200000| PB 0x00000000e9200000| Complete 
| 147|0x00000000e9300000, 0x00000000e9400000, 0x00000000e9400000|100%| E|CS|TAMS 0x00000000e9300000| PB 0x00000000e9300000| Complete 
| 148|0x00000000e9400000, 0x00000000e9500000, 0x00000000e9500000|100%| E|CS|TAMS 0x00000000e9400000| PB 0x00000000e9400000| Complete 
| 149|0x00000000e9500000, 0x00000000e9600000, 0x00000000e9600000|100%| E|CS|TAMS 0x00000000e9500000| PB 0x00000000e9500000| Complete 
| 150|0x00000000e9600000, 0x00000000e9700000, 0x00000000e9700000|100%| E|CS|TAMS 0x00000000e9600000| PB 0x00000000e9600000| Complete 
| 151|0x00000000e9700000, 0x00000000e9800000, 0x00000000e9800000|100%| E|CS|TAMS 0x00000000e9700000| PB 0x00000000e9700000| Complete 
| 152|0x00000000e9800000, 0x00000000e9900000, 0x00000000e9900000|100%| E|CS|TAMS 0x00000000e9800000| PB 0x00000000e9800000| Complete 
| 153|0x00000000e9900000, 0x00000000e9a00000, 0x00000000e9a00000|100%| E|CS|TAMS 0x00000000e9900000| PB 0x00000000e9900000| Complete 
| 154|0x00000000e9a00000, 0x00000000e9b00000, 0x00000000e9b00000|100%| E|CS|TAMS 0x00000000e9a00000| PB 0x00000000e9a00000| Complete 
| 155|0x00000000e9b00000, 0x00000000e9c00000, 0x00000000e9c00000|100%| E|CS|TAMS 0x00000000e9b00000| PB 0x00000000e9b00000| Complete 
| 156|0x00000000e9c00000, 0x00000000e9d00000, 0x00000000e9d00000|100%| E|CS|TAMS 0x00000000e9c00000| PB 0x00000000e9c00000| Complete 
| 157|0x00000000e9d00000, 0x00000000e9e00000, 0x00000000e9e00000|100%| E|CS|TAMS 0x00000000e9d00000| PB 0x00000000e9d00000| Complete 
| 158|0x00000000e9e00000, 0x00000000e9f00000, 0x00000000e9f00000|100%| E|CS|TAMS 0x00000000e9e00000| PB 0x00000000e9e00000| Complete 
| 159|0x00000000e9f00000, 0x00000000ea000000, 0x00000000ea000000|100%| E|CS|TAMS 0x00000000e9f00000| PB 0x00000000e9f00000| Complete 
| 160|0x00000000ea000000, 0x00000000ea100000, 0x00000000ea100000|100%| E|CS|TAMS 0x00000000ea000000| PB 0x00000000ea000000| Complete 
| 161|0x00000000ea100000, 0x00000000ea200000, 0x00000000ea200000|100%| E|CS|TAMS 0x00000000ea100000| PB 0x00000000ea100000| Complete 
| 162|0x00000000ea200000, 0x00000000ea300000, 0x00000000ea300000|100%| E|CS|TAMS 0x00000000ea200000| PB 0x00000000ea200000| Complete 
| 163|0x00000000ea300000, 0x00000000ea400000, 0x00000000ea400000|100%| E|CS|TAMS 0x00000000ea300000| PB 0x00000000ea300000| Complete 
| 164|0x00000000ea400000, 0x00000000ea500000, 0x00000000ea500000|100%| E|CS|TAMS 0x00000000ea400000| PB 0x00000000ea400000| Complete 
| 165|0x00000000ea500000, 0x00000000ea600000, 0x00000000ea600000|100%| E|CS|TAMS 0x00000000ea500000| PB 0x00000000ea500000| Complete 
| 166|0x00000000ea600000, 0x00000000ea700000, 0x00000000ea700000|100%| E|CS|TAMS 0x00000000ea600000| PB 0x00000000ea600000| Complete 
| 167|0x00000000ea700000, 0x00000000ea800000, 0x00000000ea800000|100%| E|CS|TAMS 0x00000000ea700000| PB 0x00000000ea700000| Complete 
| 168|0x00000000ea800000, 0x00000000ea900000, 0x00000000ea900000|100%| E|CS|TAMS 0x00000000ea800000| PB 0x00000000ea800000| Complete 
| 169|0x00000000ea900000, 0x00000000eaa00000, 0x00000000eaa00000|100%| E|CS|TAMS 0x00000000ea900000| PB 0x00000000ea900000| Complete 
| 170|0x00000000eaa00000, 0x00000000eab00000, 0x00000000eab00000|100%| E|CS|TAMS 0x00000000eaa00000| PB 0x00000000eaa00000| Complete 
| 171|0x00000000eab00000, 0x00000000eac00000, 0x00000000eac00000|100%| E|CS|TAMS 0x00000000eab00000| PB 0x00000000eab00000| Complete 
| 172|0x00000000eac00000, 0x00000000ead00000, 0x00000000ead00000|100%| E|CS|TAMS 0x00000000eac00000| PB 0x00000000eac00000| Complete 
| 173|0x00000000ead00000, 0x00000000eae00000, 0x00000000eae00000|100%| E|CS|TAMS 0x00000000ead00000| PB 0x00000000ead00000| Complete 
| 174|0x00000000eae00000, 0x00000000eaf00000, 0x00000000eaf00000|100%| E|CS|TAMS 0x00000000eae00000| PB 0x00000000eae00000| Complete 
| 175|0x00000000eaf00000, 0x00000000eb000000, 0x00000000eb000000|100%| E|CS|TAMS 0x00000000eaf00000| PB 0x00000000eaf00000| Complete 
| 176|0x00000000eb000000, 0x00000000eb100000, 0x00000000eb100000|100%| E|CS|TAMS 0x00000000eb000000| PB 0x00000000eb000000| Complete 
| 177|0x00000000eb100000, 0x00000000eb200000, 0x00000000eb200000|100%| E|CS|TAMS 0x00000000eb100000| PB 0x00000000eb100000| Complete 
| 178|0x00000000eb200000, 0x00000000eb300000, 0x00000000eb300000|100%| E|CS|TAMS 0x00000000eb200000| PB 0x00000000eb200000| Complete 
| 179|0x00000000eb300000, 0x00000000eb400000, 0x00000000eb400000|100%| E|CS|TAMS 0x00000000eb300000| PB 0x00000000eb300000| Complete 
| 180|0x00000000eb400000, 0x00000000eb500000, 0x00000000eb500000|100%| E|CS|TAMS 0x00000000eb400000| PB 0x00000000eb400000| Complete 
| 181|0x00000000eb500000, 0x00000000eb600000, 0x00000000eb600000|100%| E|CS|TAMS 0x00000000eb500000| PB 0x00000000eb500000| Complete 
| 182|0x00000000eb600000, 0x00000000eb700000, 0x00000000eb700000|100%| E|CS|TAMS 0x00000000eb600000| PB 0x00000000eb600000| Complete 
| 183|0x00000000eb700000, 0x00000000eb800000, 0x00000000eb800000|100%| E|CS|TAMS 0x00000000eb700000| PB 0x00000000eb700000| Complete 
| 184|0x00000000eb800000, 0x00000000eb900000, 0x00000000eb900000|100%| E|CS|TAMS 0x00000000eb800000| PB 0x00000000eb800000| Complete 
| 185|0x00000000eb900000, 0x00000000eba00000, 0x00000000eba00000|100%| E|CS|TAMS 0x00000000eb900000| PB 0x00000000eb900000| Complete 
| 186|0x00000000eba00000, 0x00000000ebb00000, 0x00000000ebb00000|100%| E|CS|TAMS 0x00000000eba00000| PB 0x00000000eba00000| Complete 
| 187|0x00000000ebb00000, 0x00000000ebc00000, 0x00000000ebc00000|100%| E|CS|TAMS 0x00000000ebb00000| PB 0x00000000ebb00000| Complete 
| 188|0x00000000ebc00000, 0x00000000ebd00000, 0x00000000ebd00000|100%| E|CS|TAMS 0x00000000ebc00000| PB 0x00000000ebc00000| Complete 
| 189|0x00000000ebd00000, 0x00000000ebe00000, 0x00000000ebe00000|100%| E|CS|TAMS 0x00000000ebd00000| PB 0x00000000ebd00000| Complete 
| 190|0x00000000ebe00000, 0x00000000ebf00000, 0x00000000ebf00000|100%| E|CS|TAMS 0x00000000ebe00000| PB 0x00000000ebe00000| Complete 
| 191|0x00000000ebf00000, 0x00000000ec000000, 0x00000000ec000000|100%| E|CS|TAMS 0x00000000ebf00000| PB 0x00000000ebf00000| Complete 
| 192|0x00000000ec000000, 0x00000000ec100000, 0x00000000ec100000|100%| E|CS|TAMS 0x00000000ec000000| PB 0x00000000ec000000| Complete 
| 193|0x00000000ec100000, 0x00000000ec200000, 0x00000000ec200000|100%| E|CS|TAMS 0x00000000ec100000| PB 0x00000000ec100000| Complete 
| 194|0x00000000ec200000, 0x00000000ec300000, 0x00000000ec300000|100%| E|CS|TAMS 0x00000000ec200000| PB 0x00000000ec200000| Complete 
| 195|0x00000000ec300000, 0x00000000ec400000, 0x00000000ec400000|100%| E|CS|TAMS 0x00000000ec300000| PB 0x00000000ec300000| Complete 
| 196|0x00000000ec400000, 0x00000000ec500000, 0x00000000ec500000|100%| E|CS|TAMS 0x00000000ec400000| PB 0x00000000ec400000| Complete 
| 197|0x00000000ec500000, 0x00000000ec600000, 0x00000000ec600000|100%| E|CS|TAMS 0x00000000ec500000| PB 0x00000000ec500000| Complete 
| 198|0x00000000ec600000, 0x00000000ec700000, 0x00000000ec700000|100%| E|CS|TAMS 0x00000000ec600000| PB 0x00000000ec600000| Complete 
| 199|0x00000000ec700000, 0x00000000ec800000, 0x00000000ec800000|100%| E|CS|TAMS 0x00000000ec700000| PB 0x00000000ec700000| Complete 
| 200|0x00000000ec800000, 0x00000000ec900000, 0x00000000ec900000|100%| E|CS|TAMS 0x00000000ec800000| PB 0x00000000ec800000| Complete 
| 201|0x00000000ec900000, 0x00000000eca00000, 0x00000000eca00000|100%| E|CS|TAMS 0x00000000ec900000| PB 0x00000000ec900000| Complete 
| 202|0x00000000eca00000, 0x00000000ecb00000, 0x00000000ecb00000|100%| E|CS|TAMS 0x00000000eca00000| PB 0x00000000eca00000| Complete 
| 203|0x00000000ecb00000, 0x00000000ecc00000, 0x00000000ecc00000|100%| E|CS|TAMS 0x00000000ecb00000| PB 0x00000000ecb00000| Complete 
| 204|0x00000000ecc00000, 0x00000000ecd00000, 0x00000000ecd00000|100%| E|CS|TAMS 0x00000000ecc00000| PB 0x00000000ecc00000| Complete 
| 205|0x00000000ecd00000, 0x00000000ece00000, 0x00000000ece00000|100%| E|CS|TAMS 0x00000000ecd00000| PB 0x00000000ecd00000| Complete 
| 206|0x00000000ece00000, 0x00000000ecf00000, 0x00000000ecf00000|100%| E|CS|TAMS 0x00000000ece00000| PB 0x00000000ece00000| Complete 
| 207|0x00000000ecf00000, 0x00000000ed000000, 0x00000000ed000000|100%| E|CS|TAMS 0x00000000ecf00000| PB 0x00000000ecf00000| Complete 
| 208|0x00000000ed000000, 0x00000000ed100000, 0x00000000ed100000|100%| E|CS|TAMS 0x00000000ed000000| PB 0x00000000ed000000| Complete 
| 209|0x00000000ed100000, 0x00000000ed200000, 0x00000000ed200000|100%| E|CS|TAMS 0x00000000ed100000| PB 0x00000000ed100000| Complete 
| 210|0x00000000ed200000, 0x00000000ed300000, 0x00000000ed300000|100%| E|CS|TAMS 0x00000000ed200000| PB 0x00000000ed200000| Complete 
| 211|0x00000000ed300000, 0x00000000ed400000, 0x00000000ed400000|100%| E|CS|TAMS 0x00000000ed300000| PB 0x00000000ed300000| Complete 
| 212|0x00000000ed400000, 0x00000000ed500000, 0x00000000ed500000|100%| E|CS|TAMS 0x00000000ed400000| PB 0x00000000ed400000| Complete 
| 213|0x00000000ed500000, 0x00000000ed600000, 0x00000000ed600000|100%| E|CS|TAMS 0x00000000ed500000| PB 0x00000000ed500000| Complete 
| 214|0x00000000ed600000, 0x00000000ed700000, 0x00000000ed700000|100%| E|CS|TAMS 0x00000000ed600000| PB 0x00000000ed600000| Complete 
| 215|0x00000000ed700000, 0x00000000ed800000, 0x00000000ed800000|100%| E|CS|TAMS 0x00000000ed700000| PB 0x00000000ed700000| Complete 
| 216|0x00000000ed800000, 0x00000000ed900000, 0x00000000ed900000|100%| E|CS|TAMS 0x00000000ed800000| PB 0x00000000ed800000| Complete 
| 217|0x00000000ed900000, 0x00000000eda00000, 0x00000000eda00000|100%| E|CS|TAMS 0x00000000ed900000| PB 0x00000000ed900000| Complete 
| 218|0x00000000eda00000, 0x00000000edb00000, 0x00000000edb00000|100%| E|CS|TAMS 0x00000000eda00000| PB 0x00000000eda00000| Complete 
| 219|0x00000000edb00000, 0x00000000edc00000, 0x00000000edc00000|100%| E|CS|TAMS 0x00000000edb00000| PB 0x00000000edb00000| Complete 
| 220|0x00000000edc00000, 0x00000000edd00000, 0x00000000edd00000|100%| E|CS|TAMS 0x00000000edc00000| PB 0x00000000edc00000| Complete 
| 221|0x00000000edd00000, 0x00000000ede00000, 0x00000000ede00000|100%| E|CS|TAMS 0x00000000edd00000| PB 0x00000000edd00000| Complete 
| 222|0x00000000ede00000, 0x00000000edf00000, 0x00000000edf00000|100%| E|CS|TAMS 0x00000000ede00000| PB 0x00000000ede00000| Complete 
| 223|0x00000000edf00000, 0x00000000ee000000, 0x00000000ee000000|100%| E|CS|TAMS 0x00000000edf00000| PB 0x00000000edf00000| Complete 
| 224|0x00000000ee000000, 0x00000000ee100000, 0x00000000ee100000|100%| E|CS|TAMS 0x00000000ee000000| PB 0x00000000ee000000| Complete 
| 225|0x00000000ee100000, 0x00000000ee200000, 0x00000000ee200000|100%| E|CS|TAMS 0x00000000ee100000| PB 0x00000000ee100000| Complete 
| 226|0x00000000ee200000, 0x00000000ee300000, 0x00000000ee300000|100%| E|CS|TAMS 0x00000000ee200000| PB 0x00000000ee200000| Complete 
| 227|0x00000000ee300000, 0x00000000ee400000, 0x00000000ee400000|100%| E|CS|TAMS 0x00000000ee300000| PB 0x00000000ee300000| Complete 
| 228|0x00000000ee400000, 0x00000000ee500000, 0x00000000ee500000|100%| E|CS|TAMS 0x00000000ee400000| PB 0x00000000ee400000| Complete 
| 229|0x00000000ee500000, 0x00000000ee600000, 0x00000000ee600000|100%| E|CS|TAMS 0x00000000ee500000| PB 0x00000000ee500000| Complete 
| 230|0x00000000ee600000, 0x00000000ee700000, 0x00000000ee700000|100%| E|CS|TAMS 0x00000000ee600000| PB 0x00000000ee600000| Complete 
| 231|0x00000000ee700000, 0x00000000ee800000, 0x00000000ee800000|100%| E|CS|TAMS 0x00000000ee700000| PB 0x00000000ee700000| Complete 
| 232|0x00000000ee800000, 0x00000000ee900000, 0x00000000ee900000|100%| E|CS|TAMS 0x00000000ee800000| PB 0x00000000ee800000| Complete 
| 233|0x00000000ee900000, 0x00000000ee974ca0, 0x00000000eea00000| 45%| S|CS|TAMS 0x00000000ee900000| PB 0x00000000ee900000| Complete 
| 234|0x00000000eea00000, 0x00000000eeb00000, 0x00000000eeb00000|100%| S|CS|TAMS 0x00000000eea00000| PB 0x00000000eea00000| Complete 
| 235|0x00000000eeb00000, 0x00000000eec00000, 0x00000000eec00000|100%| S|CS|TAMS 0x00000000eeb00000| PB 0x00000000eeb00000| Complete 
| 236|0x00000000eec00000, 0x00000000eed00000, 0x00000000eed00000|100%| S|CS|TAMS 0x00000000eec00000| PB 0x00000000eec00000| Complete 
| 237|0x00000000eed00000, 0x00000000eee00000, 0x00000000eee00000|100%| S|CS|TAMS 0x00000000eed00000| PB 0x00000000eed00000| Complete 
| 238|0x00000000eee00000, 0x00000000eef00000, 0x00000000eef00000|100%| S|CS|TAMS 0x00000000eee00000| PB 0x00000000eee00000| Complete 
| 239|0x00000000eef00000, 0x00000000ef000000, 0x00000000ef000000|100%| S|CS|TAMS 0x00000000eef00000| PB 0x00000000eef00000| Complete 
| 240|0x00000000ef000000, 0x00000000ef100000, 0x00000000ef100000|100%| S|CS|TAMS 0x00000000ef000000| PB 0x00000000ef000000| Complete 
| 241|0x00000000ef100000, 0x00000000ef200000, 0x00000000ef200000|100%| S|CS|TAMS 0x00000000ef100000| PB 0x00000000ef100000| Complete 
| 242|0x00000000ef200000, 0x00000000ef300000, 0x00000000ef300000|100%| S|CS|TAMS 0x00000000ef200000| PB 0x00000000ef200000| Complete 
| 243|0x00000000ef300000, 0x00000000ef400000, 0x00000000ef400000|100%| E|CS|TAMS 0x00000000ef300000| PB 0x00000000ef300000| Complete 
| 244|0x00000000ef400000, 0x00000000ef500000, 0x00000000ef500000|100%| E|CS|TAMS 0x00000000ef400000| PB 0x00000000ef400000| Complete 
| 245|0x00000000ef500000, 0x00000000ef600000, 0x00000000ef600000|100%| E|CS|TAMS 0x00000000ef500000| PB 0x00000000ef500000| Complete 
| 246|0x00000000ef600000, 0x00000000ef700000, 0x00000000ef700000|100%| E|CS|TAMS 0x00000000ef600000| PB 0x00000000ef600000| Complete 
| 247|0x00000000ef700000, 0x00000000ef800000, 0x00000000ef800000|100%| E|CS|TAMS 0x00000000ef700000| PB 0x00000000ef700000| Complete 
| 248|0x00000000ef800000, 0x00000000ef900000, 0x00000000ef900000|100%| E|CS|TAMS 0x00000000ef800000| PB 0x00000000ef800000| Complete 
| 249|0x00000000ef900000, 0x00000000efa00000, 0x00000000efa00000|100%| E|CS|TAMS 0x00000000ef900000| PB 0x00000000ef900000| Complete 
| 250|0x00000000efa00000, 0x00000000efb00000, 0x00000000efb00000|100%| E|CS|TAMS 0x00000000efa00000| PB 0x00000000efa00000| Complete 
| 251|0x00000000efb00000, 0x00000000efc00000, 0x00000000efc00000|100%| E|CS|TAMS 0x00000000efb00000| PB 0x00000000efb00000| Complete 
| 252|0x00000000efc00000, 0x00000000efd00000, 0x00000000efd00000|100%| E|CS|TAMS 0x00000000efc00000| PB 0x00000000efc00000| Complete 
| 253|0x00000000efd00000, 0x00000000efe00000, 0x00000000efe00000|100%| E|CS|TAMS 0x00000000efd00000| PB 0x00000000efd00000| Complete 
| 254|0x00000000efe00000, 0x00000000eff00000, 0x00000000eff00000|100%| E|CS|TAMS 0x00000000efe00000| PB 0x00000000efe00000| Complete 
| 255|0x00000000eff00000, 0x00000000f0000000, 0x00000000f0000000|100%| E|CS|TAMS 0x00000000eff00000| PB 0x00000000eff00000| Complete 

Card table byte_map: [0x000001c35d640000,0x000001c35d740000] _byte_map_base: 0x000001c35cf40000

Marking Bits: (CMBitMap*) 0x000001c34aadd8f0
 Bits: [0x000001c35d740000, 0x000001c35df40000)

Polling page: 0x000001c348940000

Metaspace:

Usage:
  Non-class:     38.58 MB used.
      Class:      6.81 MB used.
       Both:     45.39 MB used.

Virtual space:
  Non-class space:       64.00 MB reserved,      39.50 MB ( 62%) committed,  1 nodes.
      Class space:      320.00 MB reserved,       7.69 MB (  2%) committed,  1 nodes.
             Both:      384.00 MB reserved,      47.19 MB ( 12%) committed. 

Chunk freelists:
   Non-Class:  7.92 MB
       Class:  8.30 MB
        Both:  16.22 MB

MaxMetaspaceSize: 384.00 MB
CompressedClassSpaceSize: 320.00 MB
Initial GC threshold: 21.00 MB
Current GC threshold: 59.69 MB
CDS: on
 - commit_granule_bytes: 65536.
 - commit_granule_words: 8192.
 - virtual_space_node_default_size: 8388608.
 - enlarge_chunks_in_place: 1.
 - use_allocation_guard: 0.


Internal statistics:

num_allocs_failed_limit: 12.
num_arena_births: 3374.
num_arena_deaths: 0.
num_vsnodes_births: 2.
num_vsnodes_deaths: 0.
num_space_committed: 755.
num_space_uncommitted: 0.
num_chunks_returned_to_freelist: 12.
num_chunks_taken_from_freelist: 5730.
num_chunk_merges: 12.
num_chunk_splits: 3668.
num_chunks_enlarged: 2163.
num_inconsistent_stats: 0.

CodeHeap 'non-profiled nmethods': size=119168Kb used=3376Kb max_used=3376Kb free=115791Kb
 bounds [0x000001c355850000, 0x000001c355ba0000, 0x000001c35ccb0000]
CodeHeap 'profiled nmethods': size=119104Kb used=10922Kb max_used=10922Kb free=108181Kb
 bounds [0x000001c34dcb0000, 0x000001c34e760000, 0x000001c355100000]
CodeHeap 'non-nmethods': size=7488Kb used=1870Kb max_used=3560Kb free=5618Kb
 bounds [0x000001c355100000, 0x000001c355520000, 0x000001c355850000]
CodeCache: size=245760Kb, used=16168Kb, max_used=17858Kb, free=229590Kb
 total_blobs=6311, nmethods=5566, adapters=648, full_count=0
Compilation: enabled, stopped_count=0, restarted_count=0

Compilation events (20 events):
Event: 86.352 Thread 0x000001c37a031a60 5994       3       org.gradle.model.internal.asm.BytecodeFragment$1::emit (1 bytes)
Event: 86.353 Thread 0x000001c37aea5fa0 5986       4       org.objectweb.asm.ByteVector::put122 (93 bytes)
Event: 86.353 Thread 0x000001c37a031a60 nmethod 5994 0x000001c34e747b10 code [0x000001c34e747ca0, 0x000001c34e747da8]
Event: 86.355 Thread 0x000001c37aea4460 nmethod 5993 0x000001c34e747e10 code [0x000001c34e748200, 0x000001c34e74a650]
Event: 86.355 Thread 0x000001c37aea5fa0 nmethod 5986 0x000001c355b96390 code [0x000001c355b96540, 0x000001c355b96760]
Event: 86.356 Thread 0x000001c37aea5fa0 5987       4       org.objectweb.asm.Frame::getAbstractTypeFromDescriptor (432 bytes)
Event: 86.378 Thread 0x000001c37aea4460 5998       3       org.gradle.internal.instantiation.generator.AsmBackedClassGenerator$ClassBuilderImpl::access$1600 (4 bytes)
Event: 86.378 Thread 0x000001c37aea4460 nmethod 5998 0x000001c34e74b090 code [0x000001c34e74b220, 0x000001c34e74b318]
Event: 86.388 Thread 0x000001c37a031a60 6001       3       org.objectweb.asm.Frame::execute (2303 bytes)
Event: 86.392 Thread 0x000001c37aea5fa0 nmethod 5987 0x000001c355b96c10 code [0x000001c355b96ea0, 0x000001c355b97de8]
Event: 86.392 Thread 0x000001c37aea4460 6002       1       com.google.common.collect.ImmutableCollection::internalArray (2 bytes)
Event: 86.392 Thread 0x000001c37aea4460 nmethod 6002 0x000001c355b98810 code [0x000001c355b989a0, 0x000001c355b98a70]
Event: 86.392 Thread 0x000001c37aea5fa0 5997       4       org.objectweb.asm.SymbolTable::addConstantMemberReference (147 bytes)
Event: 86.394 Thread 0x000001c37aea4460 6003       3       org.gradle.internal.instantiation.generator.ParamsMatchingConstructorSelector::forParams (481 bytes)
Event: 86.397 Thread 0x000001c37a031a60 nmethod 6001 0x000001c34e74b390 code [0x000001c34e74c1e0, 0x000001c34e7526c0]
Event: 86.398 Thread 0x000001c37a031a60 6004       3       org.gradle.internal.instantiation.generator.ParamsMatchingConstructorSelector::vetoParameters (1 bytes)
Event: 86.398 Thread 0x000001c37a031a60 nmethod 6004 0x000001c34e754310 code [0x000001c34e7544a0, 0x000001c34e7545a8]
Event: 86.400 Thread 0x000001c37aea4460 nmethod 6003 0x000001c34e754610 code [0x000001c34e754c80, 0x000001c34e7587a0]
Event: 86.412 Thread 0x000001c37aea4460 6005       3       java.lang.reflect.ProxyGenerator::collectCompatibleTypes (93 bytes)
Event: 86.413 Thread 0x000001c37aea4460 nmethod 6005 0x000001c34e759a10 code [0x000001c34e759c00, 0x000001c34e75a0e8]

GC Heap History (14 events):
Event: 4.540 GC heap before
{Heap before GC invocations=0 (full 0):
 garbage-first heap   total 262144K, used 26624K [0x00000000e0000000, 0x0000000100000000)
  region size 1024K, 23 young (23552K), 0 survivors (0K)
 Metaspace       used 2918K, committed 3072K, reserved 393216K
  class space    used 342K, committed 384K, reserved 327680K
}
Event: 5.330 GC heap after
{Heap after GC invocations=1 (full 0):
 garbage-first heap   total 262144K, used 10794K [0x00000000e0000000, 0x0000000100000000)
  region size 1024K, 3 young (3072K), 3 survivors (3072K)
 Metaspace       used 2918K, committed 3072K, reserved 393216K
  class space    used 342K, committed 384K, reserved 327680K
}
Event: 7.944 GC heap before
{Heap before GC invocations=1 (full 0):
 garbage-first heap   total 262144K, used 38442K [0x00000000e0000000, 0x0000000100000000)
  region size 1024K, 30 young (30720K), 3 survivors (3072K)
 Metaspace       used 4662K, committed 4864K, reserved 393216K
  class space    used 591K, committed 704K, reserved 327680K
}
Event: 7.952 GC heap after
{Heap after GC invocations=2 (full 0):
 garbage-first heap   total 262144K, used 15161K [0x00000000e0000000, 0x0000000100000000)
  region size 1024K, 3 young (3072K), 3 survivors (3072K)
 Metaspace       used 4662K, committed 4864K, reserved 393216K
  class space    used 591K, committed 704K, reserved 327680K
}
Event: 29.472 GC heap before
{Heap before GC invocations=2 (full 0):
 garbage-first heap   total 262144K, used 99129K [0x00000000e0000000, 0x0000000100000000)
  region size 1024K, 84 young (86016K), 3 survivors (3072K)
 Metaspace       used 17144K, committed 17600K, reserved 393216K
  class space    used 2366K, committed 2560K, reserved 327680K
}
Event: 29.714 GC heap after
{Heap after GC invocations=3 (full 0):
 garbage-first heap   total 262144K, used 22443K [0x00000000e0000000, 0x0000000100000000)
  region size 1024K, 10 young (10240K), 10 survivors (10240K)
 Metaspace       used 17144K, committed 17600K, reserved 393216K
  class space    used 2366K, committed 2560K, reserved 327680K
}
Event: 30.833 GC heap before
{Heap before GC invocations=3 (full 0):
 garbage-first heap   total 262144K, used 50091K [0x00000000e0000000, 0x0000000100000000)
  region size 1024K, 39 young (39936K), 10 survivors (10240K)
 Metaspace       used 20869K, committed 21504K, reserved 393216K
  class space    used 2980K, committed 3328K, reserved 327680K
}
Event: 30.841 GC heap after
{Heap after GC invocations=4 (full 0):
 garbage-first heap   total 262144K, used 24922K [0x00000000e0000000, 0x0000000100000000)
  region size 1024K, 3 young (3072K), 3 survivors (3072K)
 Metaspace       used 20869K, committed 21504K, reserved 393216K
  class space    used 2980K, committed 3328K, reserved 327680K
}
Event: 35.990 GC heap before
{Heap before GC invocations=5 (full 0):
 garbage-first heap   total 262144K, used 124250K [0x00000000e0000000, 0x0000000100000000)
  region size 1024K, 102 young (104448K), 3 survivors (3072K)
 Metaspace       used 34597K, committed 35968K, reserved 393216K
  class space    used 5105K, committed 5760K, reserved 327680K
}
Event: 36.000 GC heap after
{Heap after GC invocations=6 (full 0):
 garbage-first heap   total 262144K, used 30858K [0x00000000e0000000, 0x0000000100000000)
  region size 1024K, 9 young (9216K), 9 survivors (9216K)
 Metaspace       used 34597K, committed 35968K, reserved 393216K
  class space    used 5105K, committed 5760K, reserved 327680K
}
Event: 36.083 GC heap before
{Heap before GC invocations=6 (full 0):
 garbage-first heap   total 262144K, used 31882K [0x00000000e0000000, 0x0000000100000000)
  region size 1024K, 12 young (12288K), 9 survivors (9216K)
 Metaspace       used 34912K, committed 36288K, reserved 393216K
  class space    used 5143K, committed 5824K, reserved 327680K
}
Event: 36.089 GC heap after
{Heap after GC invocations=7 (full 0):
 garbage-first heap   total 262144K, used 31448K [0x00000000e0000000, 0x0000000100000000)
  region size 1024K, 9 young (9216K), 9 survivors (9216K)
 Metaspace       used 34912K, committed 36288K, reserved 393216K
  class space    used 5143K, committed 5824K, reserved 327680K
}
Event: 36.339 GC heap before
{Heap before GC invocations=7 (full 0):
 garbage-first heap   total 262144K, used 34520K [0x00000000e0000000, 0x0000000100000000)
  region size 1024K, 13 young (13312K), 9 survivors (9216K)
 Metaspace       used 35330K, committed 36608K, reserved 393216K
  class space    used 5197K, committed 5824K, reserved 327680K
}
Event: 36.346 GC heap after
{Heap after GC invocations=8 (full 0):
 garbage-first heap   total 262144K, used 32011K [0x00000000e0000000, 0x0000000100000000)
  region size 1024K, 10 young (10240K), 10 survivors (10240K)
 Metaspace       used 35330K, committed 36608K, reserved 393216K
  class space    used 5197K, committed 5824K, reserved 327680K
}

Dll operation events (20 events):
Event: 1.521 Attempting to load shared library C:\Users\Admin\.vscode\extensions\redhat.java-1.56.0-win32-x64\jre\21.0.12.1-win32-x86_64\bin\nio.dll
Event: 1.522 Loaded shared library C:\Users\Admin\.vscode\extensions\redhat.java-1.56.0-win32-x64\jre\21.0.12.1-win32-x86_64\bin\nio.dll
Event: 1.529 Attempting to load shared library C:\Users\Admin\.vscode\extensions\redhat.java-1.56.0-win32-x64\jre\21.0.12.1-win32-x86_64\bin\zip.dll
Event: 1.529 Loaded shared library C:\Users\Admin\.vscode\extensions\redhat.java-1.56.0-win32-x64\jre\21.0.12.1-win32-x86_64\bin\zip.dll
Event: 3.094 Attempting to load shared library C:\Users\Admin\.vscode\extensions\redhat.java-1.56.0-win32-x64\jre\21.0.12.1-win32-x86_64\bin\jimage.dll
Event: 3.094 Loaded shared library C:\Users\Admin\.vscode\extensions\redhat.java-1.56.0-win32-x64\jre\21.0.12.1-win32-x86_64\bin\jimage.dll
Event: 3.963 Attempting to load shared library C:\Users\Admin\.vscode\extensions\redhat.java-1.56.0-win32-x64\jre\21.0.12.1-win32-x86_64\bin\verify.dll
Event: 3.964 Loaded shared library C:\Users\Admin\.vscode\extensions\redhat.java-1.56.0-win32-x64\jre\21.0.12.1-win32-x86_64\bin\verify.dll
Event: 4.099 Attempting to load shared library C:\Users\Admin\.gradle\native\660c5614fbf4a5f2a75b1949f50a0caf5cd603558e7d8a26e50b933a0cfb79d1\windows-amd64\native-platform.dll
Event: 4.100 Loaded shared library C:\Users\Admin\.gradle\native\660c5614fbf4a5f2a75b1949f50a0caf5cd603558e7d8a26e50b933a0cfb79d1\windows-amd64\native-platform.dll
Event: 4.168 Attempting to load shared library C:\Users\Admin\.gradle\native\0.2.8\x86_64-windows-gnu\gradle-fileevents.dll
Event: 4.297 Loaded shared library C:\Users\Admin\.gradle\native\0.2.8\x86_64-windows-gnu\gradle-fileevents.dll
Event: 13.977 Attempting to load shared library C:\Users\Admin\.vscode\extensions\redhat.java-1.56.0-win32-x64\jre\21.0.12.1-win32-x86_64\bin\management.dll
Event: 13.978 Loaded shared library C:\Users\Admin\.vscode\extensions\redhat.java-1.56.0-win32-x64\jre\21.0.12.1-win32-x86_64\bin\management.dll
Event: 13.985 Attempting to load shared library C:\Users\Admin\.vscode\extensions\redhat.java-1.56.0-win32-x64\jre\21.0.12.1-win32-x86_64\bin\management_ext.dll
Event: 13.990 Loaded shared library C:\Users\Admin\.vscode\extensions\redhat.java-1.56.0-win32-x64\jre\21.0.12.1-win32-x86_64\bin\management_ext.dll
Event: 14.939 Attempting to load shared library C:\Users\Admin\.vscode\extensions\redhat.java-1.56.0-win32-x64\jre\21.0.12.1-win32-x86_64\bin\extnet.dll
Event: 14.942 Loaded shared library C:\Users\Admin\.vscode\extensions\redhat.java-1.56.0-win32-x64\jre\21.0.12.1-win32-x86_64\bin\extnet.dll
Event: 23.219 Attempting to load shared library C:\Users\Admin\.vscode\extensions\redhat.java-1.56.0-win32-x64\jre\21.0.12.1-win32-x86_64\bin\sunmscapi.dll
Event: 23.223 Loaded shared library C:\Users\Admin\.vscode\extensions\redhat.java-1.56.0-win32-x64\jre\21.0.12.1-win32-x86_64\bin\sunmscapi.dll

Deoptimization events (20 events):
Event: 85.805 Thread 0x000001c37a55bfc0 Uncommon trap: trap_request=0xffffffc6 fr.pc=0x000001c355a7df58 relative=0x0000000000000ad8
Event: 85.805 Thread 0x000001c37a55bfc0 Uncommon trap: reason=bimorphic_or_optimized_type_check action=maybe_recompile pc=0x000001c355a7df58 method=java.io.BufferedInputStream.implRead([BII)I @ 100 c2
Event: 85.805 Thread 0x000001c37a55bfc0 DEOPT PACKING pc=0x000001c355a7df58 sp=0x000000b5f16f6e10
Event: 85.805 Thread 0x000001c37a55bfc0 DEOPT UNPACKING pc=0x000001c355154422 sp=0x000000b5f16f6dc8 mode 2
Event: 86.176 Thread 0x000001c37a55bfc0 Uncommon trap: trap_request=0xffffffc6 fr.pc=0x000001c355a7df58 relative=0x0000000000000ad8
Event: 86.176 Thread 0x000001c37a55bfc0 Uncommon trap: reason=bimorphic_or_optimized_type_check action=maybe_recompile pc=0x000001c355a7df58 method=java.io.BufferedInputStream.implRead([BII)I @ 100 c2
Event: 86.176 Thread 0x000001c37a55bfc0 DEOPT PACKING pc=0x000001c355a7df58 sp=0x000000b5f16f7170
Event: 86.176 Thread 0x000001c37a55bfc0 DEOPT UNPACKING pc=0x000001c355154422 sp=0x000000b5f16f7128 mode 2
Event: 86.218 Thread 0x000001c37a55bfc0 Uncommon trap: trap_request=0xffffffc6 fr.pc=0x000001c355a7df58 relative=0x0000000000000ad8
Event: 86.218 Thread 0x000001c37a55bfc0 Uncommon trap: reason=bimorphic_or_optimized_type_check action=maybe_recompile pc=0x000001c355a7df58 method=java.io.BufferedInputStream.implRead([BII)I @ 100 c2
Event: 86.218 Thread 0x000001c37a55bfc0 DEOPT PACKING pc=0x000001c355a7df58 sp=0x000000b5f16f7170
Event: 86.218 Thread 0x000001c37a55bfc0 DEOPT UNPACKING pc=0x000001c355154422 sp=0x000000b5f16f7128 mode 2
Event: 86.318 Thread 0x000001c37a55bfc0 Uncommon trap: trap_request=0xffffff3d fr.pc=0x000001c355a4b554 relative=0x0000000000000c54
Event: 86.318 Thread 0x000001c37a55bfc0 Uncommon trap: reason=unstable_fused_if action=reinterpret pc=0x000001c355a4b554 method=org.objectweb.asm.ByteVector.putUTF8(Ljava/lang/String;)Lorg/objectweb/asm/ByteVector; @ 93 c2
Event: 86.318 Thread 0x000001c37a55bfc0 DEOPT PACKING pc=0x000001c355a4b554 sp=0x000000b5f16f70a0
Event: 86.318 Thread 0x000001c37a55bfc0 DEOPT UNPACKING pc=0x000001c355154422 sp=0x000000b5f16f6ff8 mode 2
Event: 86.388 Thread 0x000001c37a55bfc0 Uncommon trap: trap_request=0xffffff45 fr.pc=0x000001c355b77754 relative=0x0000000000001094
Event: 86.388 Thread 0x000001c37a55bfc0 Uncommon trap: reason=unstable_if action=reinterpret pc=0x000001c355b77754 method=org.objectweb.asm.Frame.execute(IILorg/objectweb/asm/Symbol;Lorg/objectweb/asm/SymbolTable;)V @ 1 c2
Event: 86.388 Thread 0x000001c37a55bfc0 DEOPT PACKING pc=0x000001c355b77754 sp=0x000000b5f16f8020
Event: 86.388 Thread 0x000001c37a55bfc0 DEOPT UNPACKING pc=0x000001c355154422 sp=0x000000b5f16f7fa8 mode 2

Classes loaded (20 events):
Event: 85.447 Loading class javax/net/ssl/TrustManager
Event: 85.447 Loading class javax/net/ssl/TrustManager done
Event: 85.448 Loading class javax/net/ssl/X509TrustManager
Event: 85.448 Loading class javax/net/ssl/X509TrustManager done
Event: 85.453 Loading class javax/net/ssl/SSLPeerUnverifiedException
Event: 85.453 Loading class javax/net/ssl/SSLException
Event: 85.453 Loading class javax/net/ssl/SSLException done
Event: 85.453 Loading class javax/net/ssl/SSLPeerUnverifiedException done
Event: 85.453 Loading class java/security/cert/CertificateParsingException
Event: 85.453 Loading class java/security/cert/CertificateException
Event: 85.453 Loading class java/security/cert/CertificateException done
Event: 85.453 Loading class java/security/cert/CertificateParsingException done
Event: 85.453 Loading class javax/naming/NamingException
Event: 85.454 Loading class javax/naming/NamingException done
Event: 85.454 Loading class javax/naming/InvalidNameException
Event: 85.455 Loading class javax/naming/InvalidNameException done
Event: 85.809 Loading class java/nio/file/Path$1
Event: 85.809 Loading class java/nio/file/Path$1 done
Event: 86.403 Loading class java/util/ArrayList$SubList$1
Event: 86.404 Loading class java/util/ArrayList$SubList$1 done

Classes unloaded (0 events):
No events

Classes redefined (0 events):
No events

Internal exceptions (20 events):
Event: 84.590 Thread 0x000001c37a55bfc0 Exception <a 'java/lang/NoSuchMethodError'{0x00000000e90c3a20}: 'java.lang.Object java.lang.invoke.DirectMethodHandle$Holder.invokeSpecial(java.lang.Object, java.lang.Object, java.lang.Object, java.lang.Object, java.lang.Object, int)'> (0x00000000e90c3a20) 
thrown [s\src\hotspot\share\interpreter\linkResolver.cpp, line 773]
Event: 84.591 Thread 0x000001c37a55bfc0 Exception <a 'java/lang/NoSuchMethodError'{0x00000000e90c8480}: 'java.lang.Object java.lang.invoke.DelegatingMethodHandle$Holder.delegate(java.lang.Object, java.lang.Object, java.lang.Object, java.lang.Object, int)'> (0x00000000e90c8480) 
thrown [s\src\hotspot\share\interpreter\linkResolver.cpp, line 773]
Event: 84.600 Thread 0x000001c37a55bfc0 Exception <a 'java/lang/ClassNotFoundException'{0x00000000e8f1b800}: org/gradle/plugin/use/internal/PluginRequestCollector$PluginDependenciesSpecImplBeanInfo> (0x00000000e8f1b800) 
thrown [s\src\hotspot\share\classfile\systemDictionary.cpp, line 313]
Event: 84.603 Thread 0x000001c37a55bfc0 Exception <a 'java/lang/ClassNotFoundException'{0x00000000e8f2e100}: org/gradle/plugin/use/internal/PluginRequestCollector$PluginDependenciesSpecImplCustomizer> (0x00000000e8f2e100) 
thrown [s\src\hotspot\share\classfile\systemDictionary.cpp, line 313]
Event: 84.607 Thread 0x000001c37a55bfc0 Exception <a 'java/lang/NoSuchMethodError'{0x00000000e8f3c908}: 'java.lang.Object java.lang.invoke.DirectMethodHandle$Holder.invokeVirtual(java.lang.Object, java.lang.Object, java.lang.Object, int)'> (0x00000000e8f3c908) 
thrown [s\src\hotspot\share\interpreter\linkResolver.cpp, line 773]
Event: 84.621 Thread 0x000001c37a55bfc0 Exception <a 'java/lang/ClassNotFoundException'{0x00000000e8f89280}: org/gradle/plugin/use/internal/PluginRequestCollector$PluginDependencySpecImplBeanInfo> (0x00000000e8f89280) 
thrown [s\src\hotspot\share\classfile\systemDictionary.cpp, line 313]
Event: 84.622 Thread 0x000001c37a55bfc0 Exception <a 'java/lang/ClassNotFoundException'{0x00000000e8f9b9e8}: org/gradle/plugin/use/internal/PluginRequestCollector$PluginDependencySpecImplCustomizer> (0x00000000e8f9b9e8) 
thrown [s\src\hotspot\share\classfile\systemDictionary.cpp, line 313]
Event: 84.632 Thread 0x000001c37a55bfc0 Exception <a 'java/lang/NoSuchMethodError'{0x00000000e8fc4fa0}: 'void java.lang.invoke.DirectMethodHandle$Holder.invokeStatic(java.lang.Object, java.lang.Object, java.lang.Object, java.lang.Object, java.lang.Object, java.lang.Object)'> (0x00000000e8fc4fa0) 
thrown [s\src\hotspot\share\interpreter\linkResolver.cpp, line 773]
Event: 84.767 Thread 0x000001c37a55bfc0 Exception <a 'java/lang/NoSuchMethodError'{0x00000000e8ce12f8}: 'java.lang.Object java.lang.invoke.DirectMethodHandle$Holder.newInvokeSpecial(java.lang.Object, java.lang.Object, java.lang.Object, java.lang.Object, int)'> (0x00000000e8ce12f8) 
thrown [s\src\hotspot\share\interpreter\linkResolver.cpp, line 773]
Event: 84.768 Thread 0x000001c37a55bfc0 Exception <a 'java/lang/NoSuchMethodError'{0x00000000e8ce5d28}: 'java.lang.Object java.lang.invoke.Invokers$Holder.linkToTargetMethod(java.lang.Object, java.lang.Object, java.lang.Object, int, java.lang.Object)'> (0x00000000e8ce5d28) 
thrown [s\src\hotspot\share\interpreter\linkResolver.cpp, line 773]
Event: 84.777 Thread 0x000001c37a55bfc0 Exception <a 'java/lang/NoSuchMethodError'{0x00000000e8b12a98}: 'java.lang.Object java.lang.invoke.DirectMethodHandle$Holder.newInvokeSpecial(java.lang.Object, java.lang.Object, java.lang.Object, java.lang.Object, java.lang.Object, java.lang.Object, java.lang.Object, java.lang.Object, java.lang.Object, java.lang.Object, java.lang.Object, java.lang.Object, java.lang.Object, java.lang.Object, java.lang.Object, java.lang.Object, java.lang.Object, java.lang.Object, java.lang.Object)'> (0x00000000e8b12a98) 
thr
Event: 84.777 Thread 0x000001c37a55bfc0 Exception <a 'java/lang/NoSuchMethodError'{0x00000000e8b19718}: 'java.lang.Object java.lang.invoke.DirectMethodHandle$Holder.invokeSpecial(java.lang.Object, java.lang.Object, java.lang.Object, java.lang.Object, java.lang.Object, java.lang.Object, java.lang.Object, java.lang.Object, java.lang.Object, java.lang.Object, java.lang.Object, java.lang.Object, java.lang.Object, java.lang.Object, java.lang.Object, java.lang.Object, java.lang.Object, java.lang.Object, java.lang.Object, java.lang.Object)'> (0x0000000
Event: 84.778 Thread 0x000001c37a55bfc0 Exception <a 'java/lang/NoSuchMethodError'{0x00000000e8b1ef68}: 'java.lang.Object java.lang.invoke.DelegatingMethodHandle$Holder.reinvoke_L(java.lang.Object, java.lang.Object, java.lang.Object, java.lang.Object, java.lang.Object, java.lang.Object, java.lang.Object, java.lang.Object, java.lang.Object, java.lang.Object, java.lang.Object, java.lang.Object, java.lang.Object, java.lang.Object, java.lang.Object, java.lang.Object, java.lang.Object, java.lang.Object, java.lang.Object)'> (0x00000000e8b1ef68) 
throw
Event: 84.993 Thread 0x000001c37a55bfc0 Exception <a 'java/lang/NoSuchMethodError'{0x00000000e8661128}: 'java.lang.Object java.lang.invoke.DelegatingMethodHandle$Holder.reinvoke_L(java.lang.Object, java.lang.Object, java.lang.Object, java.lang.Object, int, java.lang.Object, java.lang.Object, java.lang.Object, java.lang.Object, java.lang.Object, java.lang.Object, java.lang.Object, java.lang.Object)'> (0x00000000e8661128) 
thrown [s\src\hotspot\share\interpreter\linkResolver.cpp, line 773]
Event: 85.083 Thread 0x000001c37a55bfc0 Exception <a 'java/lang/NoSuchMethodError'{0x00000000e84bb0d8}: 'java.lang.Object java.lang.invoke.DirectMethodHandle$Holder.newInvokeSpecial(java.lang.Object, java.lang.Object, java.lang.Object, int, java.lang.Object)'> (0x00000000e84bb0d8) 
thrown [s\src\hotspot\share\interpreter\linkResolver.cpp, line 773]
Event: 85.083 Thread 0x000001c37a55bfc0 Exception <a 'java/lang/NoSuchMethodError'{0x00000000e84bf580}: 'java.lang.Object java.lang.invoke.Invokers$Holder.linkToTargetMethod(java.lang.Object, java.lang.Object, int, java.lang.Object, java.lang.Object)'> (0x00000000e84bf580) 
thrown [s\src\hotspot\share\interpreter\linkResolver.cpp, line 773]
Event: 85.304 Thread 0x000001c37a55bfc0 Exception <a 'java/lang/NoSuchMethodError'{0x00000000e7f19128}: 'java.lang.Object java.lang.invoke.DirectMethodHandle$Holder.invokeSpecial(java.lang.Object, java.lang.Object, long, int)'> (0x00000000e7f19128) 
thrown [s\src\hotspot\share\interpreter\linkResolver.cpp, line 773]
Event: 85.807 Thread 0x000001c37a55bfc0 Exception <a 'java/lang/NoSuchMethodError'{0x00000000e76181e8}: 'int java.lang.invoke.DirectMethodHandle$Holder.invokeSpecialIFC(java.lang.Object, java.lang.Object, java.lang.Object)'> (0x00000000e76181e8) 
thrown [s\src\hotspot\share\interpreter\linkResolver.cpp, line 773]
Event: 86.088 Thread 0x000001c37a55bfc0 Exception <a 'java/lang/NoSuchMethodError'{0x00000000e72ece88}: 'void java.lang.invoke.DirectMethodHandle$Holder.invokeStatic(java.lang.Object, java.lang.Object, java.lang.Object, int, java.lang.Object)'> (0x00000000e72ece88) 
thrown [s\src\hotspot\share\interpreter\linkResolver.cpp, line 773]
Event: 86.150 Thread 0x000001c37a55bfc0 Exception <a 'java/lang/NoSuchMethodError'{0x00000000e70bf640}: 'int java.lang.invoke.DirectMethodHandle$Holder.invokeInterface(java.lang.Object, java.lang.Object, java.lang.Object, java.lang.Object, java.lang.Object)'> (0x00000000e70bf640) 
thrown [s\src\hotspot\share\interpreter\linkResolver.cpp, line 773]

ZGC Phase Switch (0 events):
No events

VM Operations (20 events):
Event: 62.239 Executing safepoint VM operation: Cleanup
Event: 62.239 Executing safepoint VM operation: Cleanup done
Event: 66.256 Executing safepoint VM operation: Cleanup
Event: 66.256 Executing safepoint VM operation: Cleanup done
Event: 73.327 Executing safepoint VM operation: Cleanup
Event: 73.327 Executing safepoint VM operation: Cleanup done
Event: 76.348 Executing safepoint VM operation: Cleanup
Event: 76.348 Executing safepoint VM operation: Cleanup done
Event: 83.399 Executing safepoint VM operation: Cleanup
Event: 83.431 Executing safepoint VM operation: Cleanup done
Event: 84.225 Executing non-safepoint VM operation: HandshakeAllThreads (Deoptimize)
Event: 84.226 Executing non-safepoint VM operation: HandshakeAllThreads (Deoptimize) done
Event: 84.495 Executing safepoint VM operation: ICBufferFull
Event: 84.496 Executing safepoint VM operation: ICBufferFull done
Event: 85.508 Executing safepoint VM operation: Cleanup
Event: 85.523 Executing safepoint VM operation: Cleanup done
Event: 85.816 Executing non-safepoint VM operation: HandshakeAllThreads (Deoptimize)
Event: 85.817 Executing non-safepoint VM operation: HandshakeAllThreads (Deoptimize) done
Event: 86.826 Executing safepoint VM operation: Cleanup
Event: 86.826 Executing safepoint VM operation: Cleanup done

Memory protections (0 events):
No events

Nmethod flushes (20 events):
Event: 36.379 Thread 0x000001c360f082f0 flushing  nmethod 0x000001c3558cc890
Event: 36.379 Thread 0x000001c360f082f0 flushing  nmethod 0x000001c3558d0710
Event: 36.379 Thread 0x000001c360f082f0 flushing  nmethod 0x000001c34dccd290
Event: 36.379 Thread 0x000001c360f082f0 flushing  nmethod 0x000001c34dcce790
Event: 36.379 Thread 0x000001c360f082f0 flushing  nmethod 0x000001c34dd23510
Event: 36.379 Thread 0x000001c360f082f0 flushing  nmethod 0x000001c34dd23810
Event: 36.379 Thread 0x000001c360f082f0 flushing  nmethod 0x000001c34de18190
Event: 36.379 Thread 0x000001c360f082f0 flushing  nmethod 0x000001c34de18710
Event: 36.379 Thread 0x000001c360f082f0 flushing  nmethod 0x000001c34ded5910
Event: 36.379 Thread 0x000001c360f082f0 flushing  nmethod 0x000001c34dedad90
Event: 36.379 Thread 0x000001c360f082f0 flushing  nmethod 0x000001c34dff9f90
Event: 36.379 Thread 0x000001c360f082f0 flushing  nmethod 0x000001c34dffc510
Event: 36.379 Thread 0x000001c360f082f0 flushing  nmethod 0x000001c34dffcf10
Event: 36.379 Thread 0x000001c360f082f0 flushing  nmethod 0x000001c34e0b3010
Event: 36.379 Thread 0x000001c360f082f0 flushing  nmethod 0x000001c34e102610
Event: 36.379 Thread 0x000001c360f082f0 flushing  nmethod 0x000001c34e10a590
Event: 36.379 Thread 0x000001c360f082f0 flushing  nmethod 0x000001c34e10bb90
Event: 36.379 Thread 0x000001c360f082f0 flushing  nmethod 0x000001c34e10e410
Event: 36.379 Thread 0x000001c360f082f0 flushing  nmethod 0x000001c34dfd2810
Event: 36.379 Thread 0x000001c360f082f0 flushing  nmethod 0x000001c34e095690

Events (20 events):
Event: 83.314 Thread 0x000001c37c9616f0 Thread exited: 0x000001c37c9616f0
Event: 83.332 Thread 0x000001c37f93bdd0 Thread exited: 0x000001c37f93bdd0
Event: 83.341 Thread 0x000001c37c961060 Thread exited: 0x000001c37c961060
Event: 83.343 Thread 0x000001c37a13b8a0 Thread exited: 0x000001c37a13b8a0
Event: 83.345 Thread 0x000001c37b8094a0 Thread exited: 0x000001c37b8094a0
Event: 83.364 Thread 0x000001c37a55bfc0 Thread added: 0x000001c37df8a090
Event: 83.457 Thread 0x000001c37a55bfc0 Thread added: 0x000001c37df8c7f0
Event: 83.497 Thread 0x000001c30117c0f0 Thread exited: 0x000001c30117c0f0
Event: 83.555 Thread 0x000001c37a55bfc0 Thread added: 0x000001c37df8a720
Event: 83.570 Thread 0x000001c37a55bfc0 Thread added: 0x000001c37df8adb0
Event: 83.748 Thread 0x000001c37aea6d40 Thread exited: 0x000001c37aea6d40
Event: 83.750 Thread 0x000001c37a55bfc0 Thread added: 0x000001c37df8dba0
Event: 83.777 Thread 0x000001c37aea4b30 Thread exited: 0x000001c37aea4b30
Event: 84.319 Thread 0x000001c37a037360 Thread added: 0x000001c37aea6670
Event: 84.319 Thread 0x000001c37a037360 Thread added: 0x000001c37aea6d40
Event: 84.483 Thread 0x000001c37a55bfc0 Thread added: 0x000001c37df8e230
Event: 85.166 Thread 0x000001c37aea6670 Thread exited: 0x000001c37aea6670
Event: 85.166 Thread 0x000001c37aea6d40 Thread exited: 0x000001c37aea6d40
Event: 86.352 Thread 0x000001c37a031a60 Thread added: 0x000001c37aea5fa0
Event: 86.950 Thread 0x000001c37aea4460 Thread exited: 0x000001c37aea4460


Dynamic libraries:
0x00007ff7a0660000 - 0x00007ff7a066e000 	C:\Users\Admin\.vscode\extensions\redhat.java-1.56.0-win32-x64\jre\21.0.12.1-win32-x86_64\bin\java.exe
0x00007ffbf0a00000 - 0x00007ffbf0c66000 	C:\Windows\SYSTEM32\ntdll.dll
0x00007ffbefbb0000 - 0x00007ffbefc79000 	C:\Windows\System32\KERNEL32.DLL
0x00007ffbee320000 - 0x00007ffbee71e000 	C:\Windows\System32\KERNELBASE.dll
0x00007ffbedc20000 - 0x00007ffbedd6c000 	C:\Windows\System32\ucrtbase.dll
0x00007ffbb7b40000 - 0x00007ffbb7b58000 	C:\Users\Admin\.vscode\extensions\redhat.java-1.56.0-win32-x64\jre\21.0.12.1-win32-x86_64\bin\jli.dll
0x00007ffbf07f0000 - 0x00007ffbf09b7000 	C:\Windows\System32\USER32.dll
0x00007ffbede10000 - 0x00007ffbede37000 	C:\Windows\System32\win32u.dll
0x00007ffbef120000 - 0x00007ffbef14b000 	C:\Windows\System32\GDI32.dll
0x00007ffbedfc0000 - 0x00007ffbee0ea000 	C:\Windows\System32\gdi32full.dll
0x00007ffbee0f0000 - 0x00007ffbee193000 	C:\Windows\System32\msvcp_win.dll
0x00007ffbb3c30000 - 0x00007ffbb3c4e000 	C:\Users\Admin\.vscode\extensions\redhat.java-1.56.0-win32-x64\jre\21.0.12.1-win32-x86_64\bin\VCRUNTIME140.dll
0x00007ffbdc2f0000 - 0x00007ffbdc582000 	C:\Windows\WinSxS\amd64_microsoft.windows.common-controls_6595b64144ccf1df_6.0.26100.8875_none_3e0d5d42e32fe9dd\COMCTL32.dll
0x00007ffbef150000 - 0x00007ffbef1f9000 	C:\Windows\System32\msvcrt.dll
0x00007ffbeff70000 - 0x00007ffbeffa2000 	C:\Windows\System32\IMM32.DLL
0x00007ffbe3860000 - 0x00007ffbe386c000 	C:\Users\Admin\.vscode\extensions\redhat.java-1.56.0-win32-x64\jre\21.0.12.1-win32-x86_64\bin\vcruntime140_1.dll
0x00007ffba0600000 - 0x00007ffba068d000 	C:\Users\Admin\.vscode\extensions\redhat.java-1.56.0-win32-x64\jre\21.0.12.1-win32-x86_64\bin\msvcp140.dll
0x00007ffb89b20000 - 0x00007ffb8a8c2000 	C:\Users\Admin\.vscode\extensions\redhat.java-1.56.0-win32-x64\jre\21.0.12.1-win32-x86_64\bin\server\jvm.dll
0x00007ffbf0050000 - 0x00007ffbf0107000 	C:\Windows\System32\ADVAPI32.dll
0x00007ffbf0250000 - 0x00007ffbf02fa000 	C:\Windows\System32\sechost.dll
0x00007ffbefa90000 - 0x00007ffbefba8000 	C:\Windows\System32\RPCRT4.dll
0x00007ffbef670000 - 0x00007ffbef6f0000 	C:\Windows\System32\WS2_32.dll
0x00007ffbeda80000 - 0x00007ffbedade000 	C:\Windows\SYSTEM32\POWRPROF.dll
0x00007ffbe5ee0000 - 0x00007ffbe5f16000 	C:\Windows\SYSTEM32\WINMM.dll
0x00007ffbe5f20000 - 0x00007ffbe5f2b000 	C:\Windows\SYSTEM32\VERSION.dll
0x00007ffbeda60000 - 0x00007ffbeda74000 	C:\Windows\SYSTEM32\UMPDC.dll
0x00007ffbec900000 - 0x00007ffbec91b000 	C:\Windows\SYSTEM32\kernel.appcore.dll
0x00007ffbe1d70000 - 0x00007ffbe1d7a000 	C:\Users\Admin\.vscode\extensions\redhat.java-1.56.0-win32-x64\jre\21.0.12.1-win32-x86_64\bin\jimage.dll
0x00007ffbeb3d0000 - 0x00007ffbeb612000 	C:\Windows\SYSTEM32\DBGHELP.DLL
0x00007ffbef700000 - 0x00007ffbefa83000 	C:\Windows\System32\combase.dll
0x00007ffbefe90000 - 0x00007ffbeff69000 	C:\Windows\System32\OLEAUT32.dll
0x00007ffbd8fa0000 - 0x00007ffbd8fdb000 	C:\Windows\SYSTEM32\dbgcore.DLL
0x00007ffbede40000 - 0x00007ffbedeec000 	C:\Windows\System32\bcryptPrimitives.dll
0x00007ffbd32c0000 - 0x00007ffbd32cf000 	C:\Users\Admin\.vscode\extensions\redhat.java-1.56.0-win32-x64\jre\21.0.12.1-win32-x86_64\bin\instrument.dll
0x00007ffbafb00000 - 0x00007ffbafb20000 	C:\Users\Admin\.vscode\extensions\redhat.java-1.56.0-win32-x64\jre\21.0.12.1-win32-x86_64\bin\java.dll
0x00007ffbee730000 - 0x00007ffbeeec2000 	C:\Windows\System32\SHELL32.dll
0x00007ffbeb700000 - 0x00007ffbebf92000 	C:\Windows\SYSTEM32\windows.storage.dll
0x00007ffbef390000 - 0x00007ffbef487000 	C:\Windows\System32\SHCORE.dll
0x00007ffbf0120000 - 0x00007ffbf0187000 	C:\Windows\System32\shlwapi.dll
0x00007ffbedb40000 - 0x00007ffbedb69000 	C:\Windows\SYSTEM32\profapi.dll
0x00007ffbabee0000 - 0x00007ffbabef8000 	C:\Users\Admin\.vscode\extensions\redhat.java-1.56.0-win32-x64\jre\21.0.12.1-win32-x86_64\bin\zip.dll
0x00007ffbd5e60000 - 0x00007ffbd5e70000 	C:\Users\Admin\.vscode\extensions\redhat.java-1.56.0-win32-x64\jre\21.0.12.1-win32-x86_64\bin\net.dll
0x00007ffbe5be0000 - 0x00007ffbe5d07000 	C:\Windows\SYSTEM32\WINHTTP.dll
0x00007ffbeceb0000 - 0x00007ffbecf1c000 	C:\Windows\system32\mswsock.dll
0x00007ffbabb50000 - 0x00007ffbabb66000 	C:\Users\Admin\.vscode\extensions\redhat.java-1.56.0-win32-x64\jre\21.0.12.1-win32-x86_64\bin\nio.dll
0x00007ffbd20d0000 - 0x00007ffbd20e0000 	C:\Users\Admin\.vscode\extensions\redhat.java-1.56.0-win32-x64\jre\21.0.12.1-win32-x86_64\bin\verify.dll
0x00007ffbcd4a0000 - 0x00007ffbcd4c7000 	C:\Users\Admin\.gradle\native\660c5614fbf4a5f2a75b1949f50a0caf5cd603558e7d8a26e50b933a0cfb79d1\windows-amd64\native-platform.dll
0x00007ffbba020000 - 0x00007ffbba097000 	C:\Users\Admin\.gradle\native\0.2.8\x86_64-windows-gnu\gradle-fileevents.dll
0x00007ffbd1880000 - 0x00007ffbd188a000 	C:\Users\Admin\.vscode\extensions\redhat.java-1.56.0-win32-x64\jre\21.0.12.1-win32-x86_64\bin\management.dll
0x00007ffbd1220000 - 0x00007ffbd122c000 	C:\Users\Admin\.vscode\extensions\redhat.java-1.56.0-win32-x64\jre\21.0.12.1-win32-x86_64\bin\management_ext.dll
0x00007ffbf0110000 - 0x00007ffbf0118000 	C:\Windows\System32\PSAPI.DLL
0x00007ffbec2d0000 - 0x00007ffbec303000 	C:\Windows\SYSTEM32\IPHLPAPI.DLL
0x00007ffbefe80000 - 0x00007ffbefe8a000 	C:\Windows\System32\NSI.dll
0x00007ffbd0c00000 - 0x00007ffbd0c09000 	C:\Users\Admin\.vscode\extensions\redhat.java-1.56.0-win32-x64\jre\21.0.12.1-win32-x86_64\bin\extnet.dll
0x00007ffbed1b0000 - 0x00007ffbed1cb000 	C:\Windows\SYSTEM32\CRYPTSP.dll
0x00007ffbec860000 - 0x00007ffbec899000 	C:\Windows\system32\rsaenh.dll
0x00007ffbecf70000 - 0x00007ffbecfa2000 	C:\Windows\SYSTEM32\USERENV.dll
0x00007ffbedb10000 - 0x00007ffbedb3a000 	C:\Windows\SYSTEM32\bcrypt.dll
0x00007ffbed1d0000 - 0x00007ffbed1dc000 	C:\Windows\SYSTEM32\CRYPTBASE.dll
0x00007ffbce950000 - 0x00007ffbce95e000 	C:\Users\Admin\.vscode\extensions\redhat.java-1.56.0-win32-x64\jre\21.0.12.1-win32-x86_64\bin\sunmscapi.dll
0x00007ffbee1a0000 - 0x00007ffbee318000 	C:\Windows\System32\CRYPT32.dll
0x00007ffbed3f0000 - 0x00007ffbed420000 	C:\Windows\SYSTEM32\ncrypt.dll
0x00007ffbed3a0000 - 0x00007ffbed3df000 	C:\Windows\SYSTEM32\NTASN1.dll
0x00007ffbd3460000 - 0x00007ffbd3468000 	C:\Windows\system32\wshunix.dll

JVMTI agents:
C:\Users\Admin\.gradle\wrapper\dists\gradle-9.5.1-bin\iq79hdu3mqx29lgffhp8bfmx\gradle-9.5.1\lib\agents\gradle-instrumentation-agent-9.5.1.jar path:C:\Users\Admin\.vscode\extensions\redhat.java-1.56.0-win32-x64\jre\21.0.12.1-win32-x86_64\bin\instrument.dll, loaded, initialized, instrumentlib options:none

dbghelp: loaded successfully - version: 4.0.5 - missing functions: none
symbol engine: initialized successfully - sym options: 0x614 - pdb path: .;C:\Users\Admin\.vscode\extensions\redhat.java-1.56.0-win32-x64\jre\21.0.12.1-win32-x86_64\bin;C:\Windows\SYSTEM32;C:\Windows\WinSxS\amd64_microsoft.windows.common-controls_6595b64144ccf1df_6.0.26100.8875_none_3e0d5d42e32fe9dd;C:\Users\Admin\.vscode\extensions\redhat.java-1.56.0-win32-x64\jre\21.0.12.1-win32-x86_64\bin\server;C:\Users\Admin\.gradle\native\660c5614fbf4a5f2a75b1949f50a0caf5cd603558e7d8a26e50b933a0cfb79d1\windows-amd64;C:\Users\Admin\.gradle\native\0.2.8\x86_64-windows-gnu

VM Arguments:
jvm_args: --add-opens=java.base/java.lang=ALL-UNNAMED --add-opens=java.base/java.lang.invoke=ALL-UNNAMED --add-opens=java.base/java.util=ALL-UNNAMED --add-opens=java.prefs/java.util.prefs=ALL-UNNAMED --add-exports=jdk.compiler/com.sun.tools.javac.api=ALL-UNNAMED --add-exports=jdk.compiler/com.sun.tools.javac.util=ALL-UNNAMED --add-opens=java.base/java.nio.charset=ALL-UNNAMED --add-opens=java.base/java.net=ALL-UNNAMED --add-opens=java.base/java.util.concurrent=ALL-UNNAMED --add-opens=java.base/java.util.concurrent.atomic=ALL-UNNAMED --add-opens=java.xml/javax.xml.namespace=ALL-UNNAMED --add-opens=java.base/java.time=ALL-UNNAMED -XX:MaxMetaspaceSize=384m -XX:+HeapDumpOnOutOfMemoryError -Xms256m -Xmx512m -Dfile.encoding=UTF-8 -Duser.country=US -Duser.language=en -Duser.variant -javaagent:C:\Users\Admin\.gradle\wrapper\dists\gradle-9.5.1-bin\iq79hdu3mqx29lgffhp8bfmx\gradle-9.5.1\lib\agents\gradle-instrumentation-agent-9.5.1.jar 
java_command: org.gradle.launcher.daemon.bootstrap.GradleDaemon 9.5.1
java_class_path (initial): C:\Users\Admin\.gradle\wrapper\dists\gradle-9.5.1-bin\iq79hdu3mqx29lgffhp8bfmx\gradle-9.5.1\lib\gradle-daemon-main-9.5.1.jar
Launcher Type: SUN_STANDARD

[Global flags]
     intx CICompilerCount                          = 12                                        {product} {ergonomic}
   size_t CompressedClassSpaceSize                 = 335544320                                 {product} {ergonomic}
     uint ConcGCThreads                            = 3                                         {product} {ergonomic}
     uint G1ConcRefinementThreads                  = 13                                        {product} {ergonomic}
   size_t G1HeapRegionSize                         = 1048576                                   {product} {ergonomic}
    uintx GCDrainStackTargetSize                   = 64                                        {product} {ergonomic}
     bool HeapDumpOnOutOfMemoryError               = true                                   {manageable} {command line}
   size_t InitialHeapSize                          = 268435456                                 {product} {command line}
   size_t MarkStackSize                            = 4194304                                   {product} {ergonomic}
   size_t MaxHeapSize                              = 536870912                                 {product} {command line}
   size_t MaxMetaspaceSize                         = 402653184                                 {product} {command line}
   size_t MaxNewSize                               = 321912832                                 {product} {ergonomic}
   size_t MinHeapDeltaBytes                        = 1048576                                   {product} {ergonomic}
   size_t MinHeapSize                              = 268435456                                 {product} {command line}
    uintx NonNMethodCodeHeapSize                   = 7602480                                {pd product} {ergonomic}
    uintx NonProfiledCodeHeapSize                  = 122027880                              {pd product} {ergonomic}
    uintx ProfiledCodeHeapSize                     = 122027880                              {pd product} {ergonomic}
    uintx ReservedCodeCacheSize                    = 251658240                              {pd product} {ergonomic}
     bool SegmentedCodeCache                       = true                                      {product} {ergonomic}
   size_t SoftMaxHeapSize                          = 536870912                              {manageable} {ergonomic}
     bool UseCompressedOops                        = true                           {product lp64_product} {ergonomic}
     bool UseG1GC                                  = true                                      {product} {ergonomic}
     bool UseLargePagesIndividualAllocation        = false                                  {pd product} {ergonomic}

Logging:
Log output configuration:
 #0: stdout all=warning uptime,level,tags foldmultilines=false
 #1: stderr all=off uptime,level,tags foldmultilines=false

Release file:
JAVA_VERSION="21.0.12.1" 
MODULES="java.base java.compiler java.datatransfer java.xml java.prefs java.desktop java.instrument java.logging java.management java.security.sasl java.naming java.rmi java.management.rmi java.net.http java.scripting java.security.jgss java.transaction.xa java.sql java.sql.rowset java.xml.crypto java.se java.smartcardio jdk.accessibility jdk.internal.jvmstat jdk.attach jdk.charsets jdk.internal.opt jdk.zipfs jdk.compiler jdk.crypto.ec jdk.crypto.cryptoki jdk.crypto.mscapi jdk.dynalink jdk.internal.ed jdk.editpad jdk.hotspot.agent jdk.httpserver jdk.internal.le jdk.internal.vm.ci jdk.internal.vm.compiler jdk.internal.vm.compiler.management jdk.jartool jdk.javadoc jdk.jcmd jdk.management jdk.management.agent jdk.jconsole jdk.jdeps jdk.jdwp.agent jdk.jdi jdk.jfr jdk.jshell jdk.jsobject jdk.jstatd jdk.localedata jdk.management.jfr jdk.naming.dns jdk.naming.rmi jdk.net jdk.nio.mapmode jdk.random jdk.sctp jdk.security.auth jdk.security.jgss jdk.unsupported jdk.unsupported.desktop jdk.xml.dom" 

Environment Variables:
PATH=C:\Program Files\Eclipse Adoptium\jdk-17.0.20.8-hotspot\bin;C:\Windows\system32;C:\Windows;C:\Windows\System32\Wbem;C:\Windows\System32\WindowsPowerShell\v1.0\;C:\Windows\System32\OpenSSH\;C:\Program Files\Git\cmd;C:\Users\Admin\AppData\Local\Programs\Python\Python312\Scripts\;C:\Users\Admin\AppData\Local\Programs\Python\Python312\;C:\Users\Admin\AppData\Local\Programs\Python\Launcher\;C:\Users\Admin\AppData\Local\Microsoft\WindowsApps;C:\Users\Admin\AppData\Local\Programs\Microsoft VS Code\bin;C:\Program Files\swipl\bin;C:\Program Files (x86)\flutter\bin;
USERNAME=Admin
OS=Windows_NT
PROCESSOR_IDENTIFIER=AMD64 Family 25 Model 80 Stepping 0, AuthenticAMD
TMP=C:\Users\Admin\AppData\Local\Temp
TEMP=C:\Users\Admin\AppData\Local\Temp




Periodic native trim disabled

---------------  S Y S T E M  ---------------

OS:
 Windows 11 , 64 bit Build 26100 (10.0.26100.8875)
OS uptime: 3 days 21:52 hours

CPU: total 16 (initial active 16) (16 cores per cpu, 2 threads per core) family 25 model 80 stepping 0 microcode 0xa500011, cx8, cmov, fxsr, ht, mmx, 3dnowpref, sse, sse2, sse3, ssse3, sse4a, sse4.1, sse4.2, popcnt, lzcnt, tsc, tscinvbit, avx, avx2, aes, erms, clmul, bmi1, bmi2, adx, sha, fma, vzeroupper, clflush, clflushopt, rdtscp, rdpid, fsrm, f16c, pku, cet_ss
Processor Information for the first 16 processors :
  Max Mhz: 3201, Current Mhz: 1882, Mhz Limit: 3201

Memory: 4k page, system-wide physical 14182M (1644M free)
TotalPageFile size 42805M (AvailPageFile size 530M)
current process WorkingSet (physical memory assigned to process): 237M, peak: 361M
current process commit charge ("private bytes"): 494M, peak: 542M

vm_info: OpenJDK 64-Bit Server VM (21.0.12.1+1-LTS) for windows-amd64 JRE (21.0.12.1+1-LTS), built on 2026-08-18T00:00:00Z by "admin" with MS VC++ 17.12 (VS2022)

END.
